version,profile,method,basket_value,distance_m,impulse_revenue,n_dominate_current,n_worse_revenue
model,Cân bằng,chọn bằng mô phỏng,2.6028356652240907,-1.9289432305810965,12.511579043243788,5,0
model,Cân bằng,theo mô hình,-2.164844786667726,-4.982273908776655,-9.756432632885314,3,7
model,Cân bằng,tinh chỉnh,6.071165630102087,-0.9447130317559299,28.807087581333825,10,0
model,Giá trị,chọn bằng mô phỏng,10.265716923501282,6.422485578124858,48.09813062050036,1,0
model,Giá trị,theo mô hình,9.280643525252481,8.207301406547618,43.4543160848843,1,1
model,Giá trị,tinh chỉnh,16.39027695130659,7.379693026332151,76.76163867742528,0,0
model,Tiện lợi,chọn bằng mô phỏng,-3.9630462935350934,-7.6950467695176865,-18.842925586273747,0,8
model,Tiện lợi,theo mô hình,-5.825359102750346,-7.050911633565205,-27.234875598910556,0,10
model,Tiện lợi,tinh chỉnh,-4.779625088253166,-9.927781775829143,-22.694388569397653,0,10
route,Cân bằng,chọn bằng mô phỏng,10.80184757805965,-0.840562781694776,50.8574431261861,10,0
route,Cân bằng,theo mô hình,7.33399155957851,-4.472540493836389,34.17771568872122,6,1
route,Cân bằng,tinh chỉnh,12.097349058020935,-0.6528155758677816,56.99005131158712,8,0
route,Giá trị,chọn bằng mô phỏng,16.95202284916855,6.151276469366804,79.44576867483862,0,0
route,Giá trị,theo mô hình,17.078198873508107,6.923936570665053,80.05029916222612,0,0
route,Giá trị,tinh chỉnh,18.297277506097895,7.25340786665044,85.77859367546414,0,0
route,Tiện lợi,chọn bằng mô phỏng,-4.86825901804752,-10.558252414786757,-23.183055641498566,1,9
route,Tiện lợi,theo mô hình,-5.010252998602125,-10.545137721744524,-23.877558540431902,1,9
route,Tiện lợi,tinh chỉnh,-4.592870402915919,-11.111058716941779,-21.823801494807057,0,10
