version,instance,plan,distance_m,trip_time_min,impulse_revenue,basket_value,congestion_cells
model,grid_small,Hiện trạng,0.0,0.0,0.0,0.0,0.0
model,grid_small,Tiện lợi – theo mô hình,0.40201973245580946,-7.60785285429919,-29.90585345218951,-6.960236434064412,-0.996932515337432
model,grid_small,Tiện lợi – chọn bằng mô phỏng,0.0,0.0,0.0,0.0,0.0
model,grid_small,Tiện lợi – tinh chỉnh,-2.2435270082636407,-0.8220602877995885,-4.209901729293852,-0.9798052226433769,0.46012269938649325
model,grid_small,Cân bằng – theo mô hình,4.2822976750445365,-3.0548385574027233,-15.609042828487993,-3.6328215400841555,-1.3036809815950996
model,grid_small,Cân bằng – chọn bằng mô phỏng,0.0,0.0,0.0,0.0,0.0
model,grid_small,Cân bằng – tinh chỉnh,-0.03792350462116651,3.4398210220146526,14.498454255666852,3.374345082952995,2.3006134969325154
model,grid_small,Giá trị – theo mô hình,8.885339507116782,4.644203228244252,15.650854947808204,3.642552820174263,20.628834355828207
model,grid_small,Giá trị – chọn bằng mô phỏng,7.964777015909513,5.012964683295739,14.840531185076072,3.4539594738658974,19.785276073619634
model,grid_small,Giá trị – tinh chỉnh,8.710554967673295,14.161594376171395,59.524727426549646,13.853681762480885,7.1319018404908
model,racetrack_small,Hiện trạng,0.0,0.0,0.0,0.0,0.0
model,racetrack_small,Tiện lợi – theo mô hình,-3.5285678951273645,-8.618624973968602,-25.920790704729164,-5.803958092768949,-1.251646903820816
model,racetrack_small,Tiện lợi – chọn bằng mô phỏng,-5.188226564432354,-9.342184259097076,-27.500880493659185,-6.157758060610513,0.5928853754940655
model,racetrack_small,Tiện lợi – tinh chỉnh,-9.016819193668063,-8.008307097461447,-19.736426044102693,-4.419208926373773,-2.766798418972329
model,racetrack_small,Cân bằng – theo mô hình,-1.7368909225822264,-3.1074132371150323,-6.709575914835099,-1.502349904119655,14.624505928853752
model,racetrack_small,Cân bằng – chọn bằng mô phỏng,-0.8754019292604465,4.457774922280764,18.63912956667708,4.173511839318504,15.5467720685112
model,racetrack_small,Cân bằng – tinh chỉnh,-0.2917388078159618,7.3974640291007105,30.676056313889305,6.868715824504137,13.768115942028988
model,racetrack_small,Giá trị – theo mô hình,8.941503833786797,11.445059426219355,43.47376385974136,9.734267231702798,18.313570487483528
model,racetrack_small,Giá trị – chọn bằng mô phỏng,6.952510511996037,12.230872332502146,48.19612342850084,10.791656928964823,14.097496706192356
model,racetrack_small,Giá trị – tinh chỉnh,7.862292851842691,16.554960515569835,64.80193391541597,14.509885638127406,16.798418972332016
model,free_small,Hiện trạng,0.0,0.0,0.0,0.0,0.0
model,free_small,Tiện lợi – theo mô hình,2.9563891326023066,-10.22282888522617,-34.01835280488643,-7.529867899756276,-3.5820895522388057
model,free_small,Tiện lợi – chọn bằng mô phỏng,0.0,0.0,0.0,0.0,0.0
model,free_small,Tiện lợi – tinh chỉnh,-2.8039450581510152,-2.2941791929930893,-9.688753753923516,-2.144578730744197,-13.671641791044774
model,free_small,Cân bằng – theo mô hình,4.380322585126651,-10.55920892876087,-35.367199601320934,-7.828431391422505,4.000000000000002
model,free_small,Cân bằng – chọn bằng mô phỏng,0.0,0.0,0.0,0.0,0.0
model,free_small,Cân bằng – tinh chỉnh,-0.1484900395723776,5.674891515402017,22.198266302660347,4.913524585430075,-15.223880597014924
model,free_small,Giá trị – theo mô hình,7.352527857244407,22.33180060201061,83.78052821498054,18.544587201176633,-1.0149253731343342
model,free_small,Giá trị – chọn bằng mô phỏng,7.352527857244407,22.33180060201061,83.78052821498054,18.544587201176633,-1.0149253731343342
model,free_small,Giá trị – tinh chỉnh,4.184277261200342,23.844376226886183,93.0878233288137,20.604731121523727,-4.65671641791045
model,grid_medium,Hiện trạng,0.0,0.0,0.0,0.0,0.0
model,grid_medium,Tiện lợi – theo mô hình,-4.479715630855279,-9.98295839898459,-20.83809061961794,-4.439054699914612,1.9279553526128854
model,grid_medium,Tiện lợi – chọn bằng mô phỏng,-4.492136638760147,-6.4554731084631305,-5.8378945041309,-1.2436232046985762,3.7037037037037095
model,grid_medium,Tiện lợi – tinh chỉnh,-8.374253120958066,-10.545678417158348,-22.449232831871985,-4.782269850481435,-4.46473871131406
model,grid_medium,Cân bằng – theo mô hình,-2.6388167527264828,-5.000498855314417,0.9071232710636947,0.1932408248587701,4.008117706747832
model,grid_medium,Cân bằng – chọn bằng mô phỏng,-0.8748418000006448,-0.153789904224398,19.607982970044272,4.177009810921745,6.392694063926944
model,grid_medium,Cân bằng – tinh chỉnh,-0.6250308726788801,4.519950635392838,39.97175936986311,8.515023258781678,4.211060375443935
model,grid_medium,Giá trị – theo mô hình,12.268790611060856,3.936815915934615,22.38248225154845,4.768050242614447,30.644342973110085
model,grid_medium,Giá trị – chọn bằng mô phỏng,5.870388940603187,8.100272118900422,47.38449689246095,10.094128942674908,6.8493150684931505
model,grid_medium,Giá trị – tinh chỉnh,7.614077845669732,21.882802398019017,96.9405984018371,20.650866089577438,17.60527650938609
model,racetrack_medium,Hiện trạng,0.0,0.0,0.0,0.0,0.0
model,racetrack_medium,Tiện lợi – theo mô hình,-8.75999402792595,-10.89602651788467,-24.769822034485134,-5.399810546734974,-8.059570740254042
model,racetrack_medium,Tiện lợi – chọn bằng mô phỏng,-9.013114761192805,-12.3818480294849,-30.45301571913302,-6.638744324893481,-8.36618484450284
model,racetrack_medium,Tiện lợi – tinh chỉnh,-11.036609246761339,-11.383386088116008,-27.449761096876948,-5.98403610933945,-11.476127901883489
model,racetrack_medium,Cân bằng – theo mô hình,-7.346992649588536,-9.854208491529487,-21.233017104078662,-4.628788593554803,-10.074463425317553
model,racetrack_medium,Cân bằng – chọn bằng mô phỏng,0.052796596783302376,-0.3592462613280715,9.31188975832699,2.029987961037522,3.2413491020586975
model,racetrack_medium,Cân bằng – tinh chỉnh,-0.14570995194211742,3.063820903311981,18.61484661727025,4.0580285538526395,5.12483574244416
model,racetrack_medium,Giá trị – theo mô hình,8.563997481342696,25.047779233550337,89.16003046880411,19.43684828265523,3.28515111695138
model,racetrack_medium,Giá trị – chọn bằng mô phỏng,8.563997481342696,25.047779233550337,89.16003046880411,19.43684828265523,3.28515111695138
model,racetrack_medium,Giá trị – tinh chỉnh,5.058303454931392,31.458624482959323,112.47441312928466,24.519373672034497,2.803328953131853
model,free_medium,Hiện trạng,0.0,0.0,0.0,0.0,0.0
model,free_medium,Tiện lợi – theo mô hình,-2.865204342783624,-17.311067813903545,-44.33330973472211,-9.19741741310786,6.197576887232065
model,free_medium,Tiện lợi – chọn bằng mô phỏng,-3.875753731638979,-14.256312237243439,-28.132715639684605,-5.836431573702117,10.810810810810814
model,free_medium,Tiện lợi – tinh chỉnh,-6.430567372981228,-18.993736354181216,-49.20044955354378,-10.207157421005386,-8.014911463187328
model,free_medium,Cân bằng – theo mô hình,-0.6442520974205216,-10.631563764239194,-15.938723256136365,-3.3066579440127257,12.954333643988814
model,free_medium,Cân bằng – chọn bằng mô phỏng,0.0,0.0,0.0,0.0,0.0
model,free_medium,Cân bằng – tinh chỉnh,-0.060170936497508515,6.9160081121825865,28.131756946103724,5.836232682505232,-4.566635601118358
model,free_medium,Giá trị – theo mô hình,9.049883452388041,16.678674070077037,74.29875251841428,15.41406775794698,32.525629077353216
model,free_medium,Giá trị – chọn bằng mô phỏng,4.8023928692067885,17.340123430653446,85.57394772317649,17.753227124414266,21.901211556383977
model,free_medium,Giá trị – tinh chỉnh,6.455179703590985,35.11484664124529,136.11302849827288,28.238097853550908,12.068965517241388
model,grid_large,Hiện trạng,0.0,0.0,0.0,0.0,0.0
model,grid_large,Tiện lợi – theo mô hình,-14.494175774111376,-13.03393155290061,-27.42728906524138,-5.472636153687432,-22.0265780730897
model,grid_large,Tiện lợi – chọn bằng mô phỏng,-14.494175774111376,-13.03393155290061,-27.42728906524138,-5.472636153687432,-22.0265780730897
model,grid_large,Tiện lợi – tinh chỉnh,-15.065323746615919,-13.418259366538814,-25.262004859181133,-5.0405915356099324,-18.13953488372092
model,grid_large,Cân bằng – theo mô hình,-11.702266752821147,-7.455168610731449,0.6651687971725606,0.13272280753132082,-15.348837209302317
model,grid_large,Cân bằng – chọn bằng mô phỏng,-5.599274959604929,-3.371097526740013,11.723408257939532,2.3392012139524696,-6.910299003322249
model,grid_large,Cân bằng – tinh chỉnh,-0.7090420799000745,2.0169077160074576,24.01438808606701,4.79165141461402,-9.501661129568104
model,grid_large,Giá trị – theo mô hình,12.349454094715997,11.076841662687302,30.306107064758393,6.0470539689723575,10.19933554817276
model,grid_large,Giá trị – chọn bằng mô phỏng,12.349454094715997,11.076841662687302,30.306107064758393,6.0470539689723575,10.19933554817276
model,grid_large,Giá trị – tinh chỉnh,15.280746068299008,18.547460695851107,56.58951393512285,11.29144842365875,20.132890365448507
model,racetrack_large,Hiện trạng,0.0,0.0,0.0,0.0,0.0
model,racetrack_large,Tiện lợi – theo mô hình,-22.597531516888196,-9.901064663620911,-14.042095868892103,-2.865522432428178,-23.320158102766797
model,racetrack_large,Tiện lợi – chọn bằng mô phỏng,-22.597531516888196,-9.901064663620911,-14.042095868892103,-2.865522432428178,-23.320158102766797
model,racetrack_large,Tiện lợi – tinh chỉnh,-22.709172869745178,-9.632676961277044,-13.308479492338252,-2.7158158499180556,-23.82081686429513
model,racetrack_large,Cân bằng – theo mô hình,-21.283355314775175,-5.619038817285081,-1.11213155413037,-0.22694887899402927,-19.947299077733863
model,racetrack_large,Cân bằng – chọn bằng mô phỏng,-11.065734353572179,4.828608562730345,21.41698025831911,4.370489842690968,-14.993412384716734
model,racetrack_large,Cân bằng – tinh chỉnh,-6.6033376171367015,11.941060140778285,47.75537127046453,9.745275130018785,-14.808959156785244
model,racetrack_large,Giá trị – theo mô hình,-0.8684309937392639,10.020902772123062,30.663361469022885,6.257367202412656,-8.27404479578393
model,racetrack_large,Giá trị – chọn bằng mô phỏng,-0.8684309937392639,10.020902772123062,30.663361469022885,6.257367202412656,-8.27404479578393
model,racetrack_large,Giá trị – tinh chỉnh,2.5400516868530607,19.260258913326822,64.52665496616326,13.167733579195714,-8.43214756258235
model,free_large,Hiện trạng,0.0,0.0,0.0,0.0,0.0
model,free_large,Tiện lợi – theo mô hình,-14.38322177929225,-10.238424701045625,-19.07427881204065,-3.838421861399894,-6.0800604229607185
model,free_large,Tiện lợi – chọn bằng mô phỏng,-14.38322177929225,-10.238424701045625,-19.07427881204065,-3.838421861399894,-6.0800604229607185
model,free_large,Tiện lợi – tinh chỉnh,-14.864443595939267,-10.491551997081132,-21.19865217635237,-4.265921178344041,-10.536253776435043
model,free_large,Cân bằng – theo mô hình,-11.257147709411482,-1.677695901237818,19.11777615698646,3.847175070965432,-12.27341389728096
model,free_large,Cân bằng – chọn bằng mô phỏng,-0.9269758601560706,8.355920503775822,44.41639962113089,8.938155984319701,1.2084592145015063
model,free_large,Cân bằng – tinh chỉnh,-0.6665130114931404,9.734041939701664,52.70934334850348,10.606990586779864,-6.419939577039281
model,free_large,Giá trị – theo mô hình,11.237238003969216,14.72224037491218,51.076179758223375,10.278340109876035,21.94108761329306
model,free_large,Giá trị – chọn bằng mô phỏng,11.237238003969216,14.72224037491218,51.076179758223375,10.278340109876035,21.94108761329306
model,free_large,Giá trị – tinh chỉnh,11.097003589330939,17.31092929054411,56.93848656961724,11.458044299209972,22.09214501510574
model,case_minimart_n30,Hiện trạng,0.0,0.0,0.0,0.0,0.0
model,case_minimart_n30,Tiện lợi – theo mô hình,-2.759114233726125,-10.909953959369718,-32.018872892301125,-6.746665493640866,-9.595202398800607
model,case_minimart_n30,Tiện lợi – chọn bằng mô phỏng,-2.906306928860767,-11.186265035231294,-35.96108575995562,-7.577325323930743,-10.99450274862569
model,case_minimart_n30,Tiện lợi – tinh chỉnh,-6.733156545207709,-10.587966896299733,-34.44022415649202,-7.256866058072011,-23.488255872063974
model,case_minimart_n30,Cân bằng – theo mô hình,-1.875637148612164,-7.429078861484465,-22.28470429508643,-4.695588317844908,-11.494252873563227
model,case_minimart_n30,Cân bằng – chọn bằng mô phỏng,0.0,0.0,0.0,0.0,0.0
model,case_minimart_n30,Cân bằng – tinh chỉnh,-0.15917349590137195,2.549090748031713,9.500633302849632,2.001869181581445,-0.09995002498750057
model,case_minimart_n30,Giá trị – theo mô hình,4.292710217590644,-1.5080884806670964,-6.24889970445865,-1.3166995650065894,4.297851074462758
model,case_minimart_n30,Giá trị – chọn bằng mô phỏng,0.0,0.0,0.0,0.0,0.0
model,case_minimart_n30,Giá trị – tinh chỉnh,4.994442833930065,7.552655092321011,26.6192066031754,5.608907073706604,4.897551224387804
route,grid_small,Hiện trạng,0.0,0.0,0.0,0.0,0.0
route,grid_small,Tiện lợi – theo mô hình,-3.485215949892033,0.6412823410889992,0.4441213219802257,0.10336402575278614,-6.134969325153385
route,grid_small,Tiện lợi – chọn bằng mô phỏng,-3.485215949892033,0.6412823410889992,0.4441213219802257,0.10336402575278614,-6.134969325153385
route,grid_small,Tiện lợi – tinh chỉnh,-3.5861414057386765,-1.7648939874777485,-7.541096912016054,-1.7551018085384833,-4.064417177914108
route,grid_small,Cân bằng – theo mô hình,-0.12248680323205695,9.023902405307542,29.509412617153398,6.86796948209862,-3.1441717791411055
route,grid_small,Cân bằng – chọn bằng mô phỏng,-0.12248680323205695,9.023902405307542,29.509412617153398,6.86796948209862,-3.1441717791411055
route,grid_small,Cân bằng – tinh chỉnh,0.09824940209314692,9.048778062579002,28.99967968493388,6.7493351240406225,-4.064417177914108
route,grid_small,Giá trị – theo mô hình,8.491500853278867,17.193087985591482,63.30990604906442,14.734637666313818,7.592024539877293
route,grid_small,Giá trị – chọn bằng mô phỏng,8.479038088655365,16.895306906060245,62.491350270637724,14.544128414958491,6.211656441717781
route,grid_small,Giá trị – tinh chỉnh,8.211509171983092,18.24901845364064,68.02986673100138,15.833153124442736,10.199386503067478
route,racetrack_small,Hiện trạng,0.0,0.0,0.0,0.0,0.0
route,racetrack_small,Tiện lợi – theo mô hình,-7.093989611674491,-10.609021656641966,-31.946280889045834,-7.153133467723247,-2.1739130434782634
route,racetrack_small,Tiện lợi – chọn bằng mô phỏng,-7.093989611674491,-10.609021656641966,-31.946280889045834,-7.153133467723247,-2.1739130434782634
route,racetrack_small,Tiện lợi – tinh chỉnh,-7.709374227059104,-9.873081209667681,-27.505422212776992,-6.158775002868529,-1.8445322793148955
route,racetrack_small,Cân bằng – theo mô hình,0.08922829581993205,13.299982053391707,54.356237022894476,12.170976007453994,-6.389986824769435
route,racetrack_small,Cân bằng – chọn bằng mô phỏng,-0.7177838238931454,12.006133553278664,47.515208332083574,10.639192340621175,-8.234519104084331
route,racetrack_small,Cân bằng – tinh chỉnh,-0.3099183774424871,12.997416177599375,50.75619623311525,11.364886173461171,-7.773386034255607
route,racetrack_small,Giá trị – theo mô hình,7.833044768736076,19.533299760532906,76.03214851592897,17.02445765318125,17.259552042160742
route,racetrack_small,Giá trị – chọn bằng mô phỏng,7.833044768736076,19.533299760532906,76.03214851592897,17.02445765318125,17.259552042160742
route,racetrack_small,Giá trị – tinh chỉnh,9.41578036111798,22.27710584100725,86.49027086641426,19.36614948437188,9.68379446640316
route,free_small,Hiện trạng,0.0,0.0,0.0,0.0,0.0
route,free_small,Tiện lợi – theo mô hình,-3.3212289995329844,-3.589661923164812,-10.22719662688283,-2.2637615650278904,-12.835820895522398
route,free_small,Tiện lợi – chọn bằng mô phỏng,-3.3212289995329844,-3.589661923164812,-10.22719662688283,-2.2637615650278904,-12.835820895522398
route,free_small,Tiện lợi – tinh chỉnh,-4.273029314359666,-1.0506177411399493,-1.277529859618707,-0.28277768580084295,-3.8208955223880587
route,free_small,Cân bằng – theo mô hình,0.03681527069644859,19.259685557299886,75.15622322896995,16.63562124846472,-5.313432835820898
route,free_small,Cân bằng – chọn bằng mô phỏng,-0.27560691763742245,14.842613312939454,58.3449948121277,12.914502535354437,-5.134328358208957
route,free_small,Cân bằng – tinh chỉnh,-0.5022692954230374,16.175641753096546,65.18646334961733,14.428842592414354,-5.014925373134337
route,free_small,Giá trị – theo mô hình,3.9058383996631627,23.485562535746826,91.60182188681999,20.27580883004075,-3.6417910447761286
route,free_small,Giá trị – chọn bằng mô phỏng,2.7280169018961256,23.483967653315517,91.55372644040641,20.26516303657304,-13.313432835820901
route,free_small,Giá trị – tinh chỉnh,2.7197882347157964,23.28391463136171,90.65008866782567,20.065145325668862,-12.000000000000004
route,grid_medium,Hiện trạng,0.0,0.0,0.0,0.0,0.0
route,grid_medium,Tiện lợi – theo mô hình,-7.9802817698449235,-6.773809104126125,-18.235816393115257,-3.884702679545363,-11.466260781329282
route,grid_medium,Tiện lợi – chọn bằng mô phỏng,-7.9802817698449235,-6.773809104126125,-18.235816393115257,-3.884702679545363,-11.466260781329282
route,grid_medium,Tiện lợi – tinh chỉnh,-9.115197414895706,-9.344902268166948,-25.258177124376427,-5.380647964438829,-12.328767123287673
route,grid_medium,Cân bằng – theo mô hình,0.3419853566388098,9.348953666872026,58.998527350978975,12.568219176417315,0.2029426686960818
route,grid_medium,Cân bằng – chọn bằng mô phỏng,-0.5430714035307165,8.139218209156226,46.138414745032044,9.82868107060278,7.356671740233376
route,grid_medium,Cân bằng – tinh chỉnh,-0.6781678485807122,10.610319556455838,54.78789218640242,11.671244489142365,6.494165398274985
route,grid_medium,Giá trị – theo mô hình,12.20169798535092,22.053639659414817,89.44663341023437,19.05445684440165,15.271435819381022
route,grid_medium,Giá trị – chọn bằng mô phỏng,7.867293759714427,21.64446819027897,88.87376224384647,18.932420402098884,10.806697108066961
route,grid_medium,Giá trị – tinh chỉnh,12.130528967085286,24.810948348823036,96.85516336420066,20.632666206858833,20.903094875697615
route,racetrack_medium,Hiện trạng,0.0,0.0,0.0,0.0,0.0
route,racetrack_medium,Tiện lợi – theo mô hình,-11.209929222267194,-11.738382765136574,-24.616577799321384,-5.366403369399906,-18.878668418747257
route,racetrack_medium,Tiện lợi – chọn bằng mô phỏng,-11.245458735348409,-11.756342146713154,-24.413960252060093,-5.322232831269582,-18.177836180464297
route,racetrack_medium,Tiện lợi – tinh chỉnh,-11.216766814309617,-12.993002337361634,-27.45433141749185,-5.985032437267221,-22.689443714410853
route,racetrack_medium,Cân bằng – theo mô hình,-6.973305261700173,-8.635948357233152,-19.142926390139195,-4.173149717140992,-9.110819097678482
route,racetrack_medium,Cân bằng – chọn bằng mô phỏng,-0.9692935858626488,12.177751447748367,60.28356761997091,13.141791805202796,-14.76127901883487
route,racetrack_medium,Cân bằng – tinh chỉnh,-0.8212034594753634,13.142019772854802,67.13018489024304,14.634351424484763,-11.081909767849309
route,racetrack_medium,Giá trị – theo mô hình,6.711702452228801,26.39899669698727,98.53458901738104,21.480498013005096,-2.452912833990355
route,racetrack_medium,Giá trị – chọn bằng mô phỏng,6.711702452228801,26.39899669698727,98.53458901738104,21.480498013005096,-2.452912833990355
route,racetrack_medium,Giá trị – tinh chỉnh,11.535493810464548,31.692328821161855,105.61041479121945,23.023024987451578,5.431449846692957
route,free_medium,Hiện trạng,0.0,0.0,0.0,0.0,0.0
route,free_medium,Tiện lợi – theo mô hình,-6.301327454131433,-18.827815142231838,-47.52480066548084,-9.859526207510525,-13.560111835973899
route,free_medium,Tiện lợi – chọn bằng mô phỏng,-6.301327454131433,-18.827815142231838,-47.52480066548084,-9.859526207510525,-13.560111835973899
route,free_medium,Tiện lợi – tinh chỉnh,-6.642005089010701,-15.97992665886939,-37.665079660062,-7.814022043570321,-9.226467847157494
route,free_medium,Cân bằng – theo mô hình,-4.630207287533126,13.741755994021537,38.34486715456799,7.955051201478771,-15.703634669151914
route,free_medium,Cân bằng – chọn bằng mô phỏng,-0.4386232943453304,21.368630405306735,81.19987138756886,16.845778389002724,0.8853681267474464
route,free_medium,Cân bằng – tinh chỉnh,-0.1373992590110218,29.78579984289323,106.4848246180712,22.09141131204395,-2.143522833178003
route,free_medium,Giá trị – theo mô hình,4.240137103776718,36.91679631185044,137.88978268628892,28.60670443865488,6.896551724137937
route,free_medium,Giá trị – chọn bằng mô phỏng,4.240137103776718,36.91679631185044,137.88978268628892,28.60670443865488,6.896551724137937
route,free_medium,Giá trị – tinh chỉnh,6.244950778696535,41.57409156859187,153.99657230172005,31.94822953941238,11.742777260018647
route,grid_large,Hiện trạng,0.0,0.0,0.0,0.0,0.0
route,grid_large,Tiện lợi – theo mô hình,-15.460409042540078,-13.76438646113384,-23.794977778785846,-4.747871922690383,-15.780730897009962
route,grid_large,Tiện lợi – chọn bằng mô phỏng,-15.460409042540078,-13.76438646113384,-23.794977778785846,-4.747871922690383,-15.780730897009962
route,grid_large,Tiện lợi – tinh chỉnh,-15.680324968822235,-13.751781557802351,-23.131943712483775,-4.615575063393086,-21.16279069767442
route,grid_large,Cân bằng – theo mô hình,-2.7058537862272884,3.926724898423591,30.28789514201963,6.04342009810123,-3.8538205980066382
route,grid_large,Cân bằng – chọn bằng mô phỏng,-0.26598890837620415,4.856498339776053,32.43716886655131,6.472270104423888,-1.5614617940199298
route,grid_large,Cân bằng – tinh chỉnh,-0.47772972267691793,5.229673230075769,35.19924377158914,7.023393875663037,-2.358803986710957
route,grid_large,Giá trị – theo mô hình,12.439596885769623,14.881736561906076,54.81441850598191,10.937259156223181,21.993355481727587
route,grid_large,Giá trị – chọn bằng mô phỏng,11.646123765240045,14.473918114369265,51.95921596671955,10.367553393276678,10.631229235880404
route,grid_large,Giá trị – tinh chỉnh,11.571437891210943,15.701592272711814,57.12126205289067,11.397549466566398,9.966777408637874
route,racetrack_large,Hiện trạng,0.0,0.0,0.0,0.0,0.0
route,racetrack_large,Tiện lợi – theo mô hình,-25.919049239367105,-17.16113081637613,-30.386155528487865,-6.200798735111088,-35.5467720685112
route,racetrack_large,Tiện lợi – chọn bằng mô phỏng,-26.038119288457455,-14.163286735389766,-23.690211659772178,-4.83438039263333,-37.15415019762846
route,racetrack_large,Tiện lợi – tinh chỉnh,-26.004561266356017,-14.324597808632294,-23.811886518088453,-4.859210164429742,-38.12911725955204
route,racetrack_large,Cân bằng – theo mô hình,-17.57085851356709,1.732788907666572,17.365972808652685,3.5438146206061254,-24.453227931488804
route,racetrack_large,Cân bằng – chọn bằng mô phỏng,-1.1787489606855706,21.603671867419,68.63571092232911,14.006254561279409,2.582345191040854
route,racetrack_large,Cân bằng – tinh chỉnh,-0.740502751664095,22.207608469268777,69.36777069088745,14.155643492124756,6.324110671936759
route,racetrack_large,Giá trị – theo mô hình,2.235756353761564,23.21009753763172,73.66796513716957,15.033169451545273,-1.3438735177865635
route,racetrack_large,Giá trị – chọn bằng mô phỏng,2.235756353761564,23.21009753763172,73.66796513716957,15.033169451545273,-1.3438735177865635
route,racetrack_large,Giá trị – tinh chỉnh,2.1982613570002036,23.85856419625566,76.14342586070693,15.538328246936057,0.3689064558629791
route,free_large,Hiện trạng,0.0,0.0,0.0,0.0,0.0
route,free_large,Tiện lợi – theo mô hình,-16.999075950905073,-17.489589719870228,-34.83160455038992,-7.009355042532736,-18.919939577039276
route,free_large,Tiện lợi – chọn bằng mô phỏng,-16.975623319155844,-17.447974003179738,-34.78513697703354,-7.000004117594775,-18.693353474320244
route,free_large,Tiện lợi – tinh chỉnh,-17.155792674884307,-17.440368101869012,-33.618959297970015,-6.765327779804845,-18.58006042296073
route,free_large,Cân bằng – theo mô hình,-11.434679125444058,0.14022451710918957,27.608471091426903,5.555804234667318,-4.267371601208458
route,free_large,Cân bằng – chọn bằng mô phỏng,-3.8259368007414,11.168457695292725,53.30655727425443,10.727171224334938,21.33685800604229
route,free_large,Cân bằng – tinh chỉnh,-2.983817876643401,12.327860893513746,55.773694997145256,11.223646895260474,24.660120845921448
route,free_large,Giá trị – theo mô hình,4.824329583030314,16.836872298083403,67.54497420851659,13.592446046557798,30.89123867069486
route,free_large,Giá trị – chọn bằng mô phỏng,4.824329583030314,16.836872298083403,67.54497420851659,13.592446046557798,30.89123867069486
route,free_large,Giá trị – tinh chỉnh,4.003044606019853,18.606990841576515,76.55704323662488,15.405994181971403,28.700906344410875
route,case_minimart_n30,Hiện trạng,0.0,0.0,0.0,0.0,0.0
route,case_minimart_n30,Tiện lợi – theo mô hình,-7.680869977289929,-7.093132992279549,-17.656296494789476,-3.7203410222328954,-12.493753123438283
route,case_minimart_n30,Tiện lợi – chọn bằng mô phỏng,-7.680869977289929,-7.093132992279549,-17.656296494789476,-3.7203410222328954,-12.493753123438283
route,case_minimart_n30,Tiện lợi – tinh chỉnh,-9.727393993981755,-5.900739001765833,-10.973588233186303,-2.312234079047289,-15.842078960519745
route,case_minimart_n30,Cân bằng – theo mô hình,-1.7560430838152896,5.88320590506463,29.29247686068742,6.1721892436379955,-3.8980509745127563
route,case_minimart_n30,Cân bằng – chọn bằng mô phỏng,-0.06808731864326563,7.226522747787322,31.203524684789667,6.57486426767573,4.097951024487758
route,case_minimart_n30,Cân bằng – tinh chỉnh,0.024603430146072473,9.064438766141922,36.21456269386624,7.630735201573862,2.798600699650165
route,case_minimart_n30,Giá trị – theo mô hình,6.355761321054492,12.877615992210806,47.660752204875415,10.042550635157355,10.99450274862568
route,case_minimart_n30,Giá trị – chọn bằng mô phỏng,4.947321916628615,12.239739136489844,45.91017226149096,9.673687641834086,4.747626186906532
route,case_minimart_n30,Giá trị – tinh chỉnh,4.503283488210163,12.172710836852222,46.331828882037414,9.762534497298827,8.645677161419288
