rep,distance_m,trip_time_min,exposed_slots,impulse_revenue,impulse_items,basket_value,congestion_cells,planned_items,plan,instance,version
0,29.71,3.096017336888389,9.976666666666667,0.7016666666666667,1.5733333333333333,3.094416666666667,25,5.391666666666667,Hiện trạng,grid_small,model
1,29.243333333333332,2.9690711721313403,9.645,0.6196666666666666,1.3816666666666666,2.9209166666666664,22,5.201666666666667,Hiện trạng,grid_small,model
2,29.31,3.004144074580101,9.795,0.6683333333333333,1.485,2.9633333333333334,21,5.131666666666667,Hiện trạng,grid_small,model
0,30.12,2.858087694949714,8.456666666666667,0.44941666666666663,0.9716666666666667,2.8421666666666665,28,5.391666666666667,Tiện lợi – theo mô hình,grid_small,model
1,29.39,2.7728292503484493,8.206666666666667,0.46008333333333323,0.9933333333333333,2.7613333333333334,26,5.201666666666667,Tiện lợi – theo mô hình,grid_small,model
2,29.696666666666665,2.758929387222434,8.306666666666667,0.45116666666666666,0.965,2.746166666666667,28,5.131666666666667,Tiện lợi – theo mô hình,grid_small,model
0,29.71,3.096017336888389,9.976666666666667,0.7016666666666667,1.5733333333333333,3.094416666666667,25,5.391666666666667,Tiện lợi – chọn bằng mô phỏng,grid_small,model
1,29.243333333333332,2.9690711721313403,9.645,0.6196666666666666,1.3816666666666666,2.9209166666666664,22,5.201666666666667,Tiện lợi – chọn bằng mô phỏng,grid_small,model
2,29.31,3.004144074580101,9.795,0.6683333333333333,1.485,2.9633333333333334,21,5.131666666666667,Tiện lợi – chọn bằng mô phỏng,grid_small,model
0,29.67,3.1072563061424807,9.945,0.6946666666666665,1.5516666666666667,3.087416666666667,26,5.391666666666667,Tiện lợi – tinh chỉnh,grid_small,model
1,29.326666666666668,3.0038493581988077,9.69,0.6370000000000001,1.4433333333333334,2.93825,27,5.201666666666667,Tiện lợi – tinh chỉnh,grid_small,model
2,29.32,3.0220486327672003,9.788333333333334,0.7135833333333333,1.5816666666666668,3.0085833333333336,27,5.131666666666667,Tiện lợi – tinh chỉnh,grid_small,model
0,30.60333333333333,2.9641860981234096,8.563333333333333,0.5473333333333333,1.2016666666666667,2.940083333333333,31,5.391666666666667,Cân bằng – theo mô hình,grid_small,model
1,30.636666666666667,2.887420870372654,8.408333333333333,0.5378333333333334,1.1866666666666668,2.839083333333333,28,5.201666666666667,Cân bằng – theo mô hình,grid_small,model
2,30.066666666666666,2.853083724354632,8.293333333333333,0.5408333333333334,1.185,2.8358333333333334,30,5.131666666666667,Cân bằng – theo mô hình,grid_small,model
0,29.71,3.096017336888389,9.976666666666667,0.7016666666666667,1.5733333333333333,3.094416666666667,25,5.391666666666667,Cân bằng – chọn bằng mô phỏng,grid_small,model
1,29.243333333333332,2.9690711721313403,9.645,0.6196666666666666,1.3816666666666666,2.9209166666666664,22,5.201666666666667,Cân bằng – chọn bằng mô phỏng,grid_small,model
2,29.31,3.004144074580101,9.795,0.6683333333333333,1.485,2.9633333333333334,21,5.131666666666667,Cân bằng – chọn bằng mô phỏng,grid_small,model
0,29.67,3.1072563061424807,9.945,0.6946666666666665,1.5516666666666667,3.087416666666667,26,5.391666666666667,Cân bằng – tinh chỉnh,grid_small,model
1,29.326666666666668,3.0038493581988077,9.69,0.6370000000000001,1.4433333333333334,2.93825,27,5.201666666666667,Cân bằng – tinh chỉnh,grid_small,model
2,29.32,3.0220486327672003,9.788333333333334,0.7135833333333333,1.5816666666666668,3.0085833333333336,27,5.131666666666667,Cân bằng – tinh chỉnh,grid_small,model
0,31.926666666666666,3.2565487776670494,10.115,0.7863333333333333,1.7216666666666667,3.179083333333333,24,5.391666666666667,Giá trị – theo mô hình,grid_small,model
1,31.723333333333333,3.1597311323544637,9.78,0.7555833333333334,1.6716666666666666,3.056833333333333,27,5.201666666666667,Giá trị – theo mô hình,grid_small,model
2,32.03666666666667,3.210855311474875,9.976666666666667,0.8204166666666667,1.8133333333333332,3.1154166666666665,22,5.131666666666667,Giá trị – theo mô hình,grid_small,model
0,32.10333333333333,3.26439679716866,10.183333333333334,0.7946666666666666,1.7616666666666667,3.1874166666666666,30,5.391666666666667,Giá trị – chọn bằng mô phỏng,grid_small,model
1,31.88,3.1615772347362214,9.848333333333333,0.7788333333333334,1.745,3.080083333333333,30,5.201666666666667,Giá trị – chọn bằng mô phỏng,grid_small,model
2,32.07,3.175774364229534,10.003333333333334,0.8510000000000001,1.8766666666666667,3.146,24,5.131666666666667,Giá trị – chọn bằng mô phỏng,grid_small,model
0,31.996666666666666,3.271465633186364,10.261666666666667,0.8320833333333333,1.86,3.2248333333333337,30,5.391666666666667,Giá trị – tinh chỉnh,grid_small,model
1,31.836666666666666,3.2267133983651246,10.015,0.7645,1.7433333333333334,3.06575,38,5.201666666666667,Giá trị – tinh chỉnh,grid_small,model
2,31.98,3.210194920538851,9.973333333333333,0.8264166666666666,1.8283333333333334,3.1214166666666667,29,5.131666666666667,Giá trị – tinh chỉnh,grid_small,model
0,36.6,3.27184596094997,10.27,0.6654166666666667,1.5766666666666667,3.0581666666666667,22,5.391666666666667,Hiện trạng,racetrack_small,model
1,36.21666666666667,3.2058693135651537,9.986666666666666,0.6381666666666667,1.5166666666666666,2.939416666666667,24,5.201666666666667,Hiện trạng,racetrack_small,model
2,36.153333333333336,3.2124053699748774,10.111666666666666,0.6533333333333333,1.565,2.9483333333333333,28,5.131666666666667,Hiện trạng,racetrack_small,model
0,35.60333333333333,3.0321980979480805,8.79,0.5119166666666666,1.1666666666666667,2.9046666666666665,27,5.391666666666667,Tiện lợi – theo mô hình,racetrack_small,model
1,35.096666666666664,2.9540676374171495,8.591666666666667,0.47875,1.0866666666666667,2.78,33,5.201666666666667,Tiện lợi – theo mô hình,racetrack_small,model
2,34.85,2.9250745236816753,8.533333333333333,0.4875,1.11,2.7825,35,5.131666666666667,Tiện lợi – theo mô hình,racetrack_small,model
0,34.983333333333334,2.9929382196479746,8.6,0.4631666666666666,1.0533333333333332,2.8559166666666664,34,5.391666666666667,Tiện lợi – chọn bằng mô phỏng,racetrack_small,model
1,34.32333333333333,2.9239370819099757,8.305,0.4685833333333334,1.0583333333333333,2.7698333333333336,35,5.201666666666667,Tiện lợi – chọn bằng mô phỏng,racetrack_small,model
2,34.22,2.8660271730878684,8.215,0.44325,1.0016666666666667,2.73825,32,5.131666666666667,Tiện lợi – chọn bằng mô phỏng,racetrack_small,model
0,34.983333333333334,2.9929382196479746,8.6,0.4631666666666666,1.0533333333333332,2.8559166666666664,34,5.391666666666667,Tiện lợi – tinh chỉnh,racetrack_small,model
1,34.32333333333333,2.9239370819099757,8.305,0.4685833333333334,1.0583333333333333,2.7698333333333336,35,5.201666666666667,Tiện lợi – tinh chỉnh,racetrack_small,model
2,34.22,2.8660271730878684,8.215,0.44325,1.0016666666666667,2.73825,32,5.131666666666667,Tiện lợi – tinh chỉnh,racetrack_small,model
0,36.416666666666664,3.2080870253133322,9.605,0.6224166666666667,1.4616666666666667,3.015166666666667,40,5.391666666666667,Cân bằng – theo mô hình,racetrack_small,model
1,35.61,3.125620030091197,9.235,0.6100000000000001,1.4183333333333332,2.91125,38,5.201666666666667,Cân bằng – theo mô hình,racetrack_small,model
2,35.81333333333333,3.094635350594032,9.32,0.6076666666666667,1.4216666666666666,2.9026666666666667,44,5.131666666666667,Cân bằng – theo mô hình,racetrack_small,model
0,37.08,3.4608324517016027,10.35,0.7794166666666666,1.835,3.1721666666666666,39,5.391666666666667,Cân bằng – chọn bằng mô phỏng,racetrack_small,model
1,36.42666666666667,3.4152202383335664,10.238333333333333,0.7726666666666667,1.8033333333333332,3.073916666666667,37,5.201666666666667,Cân bằng – chọn bằng mô phỏng,racetrack_small,model
2,36.486666666666665,3.382772470558465,10.135,0.78275,1.835,3.07775,33,5.131666666666667,Cân bằng – chọn bằng mô phỏng,racetrack_small,model
0,37.08,3.4608324517016027,10.35,0.7794166666666666,1.835,3.1721666666666666,39,5.391666666666667,Cân bằng – tinh chỉnh,racetrack_small,model
1,36.42666666666667,3.4152202383335664,10.238333333333333,0.7726666666666667,1.8033333333333332,3.073916666666667,37,5.201666666666667,Cân bằng – tinh chỉnh,racetrack_small,model
2,36.486666666666665,3.382772470558465,10.135,0.78275,1.835,3.07775,33,5.131666666666667,Cân bằng – tinh chỉnh,racetrack_small,model
0,40.193333333333335,3.768933648388877,11.413333333333334,1.0376666666666665,2.388333333333333,3.4304166666666664,43,5.391666666666667,Giá trị – theo mô hình,racetrack_small,model
1,39.71666666666667,3.6185367988858674,10.953333333333333,0.9320833333333334,2.1666666666666665,3.2333333333333334,43,5.201666666666667,Giá trị – theo mô hình,racetrack_small,model
2,39.64,3.5974322129549354,10.908333333333333,0.9652500000000002,2.22,3.26025,30,5.131666666666667,Giá trị – theo mô hình,racetrack_small,model
0,38.46666666666667,3.595199378908494,10.931666666666667,0.9491666666666667,2.138333333333333,3.3419166666666666,31,5.391666666666667,Giá trị – chọn bằng mô phỏng,racetrack_small,model
1,37.99666666666667,3.548170507645247,10.731666666666667,0.8913333333333333,2.0216666666666665,3.1925833333333333,36,5.201666666666667,Giá trị – chọn bằng mô phỏng,racetrack_small,model
2,37.88,3.4688712327210296,10.566666666666666,0.9096666666666666,2.058333333333333,3.2046666666666668,35,5.131666666666667,Giá trị – chọn bằng mô phỏng,racetrack_small,model
0,38.68,3.73996826317843,11.426666666666666,1.01525,2.3183333333333334,3.408,33,5.391666666666667,Giá trị – tinh chỉnh,racetrack_small,model
1,38.35666666666667,3.701832699195782,11.268333333333333,1.02875,2.3383333333333334,3.33,43,5.201666666666667,Giá trị – tinh chỉnh,racetrack_small,model
2,38.236666666666665,3.649725302137264,11.16,1.0223333333333333,2.328333333333333,3.3173333333333335,35,5.131666666666667,Giá trị – tinh chỉnh,racetrack_small,model
0,42.413333333333334,3.5600875227279243,10.971666666666666,0.62475,1.4933333333333334,3.0175,41,5.391666666666667,Hiện trạng,free_small,model
1,41.95666666666666,3.428089830726091,10.383333333333333,0.5785,1.38,2.87975,29,5.201666666666667,Hiện trạng,free_small,model
2,41.943333333333335,3.4497658503944657,10.575,0.6108333333333333,1.4483333333333333,2.9058333333333333,29,5.131666666666667,Hiện trạng,free_small,model
0,43.95,3.1634677150586055,8.51,0.38475000000000004,0.845,2.7775,34,5.391666666666667,Tiện lợi – theo mô hình,free_small,model
1,43.28333333333333,3.1080568402333015,8.343333333333334,0.39975,0.885,2.701,34,5.201666666666667,Tiện lợi – theo mô hình,free_small,model
2,43.25,3.0747565898418707,8.395,0.3836666666666667,0.855,2.6786666666666665,25,5.131666666666667,Tiện lợi – theo mô hình,free_small,model
0,42.413333333333334,3.5600875227279243,10.971666666666666,0.62475,1.4933333333333334,3.0175,41,5.391666666666667,Tiện lợi – chọn bằng mô phỏng,free_small,model
1,41.95666666666666,3.428089830726091,10.383333333333333,0.5785,1.38,2.87975,29,5.201666666666667,Tiện lợi – chọn bằng mô phỏng,free_small,model
2,41.943333333333335,3.4497658503944657,10.575,0.6108333333333333,1.4483333333333333,2.9058333333333333,29,5.131666666666667,Tiện lợi – chọn bằng mô phỏng,free_small,model
0,42.413333333333334,3.5600875227279243,10.971666666666666,0.62475,1.4933333333333334,3.0175,41,5.391666666666667,Tiện lợi – tinh chỉnh,free_small,model
1,41.95666666666666,3.428089830726091,10.383333333333333,0.5785,1.38,2.87975,29,5.201666666666667,Tiện lợi – tinh chỉnh,free_small,model
2,41.943333333333335,3.4497658503944657,10.575,0.6108333333333333,1.4483333333333333,2.9058333333333333,29,5.131666666666667,Tiện lợi – tinh chỉnh,free_small,model
0,44.33,3.131397517330347,8.521666666666667,0.3844166666666667,0.8383333333333334,2.777166666666667,28,5.391666666666667,Cân bằng – theo mô hình,free_small,model
1,43.61,3.0333708017261554,8.315,0.36308333333333337,0.81,2.664333333333333,24,5.201666666666667,Cân bằng – theo mô hình,free_small,model
2,43.64,3.027728405655328,8.361666666666666,0.38458333333333333,0.8233333333333334,2.6795833333333334,27,5.131666666666667,Cân bằng – theo mô hình,free_small,model
0,42.413333333333334,3.5600875227279243,10.971666666666666,0.62475,1.4933333333333334,3.0175,41,5.391666666666667,Cân bằng – chọn bằng mô phỏng,free_small,model
1,41.95666666666666,3.428089830726091,10.383333333333333,0.5785,1.38,2.87975,29,5.201666666666667,Cân bằng – chọn bằng mô phỏng,free_small,model
2,41.943333333333335,3.4497658503944657,10.575,0.6108333333333333,1.4483333333333333,2.9058333333333333,29,5.131666666666667,Cân bằng – chọn bằng mô phỏng,free_small,model
0,42.413333333333334,3.5600875227279243,10.971666666666666,0.62475,1.4933333333333334,3.0175,41,5.391666666666667,Cân bằng – tinh chỉnh,free_small,model
1,41.95666666666666,3.428089830726091,10.383333333333333,0.5785,1.38,2.87975,29,5.201666666666667,Cân bằng – tinh chỉnh,free_small,model
2,41.943333333333335,3.4497658503944657,10.575,0.6108333333333333,1.4483333333333333,2.9058333333333333,29,5.131666666666667,Cân bằng – tinh chỉnh,free_small,model
0,45.29666666666667,4.309205240644311,13.601666666666667,1.0939166666666664,2.47,3.486666666666667,42,5.391666666666667,Giá trị – theo mô hình,free_small,model
1,44.9,4.189711066807651,13.096666666666666,1.0695000000000001,2.4033333333333333,3.37075,43,5.201666666666667,Giá trị – theo mô hình,free_small,model
2,44.79666666666667,4.228872256860605,13.325,1.1106666666666667,2.5183333333333335,3.405666666666667,43,5.131666666666667,Giá trị – theo mô hình,free_small,model
0,45.29666666666667,4.309205240644311,13.601666666666667,1.0939166666666664,2.47,3.486666666666667,42,5.391666666666667,Giá trị – chọn bằng mô phỏng,free_small,model
1,44.9,4.189711066807651,13.096666666666666,1.0695000000000001,2.4033333333333333,3.37075,43,5.201666666666667,Giá trị – chọn bằng mô phỏng,free_small,model
2,44.79666666666667,4.228872256860605,13.325,1.1106666666666667,2.5183333333333335,3.405666666666667,43,5.131666666666667,Giá trị – chọn bằng mô phỏng,free_small,model
0,45.29666666666667,4.309205240644311,13.601666666666667,1.0939166666666664,2.47,3.486666666666667,42,5.391666666666667,Giá trị – tinh chỉnh,free_small,model
1,44.9,4.189711066807651,13.096666666666666,1.0695000000000001,2.4033333333333333,3.37075,43,5.201666666666667,Giá trị – tinh chỉnh,free_small,model
2,44.79666666666667,4.228872256860605,13.325,1.1106666666666667,2.5183333333333335,3.405666666666667,43,5.131666666666667,Giá trị – tinh chỉnh,free_small,model
0,46.736666666666665,4.634885397728208,14.61,0.7525833333333334,1.4516666666666667,3.6973333333333334,27,6.315,Hiện trạng,grid_medium,model
1,46.86666666666667,4.750560928621441,14.905,0.7139166666666668,1.4133333333333333,3.7277500000000003,41,6.456666666666667,Hiện trạng,grid_medium,model
2,46.443333333333335,4.649108163221357,14.751666666666667,0.7409166666666666,1.4716666666666667,3.6330000000000005,39,6.191666666666666,Hiện trạng,grid_medium,model
0,44.876666666666665,4.25581565786051,12.48,0.6064999999999999,1.1066666666666667,3.551249999999999,25,6.315,Tiện lợi – theo mô hình,grid_medium,model
1,45.32666666666667,4.325860883271743,12.746666666666666,0.5925,1.0916666666666666,3.6063333333333336,37,6.456666666666667,Tiện lợi – theo mô hình,grid_medium,model
2,44.47666666666667,4.149717332437699,12.28,0.5749166666666666,1.065,3.4669999999999996,32,6.191666666666666,Tiện lợi – theo mô hình,grid_medium,model
0,44.846666666666664,4.389387792210821,12.718333333333334,0.7443333333333333,1.3433333333333333,3.689083333333334,36,6.315,Tiện lợi – chọn bằng mô phỏng,grid_medium,model
1,45.276666666666664,4.475835974639501,12.99,0.6943333333333334,1.2433333333333334,3.7081666666666666,35,6.456666666666667,Tiện lợi – chọn bằng mô phỏng,grid_medium,model
2,44.656666666666666,4.331884784416347,12.55,0.6749166666666666,1.2283333333333333,3.5669999999999997,45,6.191666666666666,Tiện lợi – chọn bằng mô phỏng,grid_medium,model
0,44.31333333333333,4.338386866700524,12.606666666666667,0.6479166666666667,1.1783333333333332,3.592666666666666,31,6.315,Tiện lợi – tinh chỉnh,grid_medium,model
1,44.593333333333334,4.3936249097703834,12.736666666666666,0.6400833333333333,1.1833333333333333,3.6539166666666665,40,6.456666666666667,Tiện lợi – tinh chỉnh,grid_medium,model
2,44.13333333333333,4.284276671754699,12.495,0.6441666666666667,1.1833333333333333,3.53625,31,6.191666666666666,Tiện lợi – tinh chỉnh,grid_medium,model
0,45.75,4.509228221566727,12.676666666666666,0.762,1.305,3.7067500000000004,35,6.315,Cân bằng – theo mô hình,grid_medium,model
1,46.346666666666664,4.636032759404637,13.071666666666667,0.7649166666666667,1.3366666666666667,3.77875,29,6.456666666666667,Cân bằng – theo mô hình,grid_medium,model
2,45.17333333333333,4.462973797502986,12.723333333333333,0.76125,1.2933333333333332,3.6533333333333333,24,6.191666666666666,Cân bằng – theo mô hình,grid_medium,model
0,46.72666666666667,4.628412971382065,12.945,0.8391666666666666,1.4183333333333332,3.783916666666666,33,6.315,Cân bằng – chọn bằng mô phỏng,grid_medium,model
1,47.096666666666664,4.744179850274517,13.31,0.9097499999999998,1.5233333333333334,3.9235833333333336,38,6.456666666666667,Cân bằng – chọn bằng mô phỏng,grid_medium,model
2,46.29666666666667,4.579388631609146,12.91,0.8524166666666666,1.4366666666666668,3.7444999999999995,32,6.191666666666666,Cân bằng – chọn bằng mô phỏng,grid_medium,model
0,46.72666666666667,4.628412971382065,12.945,0.8391666666666666,1.4183333333333332,3.783916666666666,33,6.315,Cân bằng – tinh chỉnh,grid_medium,model
1,47.096666666666664,4.744179850274517,13.31,0.9097499999999998,1.5233333333333334,3.9235833333333336,38,6.456666666666667,Cân bằng – tinh chỉnh,grid_medium,model
2,46.29666666666667,4.579388631609146,12.91,0.8524166666666666,1.4366666666666668,3.7444999999999995,32,6.191666666666666,Cân bằng – tinh chỉnh,grid_medium,model
0,52.276666666666664,4.924224714673959,14.72,0.9414166666666666,1.6816666666666666,3.886166666666667,42,6.315,Giá trị – theo mô hình,grid_medium,model
1,52.78333333333333,5.130016437830588,15.216666666666667,0.9517499999999999,1.67,3.965583333333334,43,6.456666666666667,Giá trị – theo mô hình,grid_medium,model
2,52.54,4.98437518678401,14.995,0.99575,1.7633333333333334,3.887833333333333,50,6.191666666666666,Giá trị – theo mô hình,grid_medium,model
0,50.07666666666667,5.085122950076614,14.541666666666666,1.13575,1.915,4.080500000000001,36,6.315,Giá trị – chọn bằng mô phỏng,grid_medium,model
1,50.36,5.182765703307467,14.615,1.069,1.8066666666666666,4.082833333333334,52,6.456666666666667,Giá trị – chọn bằng mô phỏng,grid_medium,model
2,49.96,5.059542960319219,14.53,1.0965833333333335,1.8666666666666667,3.988666666666667,40,6.191666666666666,Giá trị – chọn bằng mô phỏng,grid_medium,model
0,50.07666666666667,5.085122950076614,14.541666666666666,1.13575,1.915,4.080500000000001,36,6.315,Giá trị – tinh chỉnh,grid_medium,model
1,50.36,5.182765703307467,14.615,1.069,1.8066666666666666,4.082833333333334,52,6.456666666666667,Giá trị – tinh chỉnh,grid_medium,model
2,49.96,5.059542960319219,14.53,1.0965833333333335,1.8666666666666667,3.988666666666667,40,6.191666666666666,Giá trị – tinh chỉnh,grid_medium,model
0,51.93,4.971964561694837,15.388333333333334,0.7935,1.52,3.73825,42,6.315,Hiện trạng,racetrack_medium,model
1,51.806666666666665,4.998824915341691,15.29,0.7128333333333334,1.36,3.7266666666666666,29,6.456666666666667,Hiện trạng,racetrack_medium,model
2,51.76,4.948101225033341,15.436666666666667,0.7484166666666667,1.4366666666666668,3.6405000000000003,46,6.191666666666666,Hiện trạng,racetrack_medium,model
0,47.04,4.424290404462561,13.123333333333333,0.5664166666666666,1.1316666666666666,3.5111666666666665,37,6.315,Tiện lợi – theo mô hình,racetrack_medium,model
1,47.916666666666664,4.598713345011271,13.681666666666667,0.5799166666666667,1.1616666666666666,3.59375,36,6.456666666666667,Tiện lợi – theo mô hình,racetrack_medium,model
2,47.13,4.373434975532894,13.085,0.5759166666666666,1.1533333333333333,3.4680000000000004,42,6.191666666666666,Tiện lợi – theo mô hình,racetrack_medium,model
0,46.92666666666667,4.370300626188585,12.983333333333333,0.5735,1.165,3.5182500000000005,39,6.315,Tiện lợi – chọn bằng mô phỏng,racetrack_medium,model
1,47.49666666666667,4.4629352666653945,13.293333333333333,0.5505,1.14,3.5643333333333334,49,6.456666666666667,Tiện lợi – chọn bằng mô phỏng,racetrack_medium,model
2,46.71,4.323598396354111,12.793333333333333,0.51525,1.0333333333333334,3.4073333333333333,36,6.191666666666666,Tiện lợi – chọn bằng mô phỏng,racetrack_medium,model
0,47.02333333333333,4.311561074482736,12.776666666666667,0.5334166666666667,1.125,3.4781666666666666,33,6.315,Tiện lợi – tinh chỉnh,racetrack_medium,model
1,47.596666666666664,4.390522953371962,13.011666666666667,0.4845000000000001,1.0,3.4983333333333335,47,6.456666666666667,Tiện lợi – tinh chỉnh,racetrack_medium,model
2,46.72,4.237500506721449,12.57,0.48899999999999993,0.9933333333333333,3.3810833333333337,32,6.191666666666666,Tiện lợi – tinh chỉnh,racetrack_medium,model
0,48.03,4.549622986408359,13.403333333333334,0.6070833333333333,1.2216666666666667,3.551833333333334,40,6.315,Cân bằng – theo mô hình,racetrack_medium,model
1,48.343333333333334,4.634366288029525,13.676666666666666,0.5833333333333334,1.1766666666666667,3.597166666666667,49,6.456666666666667,Cân bằng – theo mô hình,racetrack_medium,model
2,47.35666666666667,4.4405768864163795,13.13,0.5975,1.205,3.4895833333333335,31,6.191666666666666,Cân bằng – theo mô hình,racetrack_medium,model
0,50.77333333333333,4.842364697839537,14.341666666666667,0.8235833333333334,1.56,3.7683333333333335,49,6.315,Cân bằng – chọn bằng mô phỏng,racetrack_medium,model
1,51.46333333333333,4.934645626511557,14.513333333333334,0.7941666666666667,1.4783333333333333,3.8079999999999994,39,6.456666666666667,Cân bằng – chọn bằng mô phỏng,racetrack_medium,model
2,50.056666666666665,4.6793007764404155,13.871666666666666,0.7779166666666667,1.4733333333333334,3.67,38,6.191666666666666,Cân bằng – chọn bằng mô phỏng,racetrack_medium,model
0,50.77333333333333,4.842364697839537,14.341666666666667,0.8235833333333334,1.56,3.7683333333333335,49,6.315,Cân bằng – tinh chỉnh,racetrack_medium,model
1,51.46333333333333,4.934645626511557,14.513333333333334,0.7941666666666667,1.4783333333333333,3.8079999999999994,39,6.456666666666667,Cân bằng – tinh chỉnh,racetrack_medium,model
2,50.056666666666665,4.6793007764404155,13.871666666666666,0.7779166666666667,1.4733333333333334,3.67,38,6.191666666666666,Cân bằng – tinh chỉnh,racetrack_medium,model
0,56.39333333333333,5.854434334236767,17.321666666666665,1.3216666666666668,2.2716666666666665,4.266416666666667,42,6.315,Giá trị – theo mô hình,racetrack_medium,model
1,56.776666666666664,6.004387415844537,17.755,1.3041666666666667,2.24,4.318,53,6.456666666666667,Giá trị – theo mô hình,racetrack_medium,model
2,56.76,5.989225097923609,17.805,1.3985833333333333,2.3666666666666667,4.290666666666667,40,6.191666666666666,Giá trị – theo mô hình,racetrack_medium,model
0,56.39333333333333,5.854434334236767,17.321666666666665,1.3216666666666668,2.2716666666666665,4.266416666666667,42,6.315,Giá trị – chọn bằng mô phỏng,racetrack_medium,model
1,56.776666666666664,6.004387415844537,17.755,1.3041666666666667,2.24,4.318,53,6.456666666666667,Giá trị – chọn bằng mô phỏng,racetrack_medium,model
2,56.76,5.989225097923609,17.805,1.3985833333333333,2.3666666666666667,4.290666666666667,40,6.191666666666666,Giá trị – chọn bằng mô phỏng,racetrack_medium,model
0,56.42333333333333,5.953356356206644,17.74,1.3925833333333335,2.395,4.337333333333334,53,6.315,Giá trị – tinh chỉnh,racetrack_medium,model
1,56.79,6.141148703994009,18.111666666666668,1.4040833333333333,2.4166666666666665,4.417916666666667,64,6.456666666666667,Giá trị – tinh chỉnh,racetrack_medium,model
2,56.88333333333333,6.116683584615464,18.23,1.4928333333333335,2.533333333333333,4.384916666666667,46,6.191666666666666,Giá trị – tinh chỉnh,racetrack_medium,model
0,66.46666666666667,5.117749577866343,15.318333333333333,0.7623333333333334,1.515,3.7070833333333333,29,6.315,Hiện trạng,free_medium,model
1,66.8,5.3143654662774304,16.025,0.7054166666666667,1.415,3.71925,47,6.456666666666667,Hiện trạng,free_medium,model
2,67.45333333333333,5.056377232790759,15.021666666666667,0.6711666666666667,1.3266666666666667,3.5632499999999996,34,6.191666666666666,Hiện trạng,free_medium,model
0,64.56666666666666,4.273597781804557,11.116666666666667,0.42158333333333337,0.7933333333333333,3.366333333333334,52,6.315,Tiện lợi – theo mô hình,free_medium,model
1,65.62,4.385618896590833,11.286666666666667,0.3829166666666667,0.735,3.39675,43,6.456666666666667,Tiện lợi – theo mô hình,free_medium,model
2,64.47333333333333,4.202805783676572,10.905,0.386,0.7233333333333334,3.2780833333333335,43,6.191666666666666,Tiện lợi – theo mô hình,free_medium,model
0,64.28666666666666,4.391175469213387,11.501666666666667,0.5053333333333334,0.8966666666666666,3.4500833333333336,33,6.315,Tiện lợi – chọn bằng mô phỏng,free_medium,model
1,65.04333333333334,4.597998336080401,11.945,0.56625,0.9733333333333334,3.5800833333333335,47,6.456666666666667,Tiện lợi – chọn bằng mô phỏng,free_medium,model
2,64.40666666666667,4.329439631341012,11.408333333333333,0.49366666666666664,0.8666666666666667,3.38575,35,6.191666666666666,Tiện lợi – chọn bằng mô phỏng,free_medium,model
0,63.93666666666667,4.316978824893106,11.3,0.4596666666666666,0.8166666666666667,3.4044166666666666,37,6.315,Tiện lợi – tinh chỉnh,free_medium,model
1,64.93666666666667,4.489747429572288,11.838333333333333,0.4565833333333334,0.815,3.4704166666666665,40,6.456666666666667,Tiện lợi – tinh chỉnh,free_medium,model
2,64.27333333333333,4.262187950666912,11.318333333333333,0.4584166666666667,0.8116666666666666,3.3505000000000003,42,6.191666666666666,Tiện lợi – tinh chỉnh,free_medium,model
0,66.37666666666667,4.598813194948392,11.836666666666666,0.5930833333333334,1.065,3.537833333333333,37,6.315,Cân bằng – theo mô hình,free_medium,model
1,67.48,4.805444131655557,12.405,0.6249166666666667,1.1483333333333334,3.63875,41,6.456666666666667,Cân bằng – theo mô hình,free_medium,model
2,66.04666666666667,4.510820557121397,11.556666666666667,0.5888333333333333,1.0883333333333334,3.480916666666667,31,6.191666666666666,Cân bằng – theo mô hình,free_medium,model
0,66.46666666666667,5.117749577866343,15.318333333333333,0.7623333333333334,1.515,3.7070833333333333,29,6.315,Cân bằng – chọn bằng mô phỏng,free_medium,model
1,66.8,5.3143654662774304,16.025,0.7054166666666667,1.415,3.71925,47,6.456666666666667,Cân bằng – chọn bằng mô phỏng,free_medium,model
2,67.45333333333333,5.056377232790759,15.021666666666667,0.6711666666666667,1.3266666666666667,3.5632499999999996,34,6.191666666666666,Cân bằng – chọn bằng mô phỏng,free_medium,model
0,66.46666666666667,5.117749577866343,15.318333333333333,0.7623333333333334,1.515,3.7070833333333333,29,6.315,Cân bằng – tinh chỉnh,free_medium,model
1,66.8,5.3143654662774304,16.025,0.7054166666666667,1.415,3.71925,47,6.456666666666667,Cân bằng – tinh chỉnh,free_medium,model
2,67.45333333333333,5.056377232790759,15.021666666666667,0.6711666666666667,1.3266666666666667,3.5632499999999996,34,6.191666666666666,Cân bằng – tinh chỉnh,free_medium,model
0,72.04,5.878655539844041,15.963333333333333,1.2793333333333334,2.111666666666667,4.224083333333333,43,6.315,Giá trị – theo mô hình,free_medium,model
1,72.19,6.023059285344269,16.253333333333334,1.1891666666666667,2.006666666666667,4.202999999999999,52,6.456666666666667,Giá trị – theo mô hình,free_medium,model
2,71.93333333333334,5.826522627554403,15.785,1.2469166666666667,2.0433333333333334,4.139,54,6.191666666666666,Giá trị – theo mô hình,free_medium,model
0,70.50333333333333,5.9880550325608874,16.328333333333333,1.2928333333333333,2.12,4.237583333333333,35,6.315,Giá trị – chọn bằng mô phỏng,free_medium,model
1,70.37666666666667,6.114146897032751,16.52,1.2247499999999998,1.9916666666666667,4.238583333333333,48,6.456666666666667,Giá trị – chọn bằng mô phỏng,free_medium,model
2,70.23,5.9663495843656795,16.33,1.31125,2.158333333333333,4.203333333333333,40,6.191666666666666,Giá trị – chọn bằng mô phỏng,free_medium,model
0,71.44,5.865794465065918,16.0,1.2384166666666665,2.015,4.183166666666667,46,6.315,Giá trị – tinh chỉnh,free_medium,model
1,71.02666666666667,6.021619309835538,16.265,1.2253333333333334,2.0033333333333334,4.239166666666667,55,6.456666666666667,Giá trị – tinh chỉnh,free_medium,model
2,71.27,5.850642779430138,16.003333333333334,1.2633333333333334,2.1033333333333335,4.1554166666666665,38,6.191666666666666,Giá trị – tinh chỉnh,free_medium,model
0,82.90333333333334,7.899831567788866,25.516666666666666,0.8235,1.4833333333333334,4.224083333333333,32,7.308333333333334,Hiện trạng,grid_large,model
1,82.93666666666667,8.00157750530392,25.671666666666667,0.8153333333333334,1.49,4.3302499999999995,55,7.551666666666667,Hiện trạng,grid_large,model
2,81.67,7.810573493151329,25.153333333333332,0.7813333333333333,1.425,4.152666666666668,39,7.233333333333333,Hiện trạng,grid_large,model
0,71.0,6.8716754249324765,21.36,0.5758333333333333,1.125,3.9764166666666667,42,7.308333333333334,Tiện lợi – theo mô hình,grid_large,model
1,71.37333333333333,7.015070039711504,21.62,0.575,1.1216666666666666,4.089916666666667,44,7.551666666666667,Tiện lợi – theo mô hình,grid_large,model
2,71.42,6.894056131525466,21.44333333333333,0.6270833333333333,1.1933333333333334,3.998416666666667,48,7.233333333333333,Tiện lợi – theo mô hình,grid_large,model
0,71.0,6.8716754249324765,21.36,0.5758333333333333,1.125,3.9764166666666667,42,7.308333333333334,Tiện lợi – chọn bằng mô phỏng,grid_large,model
1,71.37333333333333,7.015070039711504,21.62,0.575,1.1216666666666666,4.089916666666667,44,7.551666666666667,Tiện lợi – chọn bằng mô phỏng,grid_large,model
2,71.42,6.894056131525466,21.44333333333333,0.6270833333333333,1.1933333333333334,3.998416666666667,48,7.233333333333333,Tiện lợi – chọn bằng mô phỏng,grid_large,model
0,70.96666666666667,6.89302683742987,21.288333333333334,0.5875833333333333,1.0933333333333333,3.988166666666667,47,7.308333333333334,Tiện lợi – tinh chỉnh,grid_large,model
1,71.49333333333334,7.040281681869665,21.573333333333334,0.595,1.1183333333333334,4.109916666666666,42,7.551666666666667,Tiện lợi – tinh chỉnh,grid_large,model
2,71.47666666666667,6.898524043666878,21.436666666666667,0.6211666666666666,1.1716666666666666,3.9925,40,7.233333333333333,Tiện lợi – tinh chỉnh,grid_large,model
0,74.44666666666667,7.379468940210103,22.043333333333333,0.8225833333333332,1.435,4.223166666666667,33,7.308333333333334,Cân bằng – theo mô hình,grid_large,model
1,74.2,7.53010983381699,22.34,0.81725,1.4483333333333333,4.332166666666666,39,7.551666666666667,Cân bằng – theo mô hình,grid_large,model
2,73.50333333333333,7.347785442491448,21.97,0.8269166666666667,1.4333333333333333,4.198250000000001,56,7.233333333333333,Cân bằng – theo mô hình,grid_large,model
0,73.33666666666667,7.273281294969461,21.72833333333333,0.8135,1.3966666666666667,4.214083333333333,43,7.308333333333334,Cân bằng – chọn bằng mô phỏng,grid_large,model
1,74.14666666666666,7.506689165047986,22.131666666666668,0.7943333333333333,1.36,4.3092500000000005,54,7.551666666666667,Cân bằng – chọn bằng mô phỏng,grid_large,model
2,72.66,7.226767634398451,21.53,0.8466666666666667,1.4366666666666668,4.218,49,7.233333333333333,Cân bằng – chọn bằng mô phỏng,grid_large,model
0,73.33666666666667,7.273281294969461,21.72833333333333,0.8135,1.3966666666666667,4.214083333333333,43,7.308333333333334,Cân bằng – tinh chỉnh,grid_large,model
1,74.14666666666666,7.506689165047986,22.131666666666668,0.7943333333333333,1.36,4.3092500000000005,54,7.551666666666667,Cân bằng – tinh chỉnh,grid_large,model
2,72.66,7.226767634398451,21.53,0.8466666666666667,1.4366666666666668,4.218,49,7.233333333333333,Cân bằng – tinh chỉnh,grid_large,model
0,92.7,8.681894122756402,27.633333333333333,1.1379166666666667,1.9433333333333334,4.538500000000001,54,7.308333333333334,Giá trị – theo mô hình,grid_large,model
1,92.74666666666667,8.819081456726815,27.616666666666667,1.0982500000000002,1.87,4.613166666666666,58,7.551666666666667,Giá trị – theo mô hình,grid_large,model
2,92.54333333333334,8.761821574133974,27.748333333333335,1.093,1.8616666666666666,4.464333333333333,43,7.233333333333333,Giá trị – theo mô hình,grid_large,model
0,92.7,8.681894122756402,27.633333333333333,1.1379166666666667,1.9433333333333334,4.538500000000001,54,7.308333333333334,Giá trị – chọn bằng mô phỏng,grid_large,model
1,92.74666666666667,8.819081456726815,27.616666666666667,1.0982500000000002,1.87,4.613166666666666,58,7.551666666666667,Giá trị – chọn bằng mô phỏng,grid_large,model
2,92.54333333333334,8.761821574133974,27.748333333333335,1.093,1.8616666666666666,4.464333333333333,43,7.233333333333333,Giá trị – chọn bằng mô phỏng,grid_large,model
0,92.78,8.717994990149291,27.61,1.0410000000000001,1.8016666666666667,4.441583333333333,40,7.308333333333334,Giá trị – tinh chỉnh,grid_large,model
1,92.67666666666666,8.815935632447372,27.531666666666666,1.0658333333333334,1.8466666666666667,4.58075,66,7.551666666666667,Giá trị – tinh chỉnh,grid_large,model
2,92.57333333333334,8.763647576447985,27.708333333333332,1.0869166666666665,1.855,4.45825,41,7.233333333333333,Giá trị – tinh chỉnh,grid_large,model
0,95.57666666666667,8.711862571278806,27.531666666666666,0.8775833333333333,1.565,4.2781666666666665,67,7.308333333333334,Hiện trạng,racetrack_large,model
1,95.97666666666667,8.794889361455313,27.45,0.8226666666666667,1.4533333333333334,4.337583333333333,79,7.551666666666667,Hiện trạng,racetrack_large,model
2,95.01666666666667,8.77179750980488,27.825,0.9111666666666666,1.605,4.2825,84,7.233333333333333,Hiện trạng,racetrack_large,model
0,73.81333333333333,7.734585798630466,25.558333333333334,0.7454166666666666,1.3816666666666666,4.146000000000001,37,7.308333333333334,Tiện lợi – theo mô hình,racetrack_large,model
1,74.37,7.9492575305466655,25.836666666666666,0.7667499999999999,1.41,4.281666666666666,37,7.551666666666667,Tiện lợi – theo mô hình,racetrack_large,model
2,73.58,7.85231732462814,25.601666666666667,0.7655000000000001,1.4316666666666666,4.136833333333334,38,7.233333333333333,Tiện lợi – theo mô hình,racetrack_large,model
0,73.81333333333333,7.734585798630466,25.558333333333334,0.7454166666666666,1.3816666666666666,4.146000000000001,37,7.308333333333334,Tiện lợi – chọn bằng mô phỏng,racetrack_large,model
1,74.37,7.9492575305466655,25.836666666666666,0.7667499999999999,1.41,4.281666666666666,37,7.551666666666667,Tiện lợi – chọn bằng mô phỏng,racetrack_large,model
2,73.58,7.85231732462814,25.601666666666667,0.7655000000000001,1.4316666666666666,4.136833333333334,38,7.233333333333333,Tiện lợi – chọn bằng mô phỏng,racetrack_large,model
0,73.81333333333333,7.734585798630466,25.558333333333334,0.7454166666666666,1.3816666666666666,4.146000000000001,37,7.308333333333334,Tiện lợi – tinh chỉnh,racetrack_large,model
1,74.37,7.9492575305466655,25.836666666666666,0.7667499999999999,1.41,4.281666666666666,37,7.551666666666667,Tiện lợi – tinh chỉnh,racetrack_large,model
2,73.58,7.85231732462814,25.601666666666667,0.7655000000000001,1.4316666666666666,4.136833333333334,38,7.233333333333333,Tiện lợi – tinh chỉnh,racetrack_large,model
0,74.57333333333334,8.037061627040895,25.718333333333334,0.8546666666666666,1.5416666666666667,4.25525,41,7.308333333333334,Cân bằng – theo mô hình,racetrack_large,model
1,74.69666666666667,8.285109353061587,26.168333333333333,0.8223333333333332,1.46,4.33725,58,7.551666666666667,Cân bằng – theo mô hình,racetrack_large,model
2,74.13333333333334,8.143735831107616,26.06833333333333,0.8686666666666667,1.55,4.24,42,7.233333333333333,Cân bằng – theo mô hình,racetrack_large,model
0,93.86,9.72732004809052,30.508333333333333,1.20375,2.05,4.604333333333333,55,7.308333333333334,Cân bằng – chọn bằng mô phỏng,racetrack_large,model
1,94.64666666666666,9.829788948471512,30.776666666666667,1.165,2.0083333333333333,4.679916666666666,70,7.551666666666667,Cân bằng – chọn bằng mô phỏng,racetrack_large,model
2,93.96666666666667,9.600556461299451,30.123333333333335,1.2164166666666665,2.115,4.58775,50,7.233333333333333,Cân bằng – chọn bằng mô phỏng,racetrack_large,model
0,93.6,9.598958586550555,30.275,1.1909166666666666,2.025,4.5915,52,7.308333333333334,Cân bằng – tinh chỉnh,racetrack_large,model
1,94.57,9.840820969244795,30.788333333333334,1.1795,2.0033333333333334,4.694416666666667,66,7.551666666666667,Cân bằng – tinh chỉnh,racetrack_large,model
2,93.74,9.565407680448581,30.086666666666666,1.1934166666666666,2.0183333333333335,4.56475,58,7.233333333333333,Cân bằng – tinh chỉnh,racetrack_large,model
0,93.86,9.72732004809052,30.508333333333333,1.20375,2.05,4.604333333333333,55,7.308333333333334,Giá trị – theo mô hình,racetrack_large,model
1,94.64666666666666,9.829788948471512,30.776666666666667,1.165,2.0083333333333333,4.679916666666666,70,7.551666666666667,Giá trị – theo mô hình,racetrack_large,model
2,93.96666666666667,9.600556461299451,30.123333333333335,1.2164166666666665,2.115,4.58775,50,7.233333333333333,Giá trị – theo mô hình,racetrack_large,model
0,93.86,9.72732004809052,30.508333333333333,1.20375,2.05,4.604333333333333,55,7.308333333333334,Giá trị – chọn bằng mô phỏng,racetrack_large,model
1,94.64666666666666,9.829788948471512,30.776666666666667,1.165,2.0083333333333333,4.679916666666666,70,7.551666666666667,Giá trị – chọn bằng mô phỏng,racetrack_large,model
2,93.96666666666667,9.600556461299451,30.123333333333335,1.2164166666666665,2.115,4.58775,50,7.233333333333333,Giá trị – chọn bằng mô phỏng,racetrack_large,model
0,93.6,9.598958586550555,30.275,1.1909166666666666,2.025,4.5915,52,7.308333333333334,Giá trị – tinh chỉnh,racetrack_large,model
1,94.57,9.840820969244795,30.788333333333334,1.1795,2.0033333333333334,4.694416666666667,66,7.551666666666667,Giá trị – tinh chỉnh,racetrack_large,model
2,93.74,9.565407680448581,30.086666666666666,1.1934166666666666,2.0183333333333335,4.56475,58,7.233333333333333,Giá trị – tinh chỉnh,racetrack_large,model
0,116.23,8.691910996335473,25.328333333333333,0.84575,1.5183333333333333,4.246333333333333,35,7.308333333333334,Hiện trạng,free_large,model
1,116.93333333333334,8.993952345481121,26.073333333333334,0.8039166666666666,1.4483333333333333,4.318833333333333,46,7.551666666666667,Hiện trạng,free_large,model
2,116.45,8.838056307977935,25.878333333333334,0.8164166666666667,1.4983333333333333,4.18775,42,7.233333333333333,Hiện trạng,free_large,model
0,99.75,7.855714713044402,23.716666666666665,0.6684166666666667,1.27,4.069,43,7.308333333333334,Tiện lợi – theo mô hình,free_large,model
1,100.29666666666667,7.927577657798997,23.846666666666668,0.647,1.2266666666666666,4.1619166666666665,44,7.551666666666667,Tiện lợi – theo mô hình,free_large,model
2,99.61333333333333,7.909218035690804,23.866666666666667,0.665,1.2483333333333333,4.036333333333333,48,7.233333333333333,Tiện lợi – theo mô hình,free_large,model
0,99.75,7.855714713044402,23.716666666666665,0.6684166666666667,1.27,4.069,43,7.308333333333334,Tiện lợi – chọn bằng mô phỏng,free_large,model
1,100.29666666666667,7.927577657798997,23.846666666666668,0.647,1.2266666666666666,4.1619166666666665,44,7.551666666666667,Tiện lợi – chọn bằng mô phỏng,free_large,model
2,99.61333333333333,7.909218035690804,23.866666666666667,0.665,1.2483333333333333,4.036333333333333,48,7.233333333333333,Tiện lợi – chọn bằng mô phỏng,free_large,model
0,99.79333333333334,7.846038703785632,23.671666666666667,0.6756666666666666,1.2733333333333334,4.07625,34,7.308333333333334,Tiện lợi – tinh chỉnh,free_large,model
1,100.31666666666666,7.991638239553016,23.81833333333333,0.6239166666666667,1.17,4.138833333333333,48,7.551666666666667,Tiện lợi – tinh chỉnh,free_large,model
2,99.48333333333333,7.911189164212301,23.801666666666666,0.6775,1.2616666666666667,4.0488333333333335,58,7.233333333333333,Tiện lợi – tinh chỉnh,free_large,model
0,103.70666666666666,8.605537224652053,24.065,1.0060833333333332,1.7,4.406666666666666,46,7.308333333333334,Cân bằng – theo mô hình,free_large,model
1,104.79666666666667,8.776870803534349,24.466666666666665,0.9294166666666667,1.5933333333333333,4.444333333333333,50,7.551666666666667,Cân bằng – theo mô hình,free_large,model
2,102.76333333333334,8.72660269824443,24.32,0.9785833333333332,1.65,4.349916666666666,44,7.233333333333333,Cân bằng – theo mô hình,free_large,model
0,114.58333333333333,9.476876324569755,26.403333333333332,1.2679166666666666,2.025,4.6685,54,7.308333333333334,Cân bằng – chọn bằng mô phỏng,free_large,model
1,115.81,9.602072689328514,26.526666666666667,1.1421666666666666,1.845,4.6570833333333335,45,7.551666666666667,Cân bằng – chọn bằng mô phỏng,free_large,model
2,115.89333333333333,9.560578330199721,26.786666666666665,1.2128333333333334,1.9533333333333334,4.5841666666666665,37,7.233333333333333,Cân bằng – chọn bằng mô phỏng,free_large,model
0,114.68666666666667,9.45490274482038,26.4,1.2264166666666665,1.9533333333333334,4.627,41,7.308333333333334,Cân bằng – tinh chỉnh,free_large,model
1,115.89,9.579308383675713,26.54,1.14075,1.825,4.655666666666666,47,7.551666666666667,Cân bằng – tinh chỉnh,free_large,model
2,115.89,9.567729307459965,26.768333333333334,1.1555,1.8683333333333334,4.526833333333333,39,7.233333333333333,Cân bằng – tinh chỉnh,free_large,model
0,127.83666666666667,9.925211329756799,27.91,1.2061666666666668,1.9933333333333334,4.60675,27,7.308333333333334,Giá trị – theo mô hình,free_large,model
1,127.96333333333334,9.90639782582149,27.61,1.179,1.935,4.6939166666666665,46,7.551666666666667,Giá trị – theo mô hình,free_large,model
2,127.50333333333333,9.793880744090345,27.626666666666665,1.1977499999999999,1.9433333333333334,4.569083333333333,30,7.233333333333333,Giá trị – theo mô hình,free_large,model
0,114.58333333333333,9.476876324569755,26.403333333333332,1.2679166666666666,2.025,4.6685,54,7.308333333333334,Giá trị – chọn bằng mô phỏng,free_large,model
1,115.81,9.602072689328514,26.526666666666667,1.1421666666666666,1.845,4.6570833333333335,45,7.551666666666667,Giá trị – chọn bằng mô phỏng,free_large,model
2,115.89333333333333,9.560578330199721,26.786666666666665,1.2128333333333334,1.9533333333333334,4.5841666666666665,37,7.233333333333333,Giá trị – chọn bằng mô phỏng,free_large,model
0,114.68666666666667,9.45490274482038,26.4,1.2264166666666665,1.9533333333333334,4.627,41,7.308333333333334,Giá trị – tinh chỉnh,free_large,model
1,115.89,9.579308383675713,26.54,1.14075,1.825,4.655666666666666,47,7.551666666666667,Giá trị – tinh chỉnh,free_large,model
2,115.89,9.567729307459965,26.768333333333334,1.1555,1.8683333333333334,4.526833333333333,39,7.233333333333333,Giá trị – tinh chỉnh,free_large,model
0,42.096666666666664,4.040517446595673,12.498333333333333,0.70225,1.4766666666666666,3.4536666666666664,47,6.07,Hiện trạng,case_minimart_n30,model
1,41.75,3.9537515459516572,12.27,0.6584166666666667,1.3916666666666666,3.33075,36,5.876666666666667,Hiện trạng,case_minimart_n30,model
2,41.77333333333333,3.9926934028145267,12.481666666666667,0.6379166666666667,1.3466666666666667,3.4005000000000005,44,6.096666666666667,Hiện trạng,case_minimart_n30,model
0,41.11666666666667,3.6162405964591273,10.77,0.4948333333333333,1.06,3.24625,36,6.07,Tiện lợi – theo mô hình,case_minimart_n30,model
1,40.056666666666665,3.516528862342828,10.49,0.4405,0.9316666666666666,3.1128333333333336,36,5.876666666666667,Tiện lợi – theo mô hình,case_minimart_n30,model
2,40.65,3.577695467669969,10.688333333333333,0.45675000000000004,0.9683333333333334,3.219333333333333,26,6.096666666666667,Tiện lợi – theo mô hình,case_minimart_n30,model
0,41.02333333333333,3.6174211288085107,10.873333333333333,0.44949999999999996,0.9783333333333334,3.200916666666667,36,6.07,Tiện lợi – chọn bằng mô phỏng,case_minimart_n30,model
1,40.233333333333334,3.5331652695131166,10.516666666666667,0.41833333333333333,0.89,3.090666666666667,37,5.876666666666667,Tiện lợi – chọn bằng mô phỏng,case_minimart_n30,model
2,40.95333333333333,3.5911088484565394,10.778333333333334,0.41541666666666666,0.8833333333333333,3.1780000000000004,23,6.096666666666667,Tiện lợi – chọn bằng mô phỏng,case_minimart_n30,model
0,41.06,3.602366133555544,10.701666666666666,0.4371666666666667,0.9333333333333333,3.1885833333333333,38,6.07,Tiện lợi – tinh chỉnh,case_minimart_n30,model
1,40.303333333333335,3.4760068923756475,10.361666666666666,0.41950000000000004,0.9016666666666666,3.091833333333333,31,5.876666666666667,Tiện lợi – tinh chỉnh,case_minimart_n30,model
2,41.02,3.5627279374144716,10.621666666666666,0.41841666666666666,0.9066666666666666,3.181,27,6.096666666666667,Tiện lợi – tinh chỉnh,case_minimart_n30,model
0,41.84,3.805130910578138,10.998333333333333,0.5780833333333334,1.2433333333333334,3.3295,36,6.07,Cân bằng – theo mô hình,case_minimart_n30,model
1,40.86333333333334,3.684920782788397,10.63,0.5155000000000001,1.13,3.1878333333333333,35,5.876666666666667,Cân bằng – theo mô hình,case_minimart_n30,model
2,41.74666666666667,3.7401800335600206,10.883333333333333,0.5261666666666668,1.1316666666666666,3.28875,29,6.096666666666667,Cân bằng – theo mô hình,case_minimart_n30,model
0,42.096666666666664,4.040517446595673,12.498333333333333,0.70225,1.4766666666666666,3.4536666666666664,47,6.07,Cân bằng – chọn bằng mô phỏng,case_minimart_n30,model
1,41.75,3.9537515459516572,12.27,0.6584166666666667,1.3916666666666666,3.33075,36,5.876666666666667,Cân bằng – chọn bằng mô phỏng,case_minimart_n30,model
2,41.77333333333333,3.9926934028145267,12.481666666666667,0.6379166666666667,1.3466666666666667,3.4005000000000005,44,6.096666666666667,Cân bằng – chọn bằng mô phỏng,case_minimart_n30,model
0,41.88333333333333,4.031112848988908,12.506666666666666,0.7041666666666667,1.4983333333333333,3.455583333333334,41,6.07,Cân bằng – tinh chỉnh,case_minimart_n30,model
1,41.49,3.9672052089215017,12.298333333333334,0.6758333333333333,1.4466666666666668,3.3481666666666667,34,5.876666666666667,Cân bằng – tinh chỉnh,case_minimart_n30,model
2,41.38333333333333,3.9879921675278887,12.5,0.6640833333333334,1.415,3.4266666666666667,41,6.096666666666667,Cân bằng – tinh chỉnh,case_minimart_n30,model
0,44.96666666666667,4.075582296565635,12.535,0.7175,1.5183333333333333,3.4689166666666664,49,6.07,Giá trị – theo mô hình,case_minimart_n30,model
1,43.9,3.9498710235445755,12.155,0.67,1.4166666666666667,3.3423333333333334,43,5.876666666666667,Giá trị – theo mô hình,case_minimart_n30,model
2,44.56,4.0408618771607845,12.546666666666667,0.6464166666666668,1.38,3.4090000000000003,36,6.096666666666667,Giá trị – theo mô hình,case_minimart_n30,model
0,42.096666666666664,4.040517446595673,12.498333333333333,0.70225,1.4766666666666666,3.4536666666666664,47,6.07,Giá trị – chọn bằng mô phỏng,case_minimart_n30,model
1,41.75,3.9537515459516572,12.27,0.6584166666666667,1.3916666666666666,3.33075,36,5.876666666666667,Giá trị – chọn bằng mô phỏng,case_minimart_n30,model
2,41.77333333333333,3.9926934028145267,12.481666666666667,0.6379166666666667,1.3466666666666667,3.4005000000000005,44,6.096666666666667,Giá trị – chọn bằng mô phỏng,case_minimart_n30,model
0,42.586666666666666,4.0676077707227,12.481666666666667,0.7520833333333333,1.5983333333333334,3.5035,54,6.07,Giá trị – tinh chỉnh,case_minimart_n30,model
1,41.95666666666666,3.9486835475869837,12.05,0.6906666666666667,1.475,3.3630000000000004,36,5.876666666666667,Giá trị – tinh chỉnh,case_minimart_n30,model
2,42.276666666666664,4.063086830039066,12.44,0.70975,1.4966666666666666,3.4723333333333333,41,6.096666666666667,Giá trị – tinh chỉnh,case_minimart_n30,model
0,29.71,3.096017336888389,9.976666666666667,0.7016666666666667,1.5733333333333333,3.094416666666667,25,5.391666666666667,Hiện trạng,grid_small,route
1,29.243333333333332,2.9690711721313403,9.645,0.6196666666666666,1.3816666666666666,2.9209166666666664,22,5.201666666666667,Hiện trạng,grid_small,route
2,29.31,3.004144074580101,9.795,0.6683333333333333,1.485,2.9633333333333334,21,5.131666666666667,Hiện trạng,grid_small,route
0,28.58,3.0880466323378046,9.733333333333333,0.6630000000000001,1.4633333333333334,3.05575,30,5.391666666666667,Tiện lợi – theo mô hình,grid_small,route
1,28.23,3.01963980827992,9.401666666666667,0.6251666666666668,1.3816666666666666,2.926416666666667,24,5.201666666666667,Tiện lợi – theo mô hình,grid_small,route
2,28.283333333333335,2.9986143106249847,9.496666666666666,0.6834166666666667,1.4933333333333334,2.9784166666666665,27,5.131666666666667,Tiện lợi – theo mô hình,grid_small,route
0,28.58,3.0880466323378046,9.733333333333333,0.6630000000000001,1.4633333333333334,3.05575,30,5.391666666666667,Tiện lợi – chọn bằng mô phỏng,grid_small,route
1,28.23,3.01963980827992,9.401666666666667,0.6251666666666668,1.3816666666666666,2.926416666666667,24,5.201666666666667,Tiện lợi – chọn bằng mô phỏng,grid_small,route
2,28.283333333333335,2.9986143106249847,9.496666666666666,0.6834166666666667,1.4933333333333334,2.9784166666666665,27,5.131666666666667,Tiện lợi – chọn bằng mô phỏng,grid_small,route
0,28.58,3.0880466323378046,9.733333333333333,0.6630000000000001,1.4633333333333334,3.05575,30,5.391666666666667,Tiện lợi – tinh chỉnh,grid_small,route
1,28.23,3.01963980827992,9.401666666666667,0.6251666666666668,1.3816666666666666,2.926416666666667,24,5.201666666666667,Tiện lợi – tinh chỉnh,grid_small,route
2,28.283333333333335,2.9986143106249847,9.496666666666666,0.6834166666666667,1.4933333333333334,2.9784166666666665,27,5.131666666666667,Tiện lợi – tinh chỉnh,grid_small,route
0,31.576666666666668,3.554997643688048,11.261666666666667,1.1215,2.368333333333333,3.51425,31,5.391666666666667,Cân bằng – theo mô hình,grid_small,route
1,31.143333333333334,3.4366000525000753,10.866666666666667,1.0004166666666667,2.1216666666666666,3.3016666666666667,33,5.201666666666667,Cân bằng – theo mô hình,grid_small,route
2,31.036666666666665,3.4891435131234054,10.98,1.0997499999999998,2.276666666666667,3.3947499999999997,30,5.131666666666667,Cân bằng – theo mô hình,grid_small,route
0,29.41,3.2315911354553553,10.14,0.7971666666666666,1.7083333333333333,3.189916666666667,34,5.391666666666667,Cân bằng – chọn bằng mô phỏng,grid_small,route
1,28.983333333333334,3.134949968977582,9.88,0.7455833333333334,1.61,3.0468333333333333,25,5.201666666666667,Cân bằng – chọn bằng mô phỏng,grid_small,route
2,28.723333333333333,3.09233193151558,9.768333333333333,0.7478333333333333,1.605,3.0428333333333333,24,5.131666666666667,Cân bằng – chọn bằng mô phỏng,grid_small,route
0,29.803333333333335,3.2454308716558558,10.263333333333334,0.8175,1.7433333333333334,3.2102500000000003,27,5.391666666666667,Cân bằng – tinh chỉnh,grid_small,route
1,29.4,3.177874635630288,10.021666666666667,0.8019999999999999,1.7266666666666666,3.1032499999999996,24,5.201666666666667,Cân bằng – tinh chỉnh,grid_small,route
2,29.203333333333333,3.1401120543908076,9.998333333333333,0.8008333333333333,1.7166666666666666,3.095833333333333,22,5.131666666666667,Cân bằng – tinh chỉnh,grid_small,route
0,31.996666666666666,3.5453071815151276,11.19,1.0729166666666667,2.3266666666666667,3.465666666666667,33,5.391666666666667,Giá trị – theo mô hình,grid_small,route
1,31.76,3.545499073682664,11.093333333333334,1.12275,2.433333333333333,3.4239999999999995,36,5.201666666666667,Giá trị – theo mô hình,grid_small,route
2,31.66,3.50123257637638,11.031666666666666,1.12475,2.445,3.4197500000000005,27,5.131666666666667,Giá trị – theo mô hình,grid_small,route
0,31.996666666666666,3.5453071815151276,11.19,1.0729166666666667,2.3266666666666667,3.465666666666667,33,5.391666666666667,Giá trị – chọn bằng mô phỏng,grid_small,route
1,31.76,3.545499073682664,11.093333333333334,1.12275,2.433333333333333,3.4239999999999995,36,5.201666666666667,Giá trị – chọn bằng mô phỏng,grid_small,route
2,31.66,3.50123257637638,11.031666666666666,1.12475,2.445,3.4197500000000005,27,5.131666666666667,Giá trị – chọn bằng mô phỏng,grid_small,route
0,31.76,3.5708922138603856,11.156666666666666,1.1045,2.41,3.4972499999999997,33,5.391666666666667,Giá trị – tinh chỉnh,grid_small,route
1,31.66,3.51165977265195,11.028333333333334,1.0675,2.3466666666666667,3.36875,38,5.201666666666667,Giá trị – tinh chỉnh,grid_small,route
2,31.56,3.472342332140585,10.965,1.1190833333333334,2.453333333333333,3.414083333333333,28,5.131666666666667,Giá trị – tinh chỉnh,grid_small,route
0,36.6,3.27184596094997,10.27,0.6654166666666667,1.5766666666666667,3.0581666666666667,22,5.391666666666667,Hiện trạng,racetrack_small,route
1,36.21666666666667,3.2058693135651537,9.986666666666666,0.6381666666666667,1.5166666666666666,2.939416666666667,24,5.201666666666667,Hiện trạng,racetrack_small,route
2,36.153333333333336,3.2124053699748774,10.111666666666666,0.6533333333333333,1.565,2.9483333333333333,28,5.131666666666667,Hiện trạng,racetrack_small,route
0,34.45,2.984522764948271,8.593333333333334,0.4899166666666667,1.105,2.8826666666666667,28,5.391666666666667,Tiện lợi – theo mô hình,racetrack_small,route
1,33.71666666666667,2.861597699249731,8.246666666666666,0.43383333333333335,0.9616666666666667,2.7350833333333338,24,5.201666666666667,Tiện lợi – theo mô hình,racetrack_small,route
2,33.803333333333335,2.859334329248561,8.295,0.4294166666666666,0.965,2.724416666666667,31,5.131666666666667,Tiện lợi – theo mô hình,racetrack_small,route
0,34.45,2.984522764948271,8.593333333333334,0.4899166666666667,1.105,2.8826666666666667,28,5.391666666666667,Tiện lợi – chọn bằng mô phỏng,racetrack_small,route
1,33.71666666666667,2.861597699249731,8.246666666666666,0.43383333333333335,0.9616666666666667,2.7350833333333338,24,5.201666666666667,Tiện lợi – chọn bằng mô phỏng,racetrack_small,route
2,33.803333333333335,2.859334329248561,8.295,0.4294166666666666,0.965,2.724416666666667,31,5.131666666666667,Tiện lợi – chọn bằng mô phỏng,racetrack_small,route
0,34.3,2.969073207715844,8.545,0.4393333333333333,0.9816666666666667,2.8320833333333333,33,5.391666666666667,Tiện lợi – tinh chỉnh,racetrack_small,route
1,33.7,2.8691107616223404,8.251666666666667,0.4185833333333333,0.9166666666666666,2.7198333333333333,23,5.201666666666667,Tiện lợi – tinh chỉnh,racetrack_small,route
2,33.73,2.845537278753564,8.243333333333334,0.46458333333333335,1.0283333333333333,2.7595833333333335,30,5.131666666666667,Tiện lợi – tinh chỉnh,racetrack_small,route
0,37.65,3.8735063686900464,12.41,1.1668333333333332,2.6666666666666665,3.5595833333333333,33,5.391666666666667,Cân bằng – theo mô hình,racetrack_small,route
1,37.443333333333335,3.762378345556381,12.02,1.06175,2.4316666666666666,3.363,38,5.201666666666667,Cân bằng – theo mô hình,racetrack_small,route
2,37.443333333333335,3.7651417530031184,12.111666666666666,1.1139999999999999,2.56,3.4090000000000003,39,5.131666666666667,Cân bằng – theo mô hình,racetrack_small,route
0,36.53,3.5209126939919666,10.688333333333333,0.8220833333333334,1.9766666666666666,3.2148333333333334,33,5.391666666666667,Cân bằng – chọn bằng mô phỏng,racetrack_small,route
1,36.08,3.471543988511607,10.478333333333333,0.80575,1.94,3.107,34,5.201666666666667,Cân bằng – chọn bằng mô phỏng,racetrack_small,route
2,35.75666666666667,3.3860225375348727,10.268333333333333,0.8058333333333333,1.9333333333333333,3.1008333333333336,28,5.131666666666667,Cân bằng – chọn bằng mô phỏng,racetrack_small,route
0,36.25,3.5235199220865026,10.621666666666666,0.83875,2.0283333333333333,3.2314999999999996,23,5.391666666666667,Cân bằng – tinh chỉnh,racetrack_small,route
1,35.9,3.425454929055918,10.425,0.80225,1.9316666666666666,3.1035,22,5.201666666666667,Cân bằng – tinh chỉnh,racetrack_small,route
2,35.56,3.3915957620375385,10.261666666666667,0.8274166666666667,1.9783333333333333,3.1224166666666666,26,5.131666666666667,Cân bằng – tinh chỉnh,racetrack_small,route
0,38.65,3.9217121411296376,12.01,1.1576666666666666,2.6166666666666667,3.5504166666666666,34,5.391666666666667,Giá trị – theo mô hình,racetrack_small,route
1,38.63333333333333,3.8053036837543157,11.65,1.1215,2.5383333333333336,3.4227499999999993,31,5.201666666666667,Giá trị – theo mô hình,racetrack_small,route
2,38.46,3.8202855272708205,11.761666666666667,1.1866666666666668,2.6866666666666665,3.4816666666666665,39,5.131666666666667,Giá trị – theo mô hình,racetrack_small,route
0,38.65,3.9217121411296376,12.01,1.1576666666666666,2.6166666666666667,3.5504166666666666,34,5.391666666666667,Giá trị – chọn bằng mô phỏng,racetrack_small,route
1,38.63333333333333,3.8053036837543157,11.65,1.1215,2.5383333333333336,3.4227499999999993,31,5.201666666666667,Giá trị – chọn bằng mô phỏng,racetrack_small,route
2,38.46,3.8202855272708205,11.761666666666667,1.1866666666666668,2.6866666666666665,3.4816666666666665,39,5.131666666666667,Giá trị – chọn bằng mô phỏng,racetrack_small,route
0,38.81333333333333,3.8860955539314044,12.0,1.1236666666666668,2.5533333333333332,3.516416666666667,33,5.391666666666667,Giá trị – tinh chỉnh,racetrack_small,route
1,38.7,3.79605448827603,11.703333333333333,1.0893333333333333,2.4633333333333334,3.3905833333333333,39,5.201666666666667,Giá trị – tinh chỉnh,racetrack_small,route
2,38.513333333333335,3.820289792477831,11.765,1.1495,2.615,3.4444999999999997,37,5.131666666666667,Giá trị – tinh chỉnh,racetrack_small,route
0,42.413333333333334,3.5600875227279243,10.971666666666666,0.62475,1.4933333333333334,3.0175,41,5.391666666666667,Hiện trạng,free_small,route
1,41.95666666666666,3.428089830726091,10.383333333333333,0.5785,1.38,2.87975,29,5.201666666666667,Hiện trạng,free_small,route
2,41.943333333333335,3.4497658503944657,10.575,0.6108333333333333,1.4483333333333333,2.9058333333333333,29,5.131666666666667,Hiện trạng,free_small,route
0,41.053333333333335,3.4328614517340807,10.6,0.5564166666666667,1.2233333333333334,2.949166666666667,19,5.391666666666667,Tiện lợi – theo mô hình,free_small,route
1,40.46666666666667,3.342785070325164,10.278333333333334,0.537,1.1933333333333334,2.8382499999999995,28,5.201666666666667,Tiện lợi – theo mô hình,free_small,route
2,40.086666666666666,3.3065008047047475,10.218333333333334,0.51325,1.1316666666666666,2.80825,25,5.131666666666667,Tiện lợi – theo mô hình,free_small,route
0,41.2,3.4925552698027285,10.768333333333333,0.6076666666666667,1.3416666666666666,3.0004166666666667,37,5.391666666666667,Tiện lợi – chọn bằng mô phỏng,free_small,route
1,40.583333333333336,3.387029655755691,10.443333333333333,0.5604166666666667,1.22,2.861666666666667,27,5.201666666666667,Tiện lợi – chọn bằng mô phỏng,free_small,route
2,40.38,3.338404702501819,10.383333333333333,0.5577500000000001,1.215,2.8527500000000003,28,5.131666666666667,Tiện lợi – chọn bằng mô phỏng,free_small,route
0,41.2,3.4925552698027285,10.768333333333333,0.6076666666666667,1.3416666666666666,3.0004166666666667,37,5.391666666666667,Tiện lợi – tinh chỉnh,free_small,route
1,40.583333333333336,3.387029655755691,10.443333333333333,0.5604166666666667,1.22,2.861666666666667,27,5.201666666666667,Tiện lợi – tinh chỉnh,free_small,route
2,40.38,3.338404702501819,10.383333333333333,0.5577500000000001,1.215,2.8527500000000003,28,5.131666666666667,Tiện lợi – tinh chỉnh,free_small,route
0,41.68,3.8456124809713903,12.075,0.81375,1.865,3.2065,33,5.391666666666667,Cân bằng – theo mô hình,free_small,route
1,41.07333333333333,3.7299083191110216,11.696666666666667,0.7703333333333334,1.755,3.0715833333333333,30,5.201666666666667,Cân bằng – theo mô hình,free_small,route
2,41.093333333333334,3.733668690678616,11.886666666666667,0.8126666666666668,1.8533333333333333,3.107666666666667,33,5.131666666666667,Cân bằng – theo mô hình,free_small,route
0,41.9,3.7919458598303004,12.358333333333333,0.82575,1.7866666666666666,3.2185,34,5.391666666666667,Cân bằng – chọn bằng mô phỏng,free_small,route
1,41.43333333333333,3.720989327460672,12.085,0.7863333333333332,1.715,3.087583333333334,31,5.201666666666667,Cân bằng – chọn bằng mô phỏng,free_small,route
2,41.38,3.723095904521741,12.143333333333333,0.8070833333333334,1.765,3.1020833333333333,34,5.131666666666667,Cân bằng – chọn bằng mô phỏng,free_small,route
0,42.193333333333335,3.917841547801615,12.431666666666667,0.8923333333333333,1.9366666666666668,3.2850833333333336,41,5.391666666666667,Cân bằng – tinh chỉnh,free_small,route
1,41.49,3.796549366173757,12.135,0.8454166666666667,1.8166666666666667,3.1466666666666665,32,5.201666666666667,Cân bằng – tinh chỉnh,free_small,route
2,41.59,3.8160865358988256,12.221666666666666,0.825,1.7966666666666666,3.12,32,5.131666666666667,Cân bằng – tinh chỉnh,free_small,route
0,43.35666666666667,4.314318642901708,13.385,1.1325833333333333,2.5166666666666666,3.525333333333333,30,5.391666666666667,Giá trị – theo mô hình,free_small,route
1,43.156666666666666,4.2045522340109205,13.14,1.1114166666666667,2.4983333333333335,3.412666666666667,36,5.201666666666667,Giá trị – theo mô hình,free_small,route
2,43.086666666666666,4.233928778312237,13.185,1.1699166666666665,2.6133333333333333,3.4649166666666664,36,5.131666666666667,Giá trị – theo mô hình,free_small,route
0,43.35666666666667,4.314318642901708,13.385,1.1325833333333333,2.5166666666666666,3.525333333333333,30,5.391666666666667,Giá trị – chọn bằng mô phỏng,free_small,route
1,43.156666666666666,4.2045522340109205,13.14,1.1114166666666667,2.4983333333333335,3.412666666666667,36,5.201666666666667,Giá trị – chọn bằng mô phỏng,free_small,route
2,43.086666666666666,4.233928778312237,13.185,1.1699166666666665,2.6133333333333333,3.4649166666666664,36,5.131666666666667,Giá trị – chọn bằng mô phỏng,free_small,route
0,43.35666666666667,4.30730121320144,13.33,1.1315833333333334,2.5233333333333334,3.5243333333333338,37,5.391666666666667,Giá trị – tinh chỉnh,free_small,route
1,43.156666666666666,4.218367404461779,13.173333333333334,1.1464166666666669,2.5433333333333334,3.447666666666667,39,5.201666666666667,Giá trị – tinh chỉnh,free_small,route
2,43.086666666666666,4.219084468702484,13.175,1.13325,2.54,3.42825,35,5.131666666666667,Giá trị – tinh chỉnh,free_small,route
0,46.736666666666665,4.634885397728208,14.61,0.7525833333333334,1.4516666666666667,3.6973333333333334,27,6.315,Hiện trạng,grid_medium,route
1,46.86666666666667,4.750560928621441,14.905,0.7139166666666668,1.4133333333333333,3.7277500000000003,41,6.456666666666667,Hiện trạng,grid_medium,route
2,46.443333333333335,4.649108163221357,14.751666666666667,0.7409166666666666,1.4716666666666667,3.6330000000000005,39,6.191666666666666,Hiện trạng,grid_medium,route
0,43.20666666666666,4.3318878578691145,13.696666666666667,0.5840833333333334,1.2216666666666667,3.5288333333333335,39,6.315,Tiện lợi – theo mô hình,grid_medium,route
1,43.86666666666667,4.453658220579934,14.046666666666667,0.5749166666666666,1.18,3.58875,42,6.456666666666667,Tiện lợi – theo mô hình,grid_medium,route
2,42.86333333333334,4.2526739544586025,13.64,0.5489999999999999,1.1416666666666666,3.4410833333333333,40,6.191666666666666,Tiện lợi – theo mô hình,grid_medium,route
0,43.20666666666666,4.3318878578691145,13.696666666666667,0.5840833333333334,1.2216666666666667,3.5288333333333335,39,6.315,Tiện lợi – chọn bằng mô phỏng,grid_medium,route
1,43.86666666666667,4.453658220579934,14.046666666666667,0.5749166666666666,1.18,3.58875,42,6.456666666666667,Tiện lợi – chọn bằng mô phỏng,grid_medium,route
2,42.86333333333334,4.2526739544586025,13.64,0.5489999999999999,1.1416666666666666,3.4410833333333333,40,6.191666666666666,Tiện lợi – chọn bằng mô phỏng,grid_medium,route
0,43.07,4.233524769828572,13.486666666666666,0.5447500000000001,1.15,3.4894999999999996,36,6.315,Tiện lợi – tinh chỉnh,grid_medium,route
1,43.75333333333333,4.329026171625825,13.68,0.5679166666666666,1.1916666666666667,3.5817500000000004,45,6.456666666666667,Tiện lợi – tinh chỉnh,grid_medium,route
2,42.946666666666665,4.185323475270848,13.361666666666666,0.4996666666666667,1.0566666666666666,3.3917500000000005,35,6.191666666666666,Tiện lợi – tinh chỉnh,grid_medium,route
0,46.25666666666667,4.8682857640538595,14.02,0.9841666666666666,1.7,3.9289166666666664,30,6.315,Cân bằng – theo mô hình,grid_medium,route
1,46.55,4.913999684754569,14.266666666666667,0.917,1.6183333333333334,3.930833333333333,41,6.456666666666667,Cân bằng – theo mô hình,grid_medium,route
2,45.57333333333333,4.8031613289838155,14.061666666666667,0.9375833333333332,1.6366666666666667,3.8296666666666668,36,6.191666666666666,Cân bằng – theo mô hình,grid_medium,route
0,46.25666666666667,4.8682857640538595,14.02,0.9841666666666666,1.7,3.9289166666666664,30,6.315,Cân bằng – chọn bằng mô phỏng,grid_medium,route
1,46.55,4.913999684754569,14.266666666666667,0.917,1.6183333333333334,3.930833333333333,41,6.456666666666667,Cân bằng – chọn bằng mô phỏng,grid_medium,route
2,45.57333333333333,4.8031613289838155,14.061666666666667,0.9375833333333332,1.6366666666666667,3.8296666666666668,36,6.191666666666666,Cân bằng – chọn bằng mô phỏng,grid_medium,route
0,46.25666666666667,4.8682857640538595,14.02,0.9841666666666666,1.7,3.9289166666666664,30,6.315,Cân bằng – tinh chỉnh,grid_medium,route
1,46.55,4.913999684754569,14.266666666666667,0.917,1.6183333333333334,3.930833333333333,41,6.456666666666667,Cân bằng – tinh chỉnh,grid_medium,route
2,45.57333333333333,4.8031613289838155,14.061666666666667,0.9375833333333332,1.6366666666666667,3.8296666666666668,36,6.191666666666666,Cân bằng – tinh chỉnh,grid_medium,route
0,46.67333333333333,5.237314552135046,15.076666666666666,1.2580833333333332,2.0283333333333333,4.202833333333333,37,6.315,Giá trị – theo mô hình,grid_medium,route
1,46.973333333333336,5.247954079139454,14.99,1.1785833333333333,1.9266666666666667,4.1924166666666665,41,6.456666666666667,Giá trị – theo mô hình,grid_medium,route
2,46.446666666666665,5.278476270615396,15.131666666666666,1.2646666666666666,2.05,4.156750000000001,49,6.191666666666666,Giá trị – theo mô hình,grid_medium,route
0,46.67333333333333,5.237314552135046,15.076666666666666,1.2580833333333332,2.0283333333333333,4.202833333333333,37,6.315,Giá trị – chọn bằng mô phỏng,grid_medium,route
1,46.973333333333336,5.247954079139454,14.99,1.1785833333333333,1.9266666666666667,4.1924166666666665,41,6.456666666666667,Giá trị – chọn bằng mô phỏng,grid_medium,route
2,46.446666666666665,5.278476270615396,15.131666666666666,1.2646666666666666,2.05,4.156750000000001,49,6.191666666666666,Giá trị – chọn bằng mô phỏng,grid_medium,route
0,46.79333333333334,5.200362163187086,15.073333333333334,1.2593333333333334,2.058333333333333,4.204083333333333,40,6.315,Giá trị – tinh chỉnh,grid_medium,route
1,47.20666666666666,5.226900562024753,15.0,1.17775,1.9183333333333332,4.191583333333333,49,6.456666666666667,Giá trị – tinh chỉnh,grid_medium,route
2,46.516666666666666,5.207188597048186,15.073333333333334,1.2345833333333334,2.02,4.126666666666667,46,6.191666666666666,Giá trị – tinh chỉnh,grid_medium,route
0,51.93,4.971964561694837,15.388333333333334,0.7935,1.52,3.73825,42,6.315,Hiện trạng,racetrack_medium,route
1,51.806666666666665,4.998824915341691,15.29,0.7128333333333334,1.36,3.7266666666666666,29,6.456666666666667,Hiện trạng,racetrack_medium,route
2,51.76,4.948101225033341,15.436666666666667,0.7484166666666667,1.4366666666666668,3.6405000000000003,46,6.191666666666666,Hiện trạng,racetrack_medium,route
0,46.02333333333333,4.426304803195791,13.136666666666667,0.6081666666666666,1.2,3.5529166666666665,30,6.315,Tiện lợi – theo mô hình,racetrack_medium,route
1,46.79666666666667,4.485204926376209,13.286666666666667,0.5701666666666667,1.1333333333333333,3.584,46,6.456666666666667,Tiện lợi – theo mô hình,racetrack_medium,route
2,46.04,4.362884026212096,13.055,0.5595000000000001,1.135,3.4515833333333332,38,6.191666666666666,Tiện lợi – theo mô hình,racetrack_medium,route
0,46.21333333333333,4.460217273988152,13.13,0.6006666666666667,1.1866666666666668,3.5454166666666667,38,6.315,Tiện lợi – chọn bằng mô phỏng,racetrack_medium,route
1,46.89333333333333,4.555542580254908,13.371666666666666,0.5708333333333333,1.1016666666666666,3.584666666666667,36,6.456666666666667,Tiện lợi – chọn bằng mô phỏng,racetrack_medium,route
2,46.1,4.42055799030029,13.043333333333333,0.62625,1.2,3.5183333333333335,33,6.191666666666666,Tiện lợi – chọn bằng mô phỏng,racetrack_medium,route
0,46.38666666666666,4.438349064887032,13.233333333333333,0.5856666666666667,1.1633333333333333,3.5304166666666665,37,6.315,Tiện lợi – tinh chỉnh,racetrack_medium,route
1,46.81333333333333,4.484155204932796,13.356666666666667,0.5665833333333334,1.1283333333333334,3.580416666666667,39,6.456666666666667,Tiện lợi – tinh chỉnh,racetrack_medium,route
2,46.11,4.355003301827411,13.071666666666667,0.5928333333333333,1.1783333333333332,3.4849166666666664,42,6.191666666666666,Tiện lợi – tinh chỉnh,racetrack_medium,route
0,52.8,5.728062870998192,16.971666666666668,1.3579999999999999,2.316666666666667,4.3027500000000005,36,6.315,Cân bằng – theo mô hình,racetrack_medium,route
1,53.75,5.9246913833725925,17.423333333333332,1.3298333333333334,2.2133333333333334,4.343666666666667,42,6.456666666666667,Cân bằng – theo mô hình,racetrack_medium,route
2,52.91,5.776847901714327,17.285,1.3022500000000001,2.1883333333333335,4.194333333333334,31,6.191666666666666,Cân bằng – theo mô hình,racetrack_medium,route
0,52.153333333333336,5.305709296492711,16.171666666666667,1.0521666666666667,1.8116666666666668,3.996916666666668,40,6.315,Cân bằng – chọn bằng mô phỏng,racetrack_medium,route
1,52.68333333333333,5.409792918627999,16.235,1.03775,1.7833333333333334,4.051583333333333,56,6.456666666666667,Cân bằng – chọn bằng mô phỏng,racetrack_medium,route
2,52.11666666666667,5.359533334631068,16.331666666666667,1.1002500000000002,1.8833333333333333,3.9923333333333333,34,6.191666666666666,Cân bằng – chọn bằng mô phỏng,racetrack_medium,route
0,52.153333333333336,5.305709296492711,16.171666666666667,1.0521666666666667,1.8116666666666668,3.996916666666668,40,6.315,Cân bằng – tinh chỉnh,racetrack_medium,route
1,52.68333333333333,5.409792918627999,16.235,1.03775,1.7833333333333334,4.051583333333333,56,6.456666666666667,Cân bằng – tinh chỉnh,racetrack_medium,route
2,52.11666666666667,5.359533334631068,16.331666666666667,1.1002500000000002,1.8833333333333333,3.9923333333333333,34,6.191666666666666,Cân bằng – tinh chỉnh,racetrack_medium,route
0,56.39333333333333,5.854434334236767,17.321666666666665,1.3216666666666668,2.2716666666666665,4.266416666666667,42,6.315,Giá trị – theo mô hình,racetrack_medium,route
1,56.776666666666664,6.004387415844537,17.755,1.3041666666666667,2.24,4.318,53,6.456666666666667,Giá trị – theo mô hình,racetrack_medium,route
2,56.76,5.989225097923609,17.805,1.3985833333333333,2.3666666666666667,4.290666666666667,40,6.191666666666666,Giá trị – theo mô hình,racetrack_medium,route
0,55.44,5.785944814802776,16.43,1.3603333333333332,2.2983333333333333,4.305083333333334,30,6.315,Giá trị – chọn bằng mô phỏng,racetrack_medium,route
1,55.87,5.969539545093588,16.766666666666666,1.3184999999999998,2.2416666666666667,4.332333333333333,41,6.456666666666667,Giá trị – chọn bằng mô phỏng,racetrack_medium,route
2,55.656666666666666,5.820065721327588,16.548333333333332,1.3565833333333335,2.3133333333333335,4.248666666666666,40,6.191666666666666,Giá trị – chọn bằng mô phỏng,racetrack_medium,route
0,55.586666666666666,5.873001056796479,16.55666666666667,1.3388333333333333,2.2916666666666665,4.2835833333333335,34,6.315,Giá trị – tinh chỉnh,racetrack_medium,route
1,56.25333333333333,5.966906746292352,16.81833333333333,1.3184166666666666,2.2333333333333334,4.33225,49,6.456666666666667,Giá trị – tinh chỉnh,racetrack_medium,route
2,55.79,5.790693909321062,16.458333333333332,1.2898333333333334,2.2016666666666667,4.181916666666667,37,6.191666666666666,Giá trị – tinh chỉnh,racetrack_medium,route
0,66.46666666666667,5.117749577866343,15.318333333333333,0.7623333333333334,1.515,3.7070833333333333,29,6.315,Hiện trạng,free_medium,route
1,66.8,5.3143654662774304,16.025,0.7054166666666667,1.415,3.71925,47,6.456666666666667,Hiện trạng,free_medium,route
2,67.45333333333333,5.056377232790759,15.021666666666667,0.6711666666666667,1.3266666666666667,3.5632499999999996,34,6.191666666666666,Hiện trạng,free_medium,route
0,63.303333333333335,4.242176999722979,11.22,0.43433333333333335,0.8466666666666667,3.379083333333333,26,6.315,Tiện lợi – theo mô hình,free_medium,route
1,63.733333333333334,4.3845222823800905,11.665,0.43100000000000005,0.8283333333333334,3.4448333333333334,38,6.456666666666667,Tiện lợi – theo mô hình,free_medium,route
2,63.32,4.218612548706354,11.321666666666667,0.42033333333333334,0.8,3.3124166666666666,22,6.191666666666666,Tiện lợi – theo mô hình,free_medium,route
0,63.33,4.9991751133393825,15.02,0.6779166666666666,1.3716666666666666,3.6226666666666665,24,6.315,Tiện lợi – chọn bằng mô phỏng,free_medium,route
1,63.303333333333335,5.149289296070335,15.4,0.6863333333333334,1.3833333333333333,3.7001666666666666,34,6.456666666666667,Tiện lợi – chọn bằng mô phỏng,free_medium,route
2,62.98,4.926251803245664,14.868333333333334,0.6254166666666666,1.2966666666666666,3.5175,35,6.191666666666666,Tiện lợi – chọn bằng mô phỏng,free_medium,route
0,63.33,5.051841489931925,15.09,0.6561666666666667,1.33,3.600916666666667,32,6.315,Tiện lợi – tinh chỉnh,free_medium,route
1,63.28333333333333,5.148994844964304,15.491666666666667,0.6333333333333333,1.28,3.647166666666667,39,6.456666666666667,Tiện lợi – tinh chỉnh,free_medium,route
2,62.98,4.947946138217512,14.92,0.59825,1.225,3.490333333333333,40,6.191666666666666,Tiện lợi – tinh chỉnh,free_medium,route
0,69.48333333333333,6.160524469855087,16.516666666666666,1.43525,2.2666666666666666,4.38,41,6.315,Cân bằng – theo mô hình,free_medium,route
1,69.31666666666666,6.214687180486464,16.595,1.36025,2.1566666666666667,4.374083333333333,57,6.456666666666667,Cân bằng – theo mô hình,free_medium,route
2,69.65,6.119004202590739,16.386666666666667,1.40125,2.24,4.293333333333333,47,6.191666666666666,Cân bằng – theo mô hình,free_medium,route
0,66.23,5.813241304194954,17.758333333333333,1.0775,2.026666666666667,4.0222500000000005,45,6.315,Cân bằng – chọn bằng mô phỏng,free_medium,route
1,66.82666666666667,5.90759410343892,17.961666666666666,1.0351666666666668,1.97,4.049,44,6.456666666666667,Cân bằng – chọn bằng mô phỏng,free_medium,route
2,66.33666666666667,5.816332042627375,17.76,1.0754166666666667,2.05,3.9675,47,6.191666666666666,Cân bằng – chọn bằng mô phỏng,free_medium,route
0,66.49333333333334,5.807560391722645,17.803333333333335,1.04825,1.9066666666666667,3.9930000000000003,51,6.315,Cân bằng – tinh chỉnh,free_medium,route
1,67.15,5.928004505797044,17.985,1.0658333333333334,1.9433333333333334,4.079666666666667,56,6.456666666666667,Cân bằng – tinh chỉnh,free_medium,route
2,66.60666666666667,5.830219518006138,17.711666666666666,1.0636666666666668,1.9883333333333333,3.9557499999999997,42,6.191666666666666,Cân bằng – tinh chỉnh,free_medium,route
0,72.39666666666666,6.489039925285109,18.433333333333334,1.40425,2.435,4.348999999999999,58,6.315,Giá trị – theo mô hình,free_medium,route
1,72.43666666666667,6.605482916042772,18.648333333333333,1.3920833333333333,2.4133333333333336,4.405916666666667,62,6.456666666666667,Giá trị – theo mô hình,free_medium,route
2,72.89,6.522956905761911,18.511666666666667,1.4088333333333332,2.4133333333333336,4.300916666666667,49,6.191666666666666,Giá trị – theo mô hình,free_medium,route
0,69.48333333333333,6.160524469855087,16.516666666666666,1.43525,2.2666666666666666,4.38,41,6.315,Giá trị – chọn bằng mô phỏng,free_medium,route
1,69.31666666666666,6.214687180486464,16.595,1.36025,2.1566666666666667,4.374083333333333,57,6.456666666666667,Giá trị – chọn bằng mô phỏng,free_medium,route
2,69.65,6.119004202590739,16.386666666666667,1.40125,2.24,4.293333333333333,47,6.191666666666666,Giá trị – chọn bằng mô phỏng,free_medium,route
0,69.44666666666667,6.178519524805651,16.531666666666666,1.4000833333333333,2.215,4.344833333333333,36,6.315,Giá trị – tinh chỉnh,free_medium,route
1,69.23666666666666,6.184757411985822,16.558333333333334,1.3620833333333333,2.17,4.375916666666667,47,6.456666666666667,Giá trị – tinh chỉnh,free_medium,route
2,69.70333333333333,6.104781584460385,16.393333333333334,1.4030833333333335,2.1966666666666668,4.295166666666668,40,6.191666666666666,Giá trị – tinh chỉnh,free_medium,route
0,82.90333333333334,7.899831567788866,25.516666666666666,0.8235,1.4833333333333334,4.224083333333333,32,7.308333333333334,Hiện trạng,grid_large,route
1,82.93666666666667,8.00157750530392,25.671666666666667,0.8153333333333334,1.49,4.3302499999999995,55,7.551666666666667,Hiện trạng,grid_large,route
2,81.67,7.810573493151329,25.153333333333332,0.7813333333333333,1.425,4.152666666666668,39,7.233333333333333,Hiện trạng,grid_large,route
0,69.83333333333333,6.63348541859167,20.366666666666667,0.6225833333333334,1.1566666666666667,4.023166666666666,31,7.308333333333334,Tiện lợi – theo mô hình,grid_large,route
1,70.22,6.839283943268489,20.836666666666666,0.5334166666666665,1.0183333333333333,4.048333333333333,47,7.551666666666667,Tiện lợi – theo mô hình,grid_large,route
2,68.93,6.58152564642266,20.091666666666665,0.60575,1.1266666666666667,3.9770833333333333,39,7.233333333333333,Tiện lợi – theo mô hình,grid_large,route
0,69.83333333333333,6.63348541859167,20.366666666666667,0.6225833333333334,1.1566666666666667,4.023166666666666,31,7.308333333333334,Tiện lợi – chọn bằng mô phỏng,grid_large,route
1,70.22,6.839283943268489,20.836666666666666,0.5334166666666665,1.0183333333333333,4.048333333333333,47,7.551666666666667,Tiện lợi – chọn bằng mô phỏng,grid_large,route
2,68.93,6.58152564642266,20.091666666666665,0.60575,1.1266666666666667,3.9770833333333333,39,7.233333333333333,Tiện lợi – chọn bằng mô phỏng,grid_large,route
0,69.95666666666666,6.688477327121097,20.395,0.67,1.2233333333333334,4.070583333333333,30,7.308333333333334,Tiện lợi – tinh chỉnh,grid_large,route
1,70.22333333333333,6.848640137696548,20.801666666666666,0.6570833333333334,1.2083333333333333,4.172,37,7.551666666666667,Tiện lợi – tinh chỉnh,grid_large,route
2,68.97666666666667,6.62602412754208,20.168333333333333,0.6219166666666667,1.1533333333333333,3.9932499999999997,33,7.233333333333333,Tiện lợi – tinh chỉnh,grid_large,route
0,74.06666666666666,7.3757583943587814,21.89,0.8601666666666665,1.4683333333333333,4.260750000000001,49,7.308333333333334,Cân bằng – theo mô hình,grid_large,route
1,74.3,7.606871449233559,22.333333333333332,0.8313333333333333,1.4583333333333333,4.34625,42,7.551666666666667,Cân bằng – theo mô hình,grid_large,route
2,73.19333333333333,7.305420543803132,21.723333333333333,0.84675,1.445,4.218083333333333,51,7.233333333333333,Cân bằng – theo mô hình,grid_large,route
0,79.58,7.935092522881819,23.933333333333334,0.9780833333333332,1.65,4.378666666666667,45,7.308333333333334,Cân bằng – chọn bằng mô phỏng,grid_large,route
1,80.81666666666666,8.142717564654932,24.235,0.9395000000000001,1.5933333333333333,4.454416666666667,55,7.551666666666667,Cân bằng – chọn bằng mô phỏng,grid_large,route
2,78.81333333333333,7.876272657036752,23.533333333333335,0.9760833333333333,1.6133333333333333,4.347416666666667,67,7.233333333333333,Cân bằng – chọn bằng mô phỏng,grid_large,route
0,79.80666666666667,7.961424768846681,24.001666666666665,1.0091666666666668,1.7,4.409750000000001,49,7.308333333333334,Cân bằng – tinh chỉnh,grid_large,route
1,80.97,8.145148058659206,24.258333333333333,0.9550833333333333,1.6,4.47,54,7.551666666666667,Cân bằng – tinh chỉnh,grid_large,route
2,78.79666666666667,7.867094715905429,23.468333333333334,0.93275,1.5833333333333333,4.304083333333333,53,7.233333333333333,Cân bằng – tinh chỉnh,grid_large,route
0,92.87666666666667,8.686057829337217,25.37,1.2113333333333332,1.9533333333333334,4.611916666666666,50,7.308333333333334,Giá trị – theo mô hình,grid_large,route
1,94.64,8.864188123965553,25.628333333333334,1.09675,1.775,4.611666666666666,70,7.551666666666667,Giá trị – theo mô hình,grid_large,route
2,94.26666666666667,8.740429989626818,25.58,1.1735833333333334,1.8916666666666666,4.5449166666666665,39,7.233333333333333,Giá trị – theo mô hình,grid_large,route
0,92.87666666666667,8.686057829337217,25.37,1.2113333333333332,1.9533333333333334,4.611916666666666,50,7.308333333333334,Giá trị – chọn bằng mô phỏng,grid_large,route
1,94.64,8.864188123965553,25.628333333333334,1.09675,1.775,4.611666666666666,70,7.551666666666667,Giá trị – chọn bằng mô phỏng,grid_large,route
2,94.26666666666667,8.740429989626818,25.58,1.1735833333333334,1.8916666666666666,4.5449166666666665,39,7.233333333333333,Giá trị – chọn bằng mô phỏng,grid_large,route
0,93.17,8.61730271876493,25.36,1.1745,1.9183333333333332,4.575083333333334,48,7.308333333333334,Giá trị – tinh chỉnh,grid_large,route
1,94.92,8.828690981528712,25.641666666666666,1.1216666666666666,1.81,4.636583333333333,56,7.551666666666667,Giá trị – tinh chỉnh,grid_large,route
2,94.57333333333334,8.7744770715205,25.72,1.1568333333333332,1.8633333333333333,4.5281666666666665,60,7.233333333333333,Giá trị – tinh chỉnh,grid_large,route
0,95.57666666666667,8.711862571278806,27.531666666666666,0.8775833333333333,1.565,4.2781666666666665,67,7.308333333333334,Hiện trạng,racetrack_large,route
1,95.97666666666667,8.794889361455313,27.45,0.8226666666666667,1.4533333333333334,4.337583333333333,79,7.551666666666667,Hiện trạng,racetrack_large,route
2,95.01666666666667,8.77179750980488,27.825,0.9111666666666666,1.605,4.2825,84,7.233333333333333,Hiện trạng,racetrack_large,route
0,71.79333333333334,7.329247110622943,23.746666666666666,0.58475,1.1683333333333332,3.9853333333333336,39,7.308333333333334,Tiện lợi – theo mô hình,racetrack_large,route
1,73.09666666666666,7.560693083651635,24.321666666666665,0.6113333333333333,1.2133333333333334,4.12625,47,7.551666666666667,Tiện lợi – theo mô hình,racetrack_large,route
2,71.28666666666666,7.312250213649008,23.671666666666667,0.63475,1.2483333333333333,4.006083333333334,32,7.233333333333333,Tiện lợi – theo mô hình,racetrack_large,route
0,71.79333333333334,7.329247110622943,23.746666666666666,0.58475,1.1683333333333332,3.9853333333333336,39,7.308333333333334,Tiện lợi – chọn bằng mô phỏng,racetrack_large,route
1,73.09666666666666,7.560693083651635,24.321666666666665,0.6113333333333333,1.2133333333333334,4.12625,47,7.551666666666667,Tiện lợi – chọn bằng mô phỏng,racetrack_large,route
2,71.28666666666666,7.312250213649008,23.671666666666667,0.63475,1.2483333333333333,4.006083333333334,32,7.233333333333333,Tiện lợi – chọn bằng mô phỏng,racetrack_large,route
0,71.93,7.360125195001486,23.793333333333333,0.62425,1.2383333333333333,4.0248333333333335,40,7.308333333333334,Tiện lợi – tinh chỉnh,racetrack_large,route
1,73.17333333333333,7.569049658808059,24.37,0.6083333333333333,1.1666666666666667,4.12325,39,7.551666666666667,Tiện lợi – tinh chỉnh,racetrack_large,route
2,71.27333333333333,7.316161074373914,23.658333333333335,0.6150833333333333,1.2033333333333334,3.9864166666666665,34,7.233333333333333,Tiện lợi – tinh chỉnh,racetrack_large,route
0,84.66666666666667,8.96348944654248,27.198333333333334,1.19425,1.9716666666666667,4.594833333333333,56,7.308333333333334,Cân bằng – theo mô hình,racetrack_large,route
1,86.19,9.175843173450572,27.578333333333333,1.2038333333333333,1.965,4.71875,47,7.551666666666667,Cân bằng – theo mô hình,racetrack_large,route
2,84.94,9.038013708332091,27.313333333333333,1.12125,1.8783333333333334,4.492583333333334,39,7.233333333333333,Cân bằng – theo mô hình,racetrack_large,route
0,94.29,10.086381384867536,30.06,1.41625,2.37,4.816833333333333,57,7.308333333333334,Cân bằng – chọn bằng mô phỏng,racetrack_large,route
1,95.48333333333333,10.32105966945447,30.406666666666666,1.3678333333333335,2.28,4.88275,61,7.551666666666667,Cân bằng – chọn bằng mô phỏng,racetrack_large,route
2,95.04333333333334,10.265240663188203,30.64666666666667,1.4379166666666667,2.385,4.8092500000000005,67,7.233333333333333,Cân bằng – chọn bằng mô phỏng,racetrack_large,route
0,94.48,10.113404370817882,30.165,1.3945833333333333,2.32,4.795166666666668,60,7.308333333333334,Cân bằng – tinh chỉnh,racetrack_large,route
1,95.67333333333333,10.325545947499313,30.436666666666667,1.3584999999999998,2.2933333333333334,4.873416666666667,73,7.551666666666667,Cân bằng – tinh chỉnh,racetrack_large,route
2,94.99666666666667,10.258623637505558,30.621666666666666,1.4626666666666666,2.4183333333333334,4.8340000000000005,66,7.233333333333333,Cân bằng – tinh chỉnh,racetrack_large,route
0,100.59,10.569237668838818,32.005,1.4808333333333332,2.4583333333333335,4.8814166666666665,65,7.308333333333334,Giá trị – theo mô hình,racetrack_large,route
1,103.2,11.102358653033834,33.29833333333333,1.4335833333333332,2.3433333333333333,4.9485,75,7.551666666666667,Giá trị – theo mô hình,racetrack_large,route
2,101.66,10.765632214438055,32.428333333333335,1.4535833333333332,2.4366666666666665,4.824916666666667,61,7.233333333333333,Giá trị – theo mô hình,racetrack_large,route
0,100.59,10.569237668838818,32.005,1.4808333333333332,2.4583333333333335,4.8814166666666665,65,7.308333333333334,Giá trị – chọn bằng mô phỏng,racetrack_large,route
1,103.2,11.102358653033834,33.29833333333333,1.4335833333333332,2.3433333333333333,4.9485,75,7.551666666666667,Giá trị – chọn bằng mô phỏng,racetrack_large,route
2,101.66,10.765632214438055,32.428333333333335,1.4535833333333332,2.4366666666666665,4.824916666666667,61,7.233333333333333,Giá trị – chọn bằng mô phỏng,racetrack_large,route
0,100.55333333333333,10.629801373814862,31.945,1.5016666666666667,2.493333333333333,4.90225,61,7.308333333333334,Giá trị – tinh chỉnh,racetrack_large,route
1,103.07666666666667,11.077873850193987,33.24333333333333,1.43075,2.381666666666667,4.945666666666666,70,7.551666666666667,Giá trị – tinh chỉnh,racetrack_large,route
2,101.50333333333333,10.758177634965895,32.29,1.4879166666666668,2.493333333333333,4.85925,45,7.233333333333333,Giá trị – tinh chỉnh,racetrack_large,route
0,116.23,8.691910996335473,25.328333333333333,0.84575,1.5183333333333333,4.246333333333333,35,7.308333333333334,Hiện trạng,free_large,route
1,116.93333333333334,8.993952345481121,26.073333333333334,0.8039166666666666,1.4483333333333333,4.318833333333333,46,7.551666666666667,Hiện trạng,free_large,route
2,116.45,8.838056307977935,25.878333333333334,0.8164166666666667,1.4983333333333333,4.18775,42,7.233333333333333,Hiện trạng,free_large,route
0,97.16,7.224336265630751,21.605,0.5464166666666667,1.03,3.9469999999999996,32,7.308333333333334,Tiện lợi – theo mô hình,free_large,route
1,98.72,7.497323500280135,22.151666666666667,0.56325,1.0666666666666667,4.078166666666667,33,7.551666666666667,Tiện lợi – theo mô hình,free_large,route
2,96.99666666666667,7.24563533513905,21.74,0.5274166666666668,1.015,3.89875,45,7.233333333333333,Tiện lợi – theo mô hình,free_large,route
0,97.16,7.224336265630751,21.605,0.5464166666666667,1.03,3.9469999999999996,32,7.308333333333334,Tiện lợi – chọn bằng mô phỏng,free_large,route
1,98.72,7.497323500280135,22.151666666666667,0.56325,1.0666666666666667,4.078166666666667,33,7.551666666666667,Tiện lợi – chọn bằng mô phỏng,free_large,route
2,96.99666666666667,7.24563533513905,21.74,0.5274166666666668,1.015,3.89875,45,7.233333333333333,Tiện lợi – chọn bằng mô phỏng,free_large,route
0,96.90666666666667,7.222427064031186,21.575,0.5436666666666667,1.0116666666666667,3.9442499999999994,40,7.308333333333334,Tiện lợi – tinh chỉnh,free_large,route
1,98.35333333333334,7.454938068600845,22.105,0.5500833333333333,1.0216666666666667,4.065,34,7.551666666666667,Tiện lợi – tinh chỉnh,free_large,route
2,96.70333333333333,7.2738887002961246,21.743333333333332,0.55025,1.0533333333333332,3.921583333333333,46,7.233333333333333,Tiện lợi – tinh chỉnh,free_large,route
0,103.73666666666666,8.785420315261739,24.64666666666667,1.0635833333333333,1.695,4.464166666666666,54,7.308333333333334,Cân bằng – theo mô hình,free_large,route
1,104.42666666666666,8.908799070321587,24.785,1.0765,1.7166666666666666,4.5914166666666665,46,7.551666666666667,Cân bằng – theo mô hình,free_large,route
2,102.38,8.769926251959795,24.746666666666666,0.9969166666666667,1.5783333333333334,4.36825,43,7.233333333333333,Cân bằng – theo mô hình,free_large,route
0,114.58333333333333,9.476876324569755,26.403333333333332,1.2679166666666666,2.025,4.6685,54,7.308333333333334,Cân bằng – chọn bằng mô phỏng,free_large,route
1,115.81,9.602072689328514,26.526666666666667,1.1421666666666666,1.845,4.6570833333333335,45,7.551666666666667,Cân bằng – chọn bằng mô phỏng,free_large,route
2,115.89333333333333,9.560578330199721,26.786666666666665,1.2128333333333334,1.9533333333333334,4.5841666666666665,37,7.233333333333333,Cân bằng – chọn bằng mô phỏng,free_large,route
0,114.68666666666667,9.45490274482038,26.4,1.2264166666666665,1.9533333333333334,4.627,41,7.308333333333334,Cân bằng – tinh chỉnh,free_large,route
1,115.89,9.579308383675713,26.54,1.14075,1.825,4.655666666666666,47,7.551666666666667,Cân bằng – tinh chỉnh,free_large,route
2,115.89,9.567729307459965,26.768333333333334,1.1555,1.8683333333333334,4.526833333333333,39,7.233333333333333,Cân bằng – tinh chỉnh,free_large,route
0,123.87,9.87353292914539,27.921666666666667,1.312,2.1333333333333333,4.712583333333334,36,7.308333333333334,Giá trị – theo mô hình,free_large,route
1,126.04666666666667,10.043307075935838,28.35333333333333,1.26,2.0566666666666666,4.774916666666666,56,7.551666666666667,Giá trị – theo mô hình,free_large,route
2,126.01333333333334,10.00500606586766,28.383333333333333,1.3035,2.125,4.674833333333333,28,7.233333333333333,Giá trị – theo mô hình,free_large,route
0,123.87,9.87353292914539,27.921666666666667,1.312,2.1333333333333333,4.712583333333334,36,7.308333333333334,Giá trị – chọn bằng mô phỏng,free_large,route
1,126.04666666666667,10.043307075935838,28.35333333333333,1.26,2.0566666666666666,4.774916666666666,56,7.551666666666667,Giá trị – chọn bằng mô phỏng,free_large,route
2,126.01333333333334,10.00500606586766,28.383333333333333,1.3035,2.125,4.674833333333333,28,7.233333333333333,Giá trị – chọn bằng mô phỏng,free_large,route
0,123.42666666666666,9.84827889509841,27.956666666666667,1.2792500000000002,2.08,4.679833333333334,34,7.308333333333334,Giá trị – tinh chỉnh,free_large,route
1,125.29333333333334,10.049907560338733,28.236666666666668,1.2602499999999999,2.0383333333333336,4.775166666666667,62,7.551666666666667,Giá trị – tinh chỉnh,free_large,route
2,125.44333333333333,9.968984700844103,28.358333333333334,1.2795,2.1,4.650833333333333,34,7.233333333333333,Giá trị – tinh chỉnh,free_large,route
0,42.096666666666664,4.040517446595673,12.498333333333333,0.70225,1.4766666666666666,3.4536666666666664,47,6.07,Hiện trạng,case_minimart_n30,route
1,41.75,3.9537515459516572,12.27,0.6584166666666667,1.3916666666666666,3.33075,36,5.876666666666667,Hiện trạng,case_minimart_n30,route
2,41.77333333333333,3.9926934028145267,12.481666666666667,0.6379166666666667,1.3466666666666667,3.4005000000000005,44,6.096666666666667,Hiện trạng,case_minimart_n30,route
0,39.60666666666667,3.8459360323673013,11.423333333333334,0.5890000000000001,1.3,3.3404166666666666,39,6.07,Tiện lợi – theo mô hình,case_minimart_n30,route
1,39.086666666666666,3.7369620546136972,11.065,0.5190833333333333,1.1716666666666666,3.1914166666666666,37,5.876666666666667,Tiện lợi – theo mô hình,case_minimart_n30,route
2,39.526666666666664,3.832212823648389,11.358333333333333,0.5551666666666666,1.235,3.31775,32,6.096666666666667,Tiện lợi – theo mô hình,case_minimart_n30,route
0,39.60666666666667,3.8459360323673013,11.423333333333334,0.5890000000000001,1.3,3.3404166666666666,39,6.07,Tiện lợi – chọn bằng mô phỏng,case_minimart_n30,route
1,39.086666666666666,3.7369620546136972,11.065,0.5190833333333333,1.1716666666666666,3.1914166666666666,37,5.876666666666667,Tiện lợi – chọn bằng mô phỏng,case_minimart_n30,route
2,39.526666666666664,3.832212823648389,11.358333333333333,0.5551666666666666,1.235,3.31775,32,6.096666666666667,Tiện lợi – chọn bằng mô phỏng,case_minimart_n30,route
0,39.343333333333334,3.8523828149964205,11.413333333333334,0.593,1.3266666666666667,3.344416666666667,40,6.07,Tiện lợi – tinh chỉnh,case_minimart_n30,route
1,38.946666666666665,3.7237893263599138,11.081666666666667,0.5685,1.2766666666666666,3.2408333333333332,37,5.876666666666667,Tiện lợi – tinh chỉnh,case_minimart_n30,route
2,39.196666666666665,3.8204232178366375,11.386666666666667,0.5773333333333333,1.3,3.3399166666666673,41,6.096666666666667,Tiện lợi – tinh chỉnh,case_minimart_n30,route
0,42.18666666666667,4.219379353694765,12.793333333333333,0.8508333333333333,1.7316666666666667,3.6022499999999997,41,6.07,Cân bằng – theo mô hình,case_minimart_n30,route
1,41.29666666666667,4.108550214517395,12.48,0.7841666666666667,1.605,3.4565,37,5.876666666666667,Cân bằng – theo mô hình,case_minimart_n30,route
2,41.92,4.232186642324865,12.831666666666667,0.7999166666666666,1.64,3.5625,43,6.096666666666667,Cân bằng – theo mô hình,case_minimart_n30,route
0,41.48,4.207463468375926,12.573333333333334,0.7715833333333334,1.6683333333333332,3.523,38,6.07,Cân bằng – chọn bằng mô phỏng,case_minimart_n30,route
1,40.86,4.035602136725788,12.11,0.7093333333333334,1.535,3.381666666666667,46,5.876666666666667,Cân bằng – chọn bằng mô phỏng,case_minimart_n30,route
2,40.86,4.168725798928393,12.508333333333333,0.75025,1.625,3.512833333333334,36,6.096666666666667,Cân bằng – chọn bằng mô phỏng,case_minimart_n30,route
0,41.48,4.207463468375926,12.573333333333334,0.7715833333333334,1.6683333333333332,3.523,38,6.07,Cân bằng – tinh chỉnh,case_minimart_n30,route
1,40.86,4.035602136725788,12.11,0.7093333333333334,1.535,3.381666666666667,46,5.876666666666667,Cân bằng – tinh chỉnh,case_minimart_n30,route
2,40.86,4.168725798928393,12.508333333333333,0.75025,1.625,3.512833333333334,36,6.096666666666667,Cân bằng – tinh chỉnh,case_minimart_n30,route
0,46.42666666666667,4.406711368003645,12.805,0.9140833333333334,1.8633333333333333,3.6655,45,6.07,Giá trị – theo mô hình,case_minimart_n30,route
1,45.876666666666665,4.290623994177289,12.675,0.87875,1.8016666666666667,3.5510833333333336,48,5.876666666666667,Giá trị – theo mô hình,case_minimart_n30,route
2,46.67,4.427616660016873,13.038333333333334,0.91,1.88,3.6725833333333338,38,6.096666666666667,Giá trị – theo mô hình,case_minimart_n30,route
0,46.42666666666667,4.406711368003645,12.805,0.9140833333333334,1.8633333333333333,3.6655,45,6.07,Giá trị – chọn bằng mô phỏng,case_minimart_n30,route
1,45.876666666666665,4.290623994177289,12.675,0.87875,1.8016666666666667,3.5510833333333336,48,5.876666666666667,Giá trị – chọn bằng mô phỏng,case_minimart_n30,route
2,46.67,4.427616660016873,13.038333333333334,0.91,1.88,3.6725833333333338,38,6.096666666666667,Giá trị – chọn bằng mô phỏng,case_minimart_n30,route
0,46.00666666666667,4.395894859937849,12.798333333333334,0.9050833333333332,1.8683333333333334,3.6565000000000003,53,6.07,Giá trị – tinh chỉnh,case_minimart_n30,route
1,45.7,4.301089215994701,12.701666666666666,0.90775,1.8533333333333333,3.5800833333333335,42,5.876666666666667,Giá trị – tinh chỉnh,case_minimart_n30,route
2,46.38,4.447905846308213,13.035,0.95125,1.9583333333333333,3.7138333333333335,49,6.096666666666667,Giá trị – tinh chỉnh,case_minimart_n30,route
