instance,version,profile,step,score
grid_small,model,Tiện lợi,0,0.0
grid_small,model,Tiện lợi,1,0.0
grid_small,model,Tiện lợi,2,0.0
grid_small,model,Tiện lợi,3,0.0
grid_small,model,Tiện lợi,4,0.0
grid_small,model,Tiện lợi,5,0.011428571428573215
grid_small,model,Tiện lợi,6,0.011428571428573215
grid_small,model,Tiện lợi,7,0.011428571428573215
grid_small,model,Cân bằng,0,0.0
grid_small,model,Cân bằng,1,0.0
grid_small,model,Cân bằng,2,0.0
grid_small,model,Cân bằng,3,0.0
grid_small,model,Cân bằng,4,0.0
grid_small,model,Cân bằng,5,1.0525428288262706
grid_small,model,Cân bằng,6,1.0525428288262706
grid_small,model,Cân bằng,7,1.0525428288262706
grid_small,model,Giá trị,0,24.430128840436055
grid_small,model,Giá trị,1,24.430128840436055
grid_small,model,Giá trị,2,24.430128840436055
grid_small,model,Giá trị,3,24.430128840436055
grid_small,model,Giá trị,4,24.430128840436055
grid_small,model,Giá trị,5,30.512884043607517
grid_small,model,Giá trị,6,30.512884043607517
grid_small,model,Giá trị,7,32.29682854311198
racetrack_small,model,Tiện lợi,0,5.547378104875799
racetrack_small,model,Tiện lợi,1,5.547378104875799
racetrack_small,model,Tiện lợi,2,5.547378104875799
racetrack_small,model,Tiện lợi,3,5.547378104875799
racetrack_small,model,Tiện lợi,4,5.547378104875799
racetrack_small,model,Tiện lợi,5,5.547378104875799
racetrack_small,model,Tiện lợi,6,5.547378104875799
racetrack_small,model,Cân bằng,0,14.734564654680895
racetrack_small,model,Cân bằng,1,14.734564654680895
racetrack_small,model,Cân bằng,2,14.734564654680895
racetrack_small,model,Cân bằng,3,14.734564654680895
racetrack_small,model,Cân bằng,4,14.734564654680895
racetrack_small,model,Cân bằng,5,14.734564654680895
racetrack_small,model,Giá trị,0,56.629759654334336
racetrack_small,model,Giá trị,1,56.629759654334336
racetrack_small,model,Giá trị,2,63.340534701593285
racetrack_small,model,Giá trị,3,63.340534701593285
racetrack_small,model,Giá trị,4,63.340534701593285
racetrack_small,model,Giá trị,5,63.340534701593285
free_small,model,Tiện lợi,0,0.0
free_small,model,Tiện lợi,1,0.0
free_small,model,Tiện lợi,2,0.0
free_small,model,Tiện lợi,3,0.0
free_small,model,Tiện lợi,4,0.0
free_small,model,Tiện lợi,5,0.0
free_small,model,Tiện lợi,6,0.0
free_small,model,Tiện lợi,7,0.0
free_small,model,Cân bằng,0,0.0
free_small,model,Cân bằng,1,0.0
free_small,model,Cân bằng,2,0.0
free_small,model,Cân bằng,3,0.0
free_small,model,Cân bằng,4,0.0
free_small,model,Cân bằng,5,0.0
free_small,model,Cân bằng,6,0.0
free_small,model,Cân bằng,7,0.0
free_small,model,Giá trị,0,74.09036385445823
free_small,model,Giá trị,1,74.09036385445823
free_small,model,Giá trị,2,74.09036385445823
free_small,model,Giá trị,3,74.09036385445823
free_small,model,Giá trị,4,74.09036385445823
free_small,model,Giá trị,5,74.09036385445823
free_small,model,Giá trị,6,74.09036385445823
free_small,model,Giá trị,7,74.09036385445823
grid_medium,model,Tiện lợi,0,4.5588129883162445
grid_medium,model,Tiện lợi,1,5.1537524191814095
grid_medium,model,Tiện lợi,2,5.1537524191814095
grid_medium,model,Tiện lợi,3,5.1537524191814095
grid_medium,model,Tiện lợi,4,5.426134327288367
grid_medium,model,Tiện lợi,5,5.426134327288367
grid_medium,model,Tiện lợi,6,5.426134327288367
grid_medium,model,Cân bằng,0,11.482893270845086
grid_medium,model,Cân bằng,1,11.482893270845086
grid_medium,model,Cân bằng,2,11.482893270845086
grid_medium,model,Cân bằng,3,11.482893270845086
grid_medium,model,Cân bằng,4,11.482893270845086
grid_medium,model,Cân bằng,5,11.482893270845086
grid_medium,model,Giá trị,0,59.14640853591465
grid_medium,model,Giá trị,1,59.14640853591465
grid_medium,model,Giá trị,2,59.14640853591465
grid_medium,model,Giá trị,3,59.14640853591465
grid_medium,model,Giá trị,4,59.14640853591465
grid_medium,model,Giá trị,5,59.14640853591465
racetrack_medium,model,Tiện lợi,0,9.76774193548387
racetrack_medium,model,Tiện lợi,1,9.76774193548387
racetrack_medium,model,Tiện lợi,2,9.76774193548387
racetrack_medium,model,Tiện lợi,3,9.76774193548387
racetrack_medium,model,Tiện lợi,4,9.799999999999999
racetrack_medium,model,Tiện lợi,5,9.799999999999999
racetrack_medium,model,Tiện lợi,6,9.799999999999999
racetrack_medium,model,Tiện lợi,7,9.799999999999999
racetrack_medium,model,Tiện lợi,8,9.799999999999999
racetrack_medium,model,Tiện lợi,9,9.799999999999999
racetrack_medium,model,Cân bằng,0,5.513714262425371
racetrack_medium,model,Cân bằng,1,5.513714262425371
racetrack_medium,model,Cân bằng,2,5.513714262425371
racetrack_medium,model,Giá trị,0,74.02611076016002
racetrack_medium,model,Giá trị,1,84.55464308275424
racetrack_medium,model,Giá trị,2,84.55464308275424
racetrack_medium,model,Giá trị,3,84.55464308275424
racetrack_medium,model,Giá trị,4,84.55464308275424
racetrack_medium,model,Giá trị,5,86.87092019372497
racetrack_medium,model,Giá trị,6,86.87092019372497
free_medium,model,Tiện lợi,0,4.014014014014002
free_medium,model,Tiện lợi,1,4.014014014014002
free_medium,model,Tiện lợi,2,4.014014014014002
free_medium,model,Tiện lợi,3,4.014014014014002
free_medium,model,Tiện lợi,4,4.014014014014002
free_medium,model,Tiện lợi,5,4.014014014014002
free_medium,model,Tiện lợi,6,4.014014014014002
free_medium,model,Tiện lợi,7,4.504504504504494
free_medium,model,Cân bằng,0,0.0
free_medium,model,Cân bằng,1,0.0
free_medium,model,Cân bằng,2,0.0
free_medium,model,Cân bằng,3,0.0
free_medium,model,Cân bằng,4,0.0
free_medium,model,Cân bằng,5,0.0
free_medium,model,Cân bằng,6,0.0
free_medium,model,Giá trị,0,77.9194630872483
free_medium,model,Giá trị,1,77.9194630872483
free_medium,model,Giá trị,2,78.99328859060401
free_medium,model,Giá trị,3,78.99328859060401
free_medium,model,Giá trị,4,78.99328859060401
free_medium,model,Giá trị,5,80.08948545861297
free_medium,model,Giá trị,6,80.08948545861297
free_medium,model,Giá trị,7,80.08948545861297
grid_large,model,Tiện lợi,0,15.369173324768129
grid_large,model,Tiện lợi,1,15.369173324768129
grid_large,model,Tiện lợi,2,15.369173324768129
grid_large,model,Tiện lợi,3,15.369173324768129
grid_large,model,Tiện lợi,4,15.373188260328408
grid_large,model,Tiện lợi,5,15.377203195888706
grid_large,model,Tiện lợi,6,15.377203195888706
grid_large,model,Tiện lợi,7,15.389248002569547
grid_large,model,Tiện lợi,8,15.437427229292966
grid_large,model,Cân bằng,0,8.68802540909519
grid_large,model,Cân bằng,1,8.68802540909519
grid_large,model,Cân bằng,2,8.68802540909519
grid_large,model,Cân bằng,3,8.68802540909519
grid_large,model,Cân bằng,4,8.68802540909519
grid_large,model,Cân bằng,5,8.68802540909519
grid_large,model,Cân bằng,6,8.68802540909519
grid_large,model,Cân bằng,7,8.68802540909519
grid_large,model,Giá trị,0,34.81686105995495
grid_large,model,Giá trị,1,37.384898710865585
grid_large,model,Giá trị,2,37.384898710865585
grid_large,model,Giá trị,3,37.384898710865585
grid_large,model,Giá trị,4,37.384898710865585
grid_large,model,Giá trị,5,37.384898710865585
grid_large,model,Giá trị,6,37.384898710865585
grid_large,model,Giá trị,7,38.45917740945368
grid_large,model,Giá trị,8,38.45917740945368
racetrack_large,model,Tiện lợi,0,22.86873207916637
racetrack_large,model,Tiện lợi,1,22.86873207916637
racetrack_large,model,Tiện lợi,2,22.86873207916637
racetrack_large,model,Tiện lợi,3,22.86873207916637
racetrack_large,model,Tiện lợi,4,22.86873207916637
racetrack_large,model,Tiện lợi,5,22.86873207916637
racetrack_large,model,Tiện lợi,6,22.86873207916637
racetrack_large,model,Tiện lợi,7,22.86873207916637
racetrack_large,model,Tiện lợi,8,22.86873207916637
racetrack_large,model,Tiện lợi,9,22.86873207916637
racetrack_large,model,Cân bằng,0,22.78375278231437
racetrack_large,model,Cân bằng,1,22.78375278231437
racetrack_large,model,Cân bằng,2,23.431771425733057
racetrack_large,model,Cân bằng,3,24.695372257688852
racetrack_large,model,Cân bằng,4,28.417109768575916
racetrack_large,model,Cân bằng,5,28.417109768575916
racetrack_large,model,Cân bằng,6,28.417109768575916
racetrack_large,model,Cân bằng,7,28.789177544580703
racetrack_large,model,Cân bằng,8,28.789177544580703
racetrack_large,model,Giá trị,0,44.62688034608199
racetrack_large,model,Giá trị,1,44.62688034608199
racetrack_large,model,Giá trị,2,46.00334283747911
racetrack_large,model,Giá trị,3,48.62845344607215
racetrack_large,model,Giá trị,4,55.74673090158292
racetrack_large,model,Giá trị,5,55.74673090158292
racetrack_large,model,Giá trị,6,55.74673090158292
racetrack_large,model,Giá trị,7,56.59227214629827
racetrack_large,model,Giá trị,8,56.59227214629827
free_large,model,Tiện lợi,0,14.918334483551876
free_large,model,Tiện lợi,1,14.987347596043248
free_large,model,Tiện lợi,2,14.987347596043248
free_large,model,Tiện lợi,3,14.987347596043248
free_large,model,Tiện lợi,4,15.041982976765587
free_large,model,Tiện lợi,5,15.041982976765587
free_large,model,Tiện lợi,6,15.070738440303657
free_large,model,Tiện lợi,7,15.070738440303657
free_large,model,Tiện lợi,8,15.070738440303657
free_large,model,Cân bằng,0,26.97029458412831
free_large,model,Cân bằng,1,26.97029458412831
free_large,model,Cân bằng,2,26.97029458412831
free_large,model,Cân bằng,3,27.323480185244197
free_large,model,Cân bằng,4,27.323480185244197
free_large,model,Cân bằng,5,27.323480185244197
free_large,model,Cân bằng,6,27.323480185244197
free_large,model,Cân bằng,7,27.323480185244197
free_large,model,Cân bằng,8,27.323480185244197
free_large,model,Cân bằng,9,28.27022149700608
free_large,model,Giá trị,0,53.24183140428147
free_large,model,Giá trị,1,53.24183140428147
free_large,model,Giá trị,2,53.24183140428147
free_large,model,Giá trị,3,54.091979924203606
free_large,model,Giá trị,4,54.091979924203606
free_large,model,Giá trị,5,54.091979924203606
free_large,model,Giá trị,6,54.091979924203606
free_large,model,Giá trị,7,54.091979924203606
free_large,model,Giá trị,8,54.091979924203606
free_large,model,Giá trị,9,55.90494724982077
case_minimart_n30,model,Tiện lợi,0,3.0264108533354763
case_minimart_n30,model,Tiện lợi,1,3.050493698322226
case_minimart_n30,model,Tiện lợi,2,3.050493698322226
case_minimart_n30,model,Tiện lợi,3,3.050493698322226
case_minimart_n30,model,Tiện lợi,4,3.050493698322226
case_minimart_n30,model,Tiện lợi,5,3.050493698322226
case_minimart_n30,model,Cân bằng,0,0.0
case_minimart_n30,model,Cân bằng,1,0.0
case_minimart_n30,model,Cân bằng,2,0.6357115303159131
case_minimart_n30,model,Giá trị,0,0.0
case_minimart_n30,model,Giá trị,1,4.630935590032917
case_minimart_n30,model,Giá trị,2,4.630935590032917
grid_small,route,Tiện lợi,0,4.011428571428577
grid_small,route,Tiện lợi,1,4.011428571428577
grid_small,route,Tiện lợi,2,4.011428571428577
grid_small,route,Tiện lợi,3,4.011428571428577
grid_small,route,Tiện lợi,4,4.011428571428577
grid_small,route,Tiện lợi,5,4.011428571428577
grid_small,route,Tiện lợi,6,4.011428571428577
grid_small,route,Tiện lợi,7,4.011428571428577
grid_small,route,Cân bằng,0,8.832640521025061
grid_small,route,Cân bằng,1,8.832640521025061
grid_small,route,Cân bằng,2,10.110848081551747
grid_small,route,Cân bằng,3,10.110848081551747
grid_small,route,Cân bằng,4,10.110848081551747
grid_small,route,Cân bằng,5,10.635530227948463
grid_small,route,Cân bằng,6,10.635530227948463
grid_small,route,Cân bằng,7,10.635530227948463
grid_small,route,Giá trị,0,62.8221010901883
grid_small,route,Giá trị,1,62.8221010901883
grid_small,route,Giá trị,2,62.8221010901883
grid_small,route,Giá trị,3,64.06095143706638
grid_small,route,Giá trị,4,64.06095143706638
grid_small,route,Giá trị,5,64.06095143706638
grid_small,route,Giá trị,6,64.06095143706638
grid_small,route,Giá trị,7,64.06095143706638
racetrack_small,route,Tiện lợi,0,6.927322907083711
racetrack_small,route,Tiện lợi,1,6.927322907083711
racetrack_small,route,Tiện lợi,2,6.927322907083711
racetrack_small,route,Tiện lợi,3,6.927322907083711
racetrack_small,route,Tiện lợi,4,7.102115915363397
racetrack_small,route,Tiện lợi,5,7.102115915363397
racetrack_small,route,Cân bằng,0,16.50117597780561
racetrack_small,route,Cân bằng,1,16.683834509973643
racetrack_small,route,Cân bằng,2,16.683834509973643
racetrack_small,route,Cân bằng,3,16.683834509973643
racetrack_small,route,Cân bằng,4,16.683834509973643
racetrack_small,route,Cân bằng,5,16.683834509973643
racetrack_small,route,Cân bằng,6,16.683834509973643
racetrack_small,route,Giá trị,0,84.49905482041589
racetrack_small,route,Giá trị,1,84.9716446124764
racetrack_small,route,Giá trị,2,86.82149608425603
racetrack_small,route,Giá trị,3,86.82149608425603
racetrack_small,route,Giá trị,4,86.82149608425603
racetrack_small,route,Giá trị,5,86.82149608425603
free_small,route,Tiện lợi,0,2.7503188775510172
free_small,route,Tiện lợi,1,2.7503188775510172
free_small,route,Tiện lợi,2,2.7503188775510172
free_small,route,Tiện lợi,3,2.7503188775510172
free_small,route,Tiện lợi,4,2.7503188775510172
free_small,route,Tiện lợi,5,2.7503188775510172
free_small,route,Tiện lợi,6,2.7503188775510172
free_small,route,Tiện lợi,7,2.7503188775510172
free_small,route,Cân bằng,0,15.349064455850309
free_small,route,Cân bằng,1,15.349064455850309
free_small,route,Cân bằng,2,15.349064455850309
free_small,route,Cân bằng,3,15.349064455850309
free_small,route,Cân bằng,4,15.349064455850309
free_small,route,Cân bằng,5,15.349064455850309
free_small,route,Cân bằng,6,15.349064455850309
free_small,route,Cân bằng,7,18.414629258840684
free_small,route,Giá trị,0,81.66066906570705
free_small,route,Giá trị,1,81.66066906570705
free_small,route,Giá trị,2,86.41876582700259
free_small,route,Giá trị,3,86.41876582700259
free_small,route,Giá trị,4,86.41876582700259
free_small,route,Giá trị,5,86.41876582700259
free_small,route,Giá trị,6,86.41876582700259
free_small,route,Giá trị,7,86.41876582700259
grid_medium,route,Tiện lợi,0,7.877571500250864
grid_medium,route,Tiện lợi,1,7.877571500250864
grid_medium,route,Tiện lợi,2,7.877571500250864
grid_medium,route,Tiện lợi,3,7.992258619453792
grid_medium,route,Tiện lợi,4,8.121281628557087
grid_medium,route,Tiện lợi,5,8.121281628557087
grid_medium,route,Tiện lợi,6,8.149953408357822
grid_medium,route,Cân bằng,0,16.401645746283563
grid_medium,route,Cân bằng,1,16.401645746283563
grid_medium,route,Cân bằng,2,16.401645746283563
grid_medium,route,Cân bằng,3,16.401645746283563
grid_medium,route,Cân bằng,4,16.401645746283563
grid_medium,route,Cân bằng,5,16.401645746283563
grid_medium,route,Cân bằng,6,16.401645746283563
grid_medium,route,Cân bằng,7,16.401645746283563
grid_medium,route,Giá trị,0,63.68936310636894
grid_medium,route,Giá trị,1,63.68936310636894
grid_medium,route,Giá trị,2,63.68936310636894
grid_medium,route,Giá trị,3,72.58827411725886
grid_medium,route,Giá trị,4,72.58827411725886
grid_medium,route,Giá trị,5,72.58827411725886
grid_medium,route,Giá trị,6,73.38026619733803
grid_medium,route,Giá trị,7,73.38026619733803
racetrack_medium,route,Tiện lợi,0,11.41290322580644
racetrack_medium,route,Tiện lợi,1,11.41290322580644
racetrack_medium,route,Tiện lợi,2,11.41290322580644
racetrack_medium,route,Tiện lợi,3,11.458064516129022
racetrack_medium,route,Tiện lợi,4,11.458064516129022
racetrack_medium,route,Tiện lợi,5,11.458064516129022
racetrack_medium,route,Tiện lợi,6,11.458064516129022
racetrack_medium,route,Tiện lợi,7,11.458064516129022
racetrack_medium,route,Tiện lợi,8,11.458064516129022
racetrack_medium,route,Cân bằng,0,18.651295009475664
racetrack_medium,route,Cân bằng,1,18.651295009475664
racetrack_medium,route,Cân bằng,2,18.651295009475664
racetrack_medium,route,Cân bằng,3,18.651295009475664
racetrack_medium,route,Cân bằng,4,18.651295009475664
racetrack_medium,route,Cân bằng,5,18.651295009475664
racetrack_medium,route,Cân bằng,6,18.651295009475664
racetrack_medium,route,Cân bằng,7,18.651295009475664
racetrack_medium,route,Giá trị,0,76.19498841861441
racetrack_medium,route,Giá trị,1,80.71172878500737
racetrack_medium,route,Giá trị,2,83.5439039797852
racetrack_medium,route,Giá trị,3,83.5439039797852
racetrack_medium,route,Giá trị,4,83.5439039797852
racetrack_medium,route,Giá trị,5,83.5439039797852
racetrack_medium,route,Giá trị,6,83.5439039797852
free_medium,route,Tiện lợi,0,5.720720720720713
free_medium,route,Tiện lợi,1,5.720720720720713
free_medium,route,Tiện lợi,2,5.76076076076075
free_medium,route,Tiện lợi,3,5.76076076076075
free_medium,route,Tiện lợi,4,5.76076076076075
free_medium,route,Tiện lợi,5,5.76076076076075
free_medium,route,Cân bằng,0,24.58974074745888
free_medium,route,Cân bằng,1,24.58974074745888
free_medium,route,Cân bằng,2,24.707442341670525
free_medium,route,Cân bằng,3,24.707442341670525
free_medium,route,Cân bằng,4,25.219481226192634
free_medium,route,Cân bằng,5,26.15862506802103
free_medium,route,Cân bằng,6,26.15862506802103
free_medium,route,Giá trị,0,96.834451901566
free_medium,route,Giá trị,1,98.22147651006712
free_medium,route,Giá trị,2,98.22147651006712
free_medium,route,Giá trị,3,98.22147651006712
free_medium,route,Giá trị,4,98.22147651006712
free_medium,route,Giá trị,5,98.22147651006712
free_medium,route,Giá trị,6,98.22147651006712
grid_large,route,Tiện lợi,0,16.746296221945624
grid_large,route,Tiện lợi,1,16.746296221945624
grid_large,route,Tiện lợi,2,16.746296221945624
grid_large,route,Tiện lợi,3,16.746296221945624
grid_large,route,Tiện lợi,4,16.746296221945624
grid_large,route,Tiện lợi,5,16.774400770867622
grid_large,route,Tiện lợi,6,16.774400770867622
grid_large,route,Tiện lợi,7,16.774400770867622
grid_large,route,Cân bằng,0,13.459374171693614
grid_large,route,Cân bằng,1,13.459374171693614
grid_large,route,Cân bằng,2,13.459374171693614
grid_large,route,Cân bằng,3,14.419820779750427
grid_large,route,Cân bằng,4,14.419820779750427
grid_large,route,Cân bằng,5,14.419820779750427
grid_large,route,Cân bằng,6,15.459778639275973
grid_large,route,Giá trị,0,49.78514426028238
grid_large,route,Giá trị,1,49.78514426028238
grid_large,route,Giá trị,2,49.78514426028238
grid_large,route,Giá trị,3,50.399017802332736
grid_large,route,Giá trị,4,50.399017802332736
grid_large,route,Giá trị,5,50.399017802332736
grid_large,route,Giá trị,6,50.399017802332736
racetrack_large,route,Tiện lợi,0,25.134624798936994
racetrack_large,route,Tiện lợi,1,25.134624798936994
racetrack_large,route,Tiện lợi,2,25.134624798936994
racetrack_large,route,Tiện lợi,3,25.134624798936994
racetrack_large,route,Tiện lợi,4,25.134624798936994
racetrack_large,route,Tiện lợi,5,25.134624798936994
racetrack_large,route,Tiện lợi,6,25.15910203510735
racetrack_large,route,Tiện lợi,7,25.15910203510735
racetrack_large,route,Tiện lợi,8,25.15910203510735
racetrack_large,route,Cân bằng,0,34.77869899644396
racetrack_large,route,Cân bằng,1,35.56524899152802
racetrack_large,route,Cân bằng,2,35.56524899152802
racetrack_large,route,Cân bằng,3,35.56524899152802
racetrack_large,route,Cân bằng,4,35.56524899152802
racetrack_large,route,Cân bằng,5,38.119912383754276
racetrack_large,route,Cân bằng,6,38.119912383754276
racetrack_large,route,Cân bằng,7,38.119912383754276
racetrack_large,route,Giá trị,0,81.12280011798248
racetrack_large,route,Giá trị,1,82.12565136171467
racetrack_large,route,Giá trị,2,82.12565136171467
racetrack_large,route,Giá trị,3,82.12565136171467
racetrack_large,route,Giá trị,4,86.00924196244222
racetrack_large,route,Giá trị,5,88.51637007177267
racetrack_large,route,Giá trị,6,88.51637007177267
racetrack_large,route,Giá trị,7,88.51637007177267
racetrack_large,route,Giá trị,8,88.51637007177267
racetrack_large,route,Giá trị,9,88.51637007177267
free_large,route,Tiện lợi,0,16.839199447895094
free_large,route,Tiện lợi,1,16.839199447895094
free_large,route,Tiện lợi,2,16.839199447895094
free_large,route,Tiện lợi,3,17.095123073383938
free_large,route,Tiện lợi,4,17.095123073383938
free_large,route,Tiện lợi,5,17.095123073383938
free_large,route,Tiện lợi,6,17.095123073383938
free_large,route,Tiện lợi,7,17.095123073383938
free_large,route,Cân bằng,0,26.97029458412831
free_large,route,Cân bằng,1,26.97029458412831
free_large,route,Cân bằng,2,26.97029458412831
free_large,route,Cân bằng,3,27.323480185244197
free_large,route,Cân bằng,4,27.323480185244197
free_large,route,Cân bằng,5,27.323480185244197
free_large,route,Cân bằng,6,27.323480185244197
free_large,route,Cân bằng,7,27.323480185244197
free_large,route,Cân bằng,8,27.323480185244197
free_large,route,Cân bằng,9,28.27022149700608
free_large,route,Giá trị,0,55.6488784185189
free_large,route,Giá trị,1,61.74331660350302
free_large,route,Giá trị,2,65.09269691693127
free_large,route,Giá trị,3,65.09269691693127
free_large,route,Giá trị,4,65.09269691693127
free_large,route,Giá trị,5,65.09269691693127
free_large,route,Giá trị,6,65.09269691693127
free_large,route,Giá trị,7,65.09269691693127
free_large,route,Giá trị,8,65.09269691693127
free_large,route,Giá trị,9,65.09269691693127
case_minimart_n30,route,Tiện lợi,0,5.58722003692703
case_minimart_n30,route,Tiện lợi,1,5.779882796821061
case_minimart_n30,route,Tiện lợi,2,5.779882796821061
case_minimart_n30,route,Tiện lợi,3,5.779882796821061
case_minimart_n30,route,Tiện lợi,4,5.779882796821061
case_minimart_n30,route,Tiện lợi,5,5.779882796821061
case_minimart_n30,route,Tiện lợi,6,5.779882796821061
case_minimart_n30,route,Cân bằng,0,8.11205874961159
case_minimart_n30,route,Cân bằng,1,8.11205874961159
case_minimart_n30,route,Cân bằng,2,8.11205874961159
case_minimart_n30,route,Cân bằng,3,8.11205874961159
case_minimart_n30,route,Cân bằng,4,8.11205874961159
case_minimart_n30,route,Cân bằng,5,8.11205874961159
case_minimart_n30,route,Cân bằng,6,8.11205874961159
case_minimart_n30,route,Giá trị,0,31.147155618241655
case_minimart_n30,route,Giá trị,1,31.147155618241655
case_minimart_n30,route,Giá trị,2,31.147155618241655
case_minimart_n30,route,Giá trị,3,31.147155618241655
case_minimart_n30,route,Giá trị,4,31.358721203573104
case_minimart_n30,route,Giá trị,5,31.358721203573104
case_minimart_n30,route,Giá trị,6,31.358721203573104
