profile,method,distance_m,impulse_revenue,n_dominate_current
Cân bằng,chọn bằng mô phỏng,-0.20488561612092857,29.5805586054479,5
Cân bằng,theo mô hình,-5.183680710752062,-10.340874506597778,3
Cân bằng,tinh chỉnh,1.60324282489138,53.17585981549213,6
Giá trị,chọn bằng mô phỏng,6.912527072344656,47.66818575601783,1
Giá trị,theo mô hình,8.207301406547618,43.4543160848843,1
Giá trị,tinh chỉnh,7.195948191715343,76.59800817731076,0
Tiện lợi,chọn bằng mô phỏng,-7.442284390331442,-26.04541095364355,0
Tiện lợi,theo mô hình,-7.050911633565205,-27.234875598910556,0
Tiện lợi,tinh chỉnh,-9.637735964511164,-26.471021294186517,0
