plan,kpi,mean,ci95,change_pct,p_value,instance
Hiện trạng,distance_m,29.064355555555554,0.03671717066083419,0.0,,grid_small
Hiện trạng,trip_time_min,2.9551685695694023,0.009057858238388729,0.0,,grid_small
Hiện trạng,exposed_slots,9.55431111111111,0.024661554126696173,0.0,,grid_small
Hiện trạng,impulse_revenue,0.6816205555555556,0.004559958422237254,0.0,,grid_small
Hiện trạng,impulse_items,1.5272888888888887,0.010098708349027203,0.0,,grid_small
Hiện trạng,basket_value,2.9287000000000005,0.010118267033791954,0.0,,grid_small
Hiện trạng,congestion_cells,43.46666666666667,1.0774845352729736,0.0,,grid_small
Tiện lợi – theo mô hình,distance_m,29.181200000000004,0.056787972210090694,0.40201973245580946,2.7623027563095093e-06,grid_small
Tiện lợi – theo mô hình,trip_time_min,2.730343693200064,0.008898959162187735,-7.60785285429919,1.862645149230957e-09,grid_small
Tiện lợi – theo mô hình,exposed_slots,8.099777777777778,0.02606168041243195,-15.223843105148566,1.733306644199106e-06,grid_small
Tiện lợi – theo mô hình,impulse_revenue,0.4777761111111111,0.003808068814884462,-29.90585345218951,1.862645149230957e-09,grid_small
Tiện lợi – theo mô hình,impulse_items,1.0271444444444444,0.007690131487648466,-32.747206378768475,1.862645149230957e-09,grid_small
Tiện lợi – theo mô hình,basket_value,2.724855555555556,0.010956642135094567,-6.960236434064412,1.862645149230957e-09,grid_small
Tiện lợi – theo mô hình,congestion_cells,43.03333333333333,0.9878586609172706,-0.996932515337432,0.40318839552300734,grid_small
Tiện lợi – chọn bằng mô phỏng,distance_m,29.181200000000004,0.056787972210090694,0.40201973245580946,2.7623027563095093e-06,grid_small
Tiện lợi – chọn bằng mô phỏng,trip_time_min,2.730343693200064,0.008898959162187735,-7.60785285429919,1.862645149230957e-09,grid_small
Tiện lợi – chọn bằng mô phỏng,exposed_slots,8.099777777777778,0.02606168041243195,-15.223843105148566,1.733306644199106e-06,grid_small
Tiện lợi – chọn bằng mô phỏng,impulse_revenue,0.4777761111111111,0.003808068814884462,-29.90585345218951,1.862645149230957e-09,grid_small
Tiện lợi – chọn bằng mô phỏng,impulse_items,1.0271444444444444,0.007690131487648466,-32.747206378768475,1.862645149230957e-09,grid_small
Tiện lợi – chọn bằng mô phỏng,basket_value,2.724855555555556,0.010956642135094567,-6.960236434064412,1.862645149230957e-09,grid_small
Tiện lợi – chọn bằng mô phỏng,congestion_cells,43.03333333333333,0.9878586609172706,-0.996932515337432,0.40318839552300734,grid_small
Tiện lợi – tinh chỉnh,distance_m,28.42020000000001,0.04921629413417919,-2.2163077186564966,1.862645149230957e-09,grid_small
Tiện lợi – tinh chỉnh,trip_time_min,2.803835708709798,0.00979808281417667,-5.120955278759452,1.862645149230957e-09,grid_small
Tiện lợi – tinh chỉnh,exposed_slots,8.39391111111111,0.02563546907345089,-12.145302644065266,1.733306644199106e-06,grid_small
Tiện lợi – tinh chỉnh,impulse_revenue,0.5553444444444444,0.003773351421145005,-18.52586605287889,1.862645149230957e-09,grid_small
Tiện lợi – tinh chỉnh,impulse_items,1.2005333333333332,0.0081045253184976,-21.394482598067743,1.733306644199106e-06,grid_small
Tiện lợi – tinh chỉnh,basket_value,2.802423888888889,0.010458503220390101,-4.311677915495328,1.862645149230957e-09,grid_small
Tiện lợi – tinh chỉnh,congestion_cells,42.36666666666667,1.3884702769882273,-2.5306748466257702,0.12327823040613986,grid_small
Cân bằng – theo mô hình,distance_m,29.950333333333337,0.046308210202663874,3.0483310599619693,1.862645149230957e-09,grid_small
Cân bằng – theo mô hình,trip_time_min,2.8621454779082165,0.008805732952633235,-3.147809997002649,1.862645149230957e-09,grid_small
Cân bằng – theo mô hình,exposed_slots,8.259177777777778,0.024519818505689912,-13.555486295889688,1.7300371292901245e-06,grid_small
Cân bằng – theo mô hình,impulse_revenue,0.5751361111111112,0.003923097132974692,-15.622246655641733,1.862645149230957e-09,grid_small
Cân bằng – theo mô hình,impulse_items,1.2664777777777776,0.008223558968751772,-17.076737283203354,1.733306644199106e-06,grid_small
Cân bằng – theo mô hình,basket_value,2.822215555555556,0.010304690442902314,-3.635894575902085,1.862645149230957e-09,grid_small
Cân bằng – theo mô hình,congestion_cells,41.86666666666667,1.357832693598738,-3.6809815950920277,0.039714478293142785,grid_small
Cân bằng – chọn bằng mô phỏng,distance_m,31.379266666666663,0.03334751428477533,7.964777015909513,1.862645149230957e-09,grid_small
Cân bằng – chọn bằng mô phỏng,trip_time_min,3.1033101262937723,0.008937841706225778,5.012964683295739,1.862645149230957e-09,grid_small
Cân bằng – chọn bằng mô phỏng,exposed_slots,9.666266666666669,0.02639962071686792,1.1717805109502986,1.862645149230957e-09,grid_small
Cân bằng – chọn bằng mô phỏng,impulse_revenue,0.7827766666666666,0.004290583554563461,14.840531185076072,1.862645149230957e-09,grid_small
Cân bằng – chọn bằng mô phỏng,impulse_items,1.763411111111111,0.009445927625353795,15.460219997671993,1.862645149230957e-09,grid_small
Cân bằng – chọn bằng mô phỏng,basket_value,3.029856111111111,0.011325894903391094,3.4539594738658974,1.862645149230957e-09,grid_small
Cân bằng – chọn bằng mô phỏng,congestion_cells,52.06666666666667,1.580987506671403,19.785276073619634,2.3918363822564796e-06,grid_small
Cân bằng – tinh chỉnh,distance_m,31.596022222222228,0.030647065493957026,8.710554967673295,1.862645149230957e-09,grid_small
Cân bằng – tinh chỉnh,trip_time_min,3.3736675555239275,0.00807891013055299,14.161594376171395,1.862645149230957e-09,grid_small
Cân bằng – tinh chỉnh,exposed_slots,10.999933333333333,0.025537472268395485,15.130575144670015,1.862645149230957e-09,grid_small
Cân bằng – tinh chỉnh,impulse_revenue,1.0873533333333334,0.0032153004901789854,59.524727426549646,1.862645149230957e-09,grid_small
Cân bằng – tinh chỉnh,impulse_items,2.294055555555556,0.006938220437644523,50.20442905366086,1.733306644199106e-06,grid_small
Cân bằng – tinh chỉnh,basket_value,3.3344327777777782,0.010100268933742444,13.853681762480885,1.862645149230957e-09,grid_small
Cân bằng – tinh chỉnh,congestion_cells,46.56666666666667,0.7447707715031959,7.1319018404908,0.0005334633518762707,grid_small
Giá trị – theo mô hình,distance_m,31.646822222222223,0.029246425561588064,8.885339507116782,1.7322162331441136e-06,grid_small
Giá trị – theo mô hình,trip_time_min,3.092412603677404,0.009201134330634726,4.644203228244252,1.862645149230957e-09,grid_small
Giá trị – theo mô hình,exposed_slots,9.685822222222223,0.027689757045715954,1.3764583294568784,1.7322162331441136e-06,grid_small
Giá trị – theo mô hình,impulse_revenue,0.7883,0.0041724075205091474,15.650854947808204,1.862645149230957e-09,grid_small
Giá trị – theo mô hình,impulse_items,1.7508333333333335,0.008558322264994714,14.636683738796437,1.862645149230957e-09,grid_small
Giá trị – theo mô hình,basket_value,3.035379444444444,0.010772277230691407,3.642552820174263,1.862645149230957e-09,grid_small
Giá trị – theo mô hình,congestion_cells,52.43333333333333,1.4926048431211698,20.628834355828207,1.690134686108154e-06,grid_small
Giá trị – chọn bằng mô phỏng,distance_m,31.379266666666663,0.03334751428477533,7.964777015909513,1.862645149230957e-09,grid_small
Giá trị – chọn bằng mô phỏng,trip_time_min,3.1033101262937723,0.008937841706225778,5.012964683295739,1.862645149230957e-09,grid_small
Giá trị – chọn bằng mô phỏng,exposed_slots,9.666266666666669,0.02639962071686792,1.1717805109502986,1.862645149230957e-09,grid_small
Giá trị – chọn bằng mô phỏng,impulse_revenue,0.7827766666666666,0.004290583554563461,14.840531185076072,1.862645149230957e-09,grid_small
Giá trị – chọn bằng mô phỏng,impulse_items,1.763411111111111,0.009445927625353795,15.460219997671993,1.862645149230957e-09,grid_small
Giá trị – chọn bằng mô phỏng,basket_value,3.029856111111111,0.011325894903391094,3.4539594738658974,1.862645149230957e-09,grid_small
Giá trị – chọn bằng mô phỏng,congestion_cells,52.06666666666667,1.580987506671403,19.785276073619634,2.3918363822564796e-06,grid_small
Giá trị – tinh chỉnh,distance_m,31.596022222222228,0.030647065493957026,8.710554967673295,1.862645149230957e-09,grid_small
Giá trị – tinh chỉnh,trip_time_min,3.3736675555239275,0.00807891013055299,14.161594376171395,1.862645149230957e-09,grid_small
Giá trị – tinh chỉnh,exposed_slots,10.999933333333333,0.025537472268395485,15.130575144670015,1.862645149230957e-09,grid_small
Giá trị – tinh chỉnh,impulse_revenue,1.0873533333333334,0.0032153004901789854,59.524727426549646,1.862645149230957e-09,grid_small
Giá trị – tinh chỉnh,impulse_items,2.294055555555556,0.006938220437644523,50.20442905366086,1.733306644199106e-06,grid_small
Giá trị – tinh chỉnh,basket_value,3.3344327777777782,0.010100268933742444,13.853681762480885,1.862645149230957e-09,grid_small
Giá trị – tinh chỉnh,congestion_cells,46.56666666666667,0.7447707715031959,7.1319018404908,0.0005334633518762707,grid_small
Hiện trạng,distance_m,35.937777777777775,0.04199339407160968,0.0,,racetrack_small
Hiện trạng,trip_time_min,3.177094469926788,0.008594608026727697,0.0,,racetrack_small
Hiện trạng,exposed_slots,9.963122222222221,0.027063198789895816,0.0,,racetrack_small
Hiện trạng,impulse_revenue,0.6483105555555558,0.0033416671964924495,0.0,,racetrack_small
Hiện trạng,impulse_items,1.5455555555555553,0.007972790393525917,0.0,,racetrack_small
Hiện trạng,basket_value,2.8953900000000004,0.010410207716969216,0.0,,racetrack_small
Hiện trạng,congestion_cells,50.6,1.9797690822156238,0.0,,racetrack_small
Tiện lợi – theo mô hình,distance_m,34.66968888888889,0.05592819439306891,-3.5285678951273645,1.7322162331441136e-06,racetrack_small
Tiện lợi – theo mô hình,trip_time_min,2.9032726124951025,0.008195957622381005,-8.618624973968602,1.862645149230957e-09,racetrack_small
Tiện lợi – theo mô hình,exposed_slots,8.406211111111112,0.023474208875239346,-15.626739052126656,1.733306644199106e-06,racetrack_small
Tiện lợi – theo mô hình,impulse_revenue,0.4802633333333333,0.002972733340202197,-25.920790704729164,1.862645149230957e-09,racetrack_small
Tiện lợi – theo mô hình,impulse_items,1.0944333333333336,0.0066412041195547476,-29.188353702372364,1.733306644199106e-06,racetrack_small
Tiện lợi – theo mô hình,basket_value,2.7273427777777774,0.010127101100083923,-5.803958092768949,1.862645149230957e-09,racetrack_small
Tiện lợi – theo mô hình,congestion_cells,49.96666666666667,1.1622775565610486,-1.251646903820816,0.6558823900337032,racetrack_small
Tiện lợi – chọn bằng mô phỏng,distance_m,33.98362222222223,0.06083071593985922,-5.437608211723938,1.862645149230957e-09,racetrack_small
Tiện lợi – chọn bằng mô phỏng,trip_time_min,2.8805757359926414,0.009409663818979213,-9.333015959735674,1.862645149230957e-09,racetrack_small
Tiện lợi – chọn bằng mô phỏng,exposed_slots,8.201533333333336,0.025635399609343402,-17.681092830114583,1.862645149230957e-09,racetrack_small
Tiện lợi – chọn bằng mô phỏng,impulse_revenue,0.47077499999999994,0.003038662693411259,-27.384338267239936,1.862645149230957e-09,racetrack_small
Tiện lợi – chọn bằng mô phỏng,impulse_items,1.0646222222222221,0.0063909507261362755,-31.117181883537018,1.7322162331441136e-06,racetrack_small
Tiện lợi – chọn bằng mô phỏng,basket_value,2.7178544444444444,0.010422607464072219,-6.131662938517988,1.862645149230957e-09,racetrack_small
Tiện lợi – chọn bằng mô phỏng,congestion_cells,49.5,1.2471525948493556,-2.1739130434782634,0.4478638866794029,racetrack_small
Tiện lợi – tinh chỉnh,distance_m,32.751999999999995,0.05572840321478079,-8.8647044274054,1.862645149230957e-09,racetrack_small
Tiện lợi – tinh chỉnh,trip_time_min,2.965575195013261,0.009304829960458139,-6.657632529208402,1.862645149230957e-09,racetrack_small
Tiện lợi – tinh chỉnh,exposed_slots,8.581911111111111,0.026183720925876335,-13.863235643445098,1.733306644199106e-06,racetrack_small
Tiện lợi – tinh chỉnh,impulse_revenue,0.5512794444444444,0.003066173904363529,-14.966764042267162,1.862645149230957e-09,racetrack_small
Tiện lợi – tinh chỉnh,impulse_items,1.2368666666666663,0.006252775405099234,-19.972681524083402,1.862645149230957e-09,racetrack_small
Tiện lợi – tinh chỉnh,basket_value,2.7983588888888895,0.010393685107299348,-3.351227679556496,1.862645149230957e-09,racetrack_small
Tiện lợi – tinh chỉnh,congestion_cells,49.93333333333333,1.5900847542916614,-1.3175230566535008,0.6261629959445384,racetrack_small
Cân bằng – theo mô hình,distance_m,35.31357777777778,0.0644354727512262,-1.7368909225822264,1.733306644199106e-06,racetrack_small
Cân bằng – theo mô hình,trip_time_min,3.0783690158126333,0.010143105490630466,-3.1074132371150323,1.862645149230957e-09,racetrack_small
Cân bằng – theo mô hình,exposed_slots,9.162666666666667,0.027547165909559277,-8.03418384018396,1.7322162331441136e-06,racetrack_small
Cân bằng – theo mô hình,impulse_revenue,0.6048116666666666,0.004349940988912683,-6.709575914835099,1.862645149230957e-09,racetrack_small
Cân bằng – theo mô hình,impulse_items,1.4124888888888887,0.009919210047565675,-8.609633357296909,1.733306644199106e-06,racetrack_small
Cân bằng – theo mô hình,basket_value,2.8518911111111103,0.010962510940330975,-1.502349904119655,1.862645149230957e-09,racetrack_small
Cân bằng – theo mô hình,congestion_cells,58.0,1.2326108704148446,14.624505928853752,1.6600453623213608e-05,racetrack_small
Cân bằng – chọn bằng mô phỏng,distance_m,35.62317777777778,0.05928535081453416,-0.8754019292604465,1.862645149230957e-09,racetrack_small
Cân bằng – chọn bằng mô phỏng,trip_time_min,3.3187221904643533,0.009620040105145512,4.457774922280764,1.862645149230957e-09,racetrack_small
Cân bằng – chọn bằng mô phỏng,exposed_slots,9.851877777777778,0.023862142733085928,-1.116562077260462,1.862645149230957e-09,racetrack_small
Cân bằng – chọn bằng mô phỏng,impulse_revenue,0.7691499999999999,0.0035391031121583005,18.63912956667708,1.862645149230957e-09,racetrack_small
Cân bằng – chọn bằng mô phỏng,impulse_items,1.8044777777777774,0.008854622085352376,16.752695902228602,1.862645149230957e-09,racetrack_small
Cân bằng – chọn bằng mô phỏng,basket_value,3.0162294444444444,0.009812217864148726,4.173511839318504,1.862645149230957e-09,racetrack_small
Cân bằng – chọn bằng mô phỏng,congestion_cells,58.46666666666667,1.2393535848532793,15.5467720685112,2.1584876070760345e-06,racetrack_small
Cân bằng – tinh chỉnh,distance_m,35.83293333333334,0.05828112244016133,-0.2917388078159618,2.6885420083999634e-05,racetrack_small
Cân bằng – tinh chỉnh,trip_time_min,3.41211889051017,0.008268436233238152,7.3974640291007105,1.862645149230957e-09,racetrack_small
Cân bằng – tinh chỉnh,exposed_slots,10.190166666666666,0.023544794734386275,2.2788483306772482,1.862645149230957e-09,racetrack_small
Cân bằng – tinh chỉnh,impulse_revenue,0.8471866666666668,0.004161489407934071,30.676056313889305,1.862645149230957e-09,racetrack_small
Cân bằng – tinh chỉnh,impulse_items,1.9810111111111108,0.00938418170469891,28.17469446441409,1.7322162331441136e-06,racetrack_small
Cân bằng – tinh chỉnh,basket_value,3.0942661111111107,0.01180124416790517,6.868715824504137,1.862645149230957e-09,racetrack_small
Cân bằng – tinh chỉnh,congestion_cells,57.56666666666667,1.329022477023386,13.768115942028988,1.7579073166691393e-05,racetrack_small
Giá trị – theo mô hình,distance_m,39.151155555555555,0.05317641005265704,8.941503833786797,1.7322162331441136e-06,racetrack_small
Giá trị – theo mô hình,trip_time_min,3.5407148200370377,0.01066928797345283,11.445059426219355,1.862645149230957e-09,racetrack_small
Giá trị – theo mô hình,exposed_slots,10.616488888888888,0.03242708336390125,6.557850562240086,1.733306644199106e-06,racetrack_small
Giá trị – theo mô hình,impulse_revenue,0.9301555555555555,0.006255797318414029,43.47376385974136,1.862645149230957e-09,racetrack_small
Giá trị – theo mô hình,impulse_items,2.1362444444444444,0.013547719696180814,38.21854780733287,1.862645149230957e-09,racetrack_small
Giá trị – theo mô hình,basket_value,3.177235,0.012056795808052813,9.734267231702798,1.862645149230957e-09,racetrack_small
Giá trị – theo mô hình,congestion_cells,59.86666666666667,1.270009994908665,18.313570487483528,3.7297821432157795e-06,racetrack_small
Giá trị – chọn bằng mô phỏng,distance_m,38.43635555555555,0.04679264348247929,6.952510511996037,1.862645149230957e-09,racetrack_small
Giá trị – chọn bằng mô phỏng,trip_time_min,3.5656808384265193,0.00946297364804158,12.230872332502146,1.862645149230957e-09,racetrack_small
Giá trị – chọn bằng mô phỏng,exposed_slots,10.628755555555557,0.027724717324147514,6.680971270719489,1.733306644199106e-06,racetrack_small
Giá trị – chọn bằng mô phỏng,impulse_revenue,0.960771111111111,0.00494968091860332,48.19612342850084,1.733306644199106e-06,racetrack_small
Giá trị – chọn bằng mô phỏng,impulse_items,2.2071111111111112,0.01083690673930719,42.80373831775704,1.862645149230957e-09,racetrack_small
Giá trị – chọn bằng mô phỏng,basket_value,3.207850555555555,0.010646038193589027,10.791656928964823,1.862645149230957e-09,racetrack_small
Giá trị – chọn bằng mô phỏng,congestion_cells,57.733333333333334,1.5657079698818488,14.097496706192356,0.00018517768440944282,racetrack_small
Giá trị – tinh chỉnh,distance_m,38.76331111111111,0.048350220392769844,7.862292851842691,1.862645149230957e-09,racetrack_small
Giá trị – tinh chỉnh,trip_time_min,3.7030612049655205,0.0100377863816624,16.554960515569835,1.862645149230957e-09,racetrack_small
Giá trị – tinh chỉnh,exposed_slots,11.053077777777778,0.028401723200832115,10.939899473725898,1.862645149230957e-09,racetrack_small
Giá trị – tinh chỉnh,impulse_revenue,1.0684283333333333,0.005018143410001947,64.80193391541597,1.862645149230957e-09,racetrack_small
Giá trị – tinh chỉnh,impulse_items,2.416788888888889,0.010579183252202768,56.370237239396154,1.862645149230957e-09,racetrack_small
Giá trị – tinh chỉnh,basket_value,3.3155077777777775,0.011481204179981885,14.509885638127406,1.862645149230957e-09,racetrack_small
Giá trị – tinh chỉnh,congestion_cells,59.1,1.2417436051921569,16.798418972332016,2.1274881647136346e-05,racetrack_small
Hiện trạng,distance_m,41.58902222222222,0.040829963125207556,0.0,,free_small
Hiện trạng,trip_time_min,3.393506950037957,0.009483269626283179,0.0,,free_small
Hiện trạng,exposed_slots,10.312555555555555,0.032281592811667974,0.0,,free_small
Hiện trạng,impulse_revenue,0.6387761111111112,0.004388441046775135,0.0,,free_small
Hiện trạng,impulse_items,1.5181333333333333,0.00975317115058353,0.0,,free_small
Hiện trạng,basket_value,2.8858555555555556,0.010891751301916986,0.0,,free_small
Hiện trạng,congestion_cells,55.833333333333336,1.9954521833798151,0.0,,free_small
Tiện lợi – theo mô hình,distance_m,42.818555555555555,0.05932932280879689,2.9563891326023066,1.862645149230957e-09,free_small
Tiện lợi – theo mô hình,trip_time_min,3.046594541327319,0.008472441457598559,-10.22282888522617,1.862645149230957e-09,free_small
Tiện lợi – theo mô hình,exposed_slots,8.195377777777779,0.023857625550889806,-20.530098154353364,1.733306644199106e-06,free_small
Tiện lợi – theo mô hình,impulse_revenue,0.42147500000000004,0.0026770397266961026,-34.01835280488643,1.862645149230957e-09,free_small
Tiện lợi – theo mô hình,impulse_items,0.9315111111111112,0.005774590927871567,-38.64102113706891,1.733306644199106e-06,free_small
Tiện lợi – theo mô hình,basket_value,2.6685544444444447,0.009287240763074732,-7.529867899756276,1.862645149230957e-09,free_small
Tiện lợi – theo mô hình,congestion_cells,53.833333333333336,1.5382911816985072,-3.5820895522388057,0.03570360781272046,free_small
Tiện lợi – chọn bằng mô phỏng,distance_m,42.57675555555555,0.06375623247489283,2.374985706698237,1.862645149230957e-09,free_small
Tiện lợi – chọn bằng mô phỏng,trip_time_min,2.967374792194822,0.008832039234447584,-12.557279655442244,1.862645149230957e-09,free_small
Tiện lợi – chọn bằng mô phỏng,exposed_slots,8.057811111111112,0.02526575698863272,-21.864070765948718,1.862645149230957e-09,free_small
Tiện lợi – chọn bằng mô phỏng,impulse_revenue,0.3689855555555555,0.0032403424641455235,-42.23554244792778,1.862645149230957e-09,free_small
Tiện lợi – chọn bằng mô phỏng,impulse_items,0.8073333333333333,0.006818999186122262,-46.82065694712805,1.862645149230957e-09,free_small
Tiện lợi – chọn bằng mô phỏng,basket_value,2.6160650000000003,0.010124639358123032,-9.348720002156101,1.862645149230957e-09,free_small
Tiện lợi – chọn bằng mô phỏng,congestion_cells,55.4,1.711442842553258,-0.7761194029850814,0.6648461380745679,free_small
Tiện lợi – tinh chỉnh,distance_m,41.55457777777777,0.0649341180354515,-0.08282100084103831,0.20540969260036945,free_small
Tiện lợi – tinh chỉnh,trip_time_min,3.0031604322790786,0.009568890565684064,-11.502746966659739,1.862645149230957e-09,free_small
Tiện lợi – tinh chỉnh,exposed_slots,8.364244444444445,0.026532248887529933,-18.892612026332507,1.733306644199106e-06,free_small
Tiện lợi – tinh chỉnh,impulse_revenue,0.3966238888888889,0.0032990972783512327,-37.90877868006266,1.862645149230957e-09,free_small
Tiện lợi – tinh chỉnh,impulse_items,0.9208666666666667,0.007118853943898439,-39.342174600386436,1.862645149230957e-09,free_small
Tiện lợi – tinh chỉnh,basket_value,2.6437033333333333,0.010084279066743017,-8.391002860696041,1.862645149230957e-09,free_small
Tiện lợi – tinh chỉnh,congestion_cells,55.9,2.085617908469238,0.11940298507462008,0.879518514575832,free_small
Cân bằng – theo mô hình,distance_m,43.207333333333324,0.06428192680921295,3.8911977840305996,1.733306644199106e-06,free_small
Cân bằng – theo mô hình,trip_time_min,2.996325697397524,0.010476378398911138,-11.70415321047127,1.862645149230957e-09,free_small
Cân bằng – theo mô hình,exposed_slots,8.148855555555555,0.029535737714965638,-20.98122030319029,1.733306644199106e-06,free_small
Cân bằng – theo mô hình,impulse_revenue,0.39144833333333334,0.004045016345639369,-38.71900865978952,1.862645149230957e-09,free_small
Cân bằng – theo mô hình,impulse_items,0.8594999999999999,0.008344735017475404,-43.38441946249781,1.862645149230957e-09,free_small
Cân bằng – theo mô hình,basket_value,2.6385277777777785,0.0114525930061986,-8.57034501611305,1.862645149230957e-09,free_small
Cân bằng – theo mô hình,congestion_cells,57.333333333333336,1.6477014648026844,2.6865671641791042,0.19743811259978683,free_small
Cân bằng – chọn bằng mô phỏng,distance_m,43.84551111111111,0.042316480520338595,5.425683914451784,1.862645149230957e-09,free_small
Cân bằng – chọn bằng mô phỏng,trip_time_min,4.132390462208896,0.009970017130241877,21.773449209015894,1.862645149230957e-09,free_small
Cân bằng – chọn bằng mô phỏng,exposed_slots,12.916055555555554,0.03237168720395916,25.245924601079576,1.733306644199106e-06,free_small
Cân bằng – chọn bằng mô phỏng,impulse_revenue,1.1790883333333333,0.005548679688043535,84.58553988225745,1.862645149230957e-09,free_small
Cân bằng – chọn bằng mô phỏng,impulse_items,2.648155555555556,0.012421338966830014,74.43497862872535,1.7322162331441136e-06,free_small
Cân bằng – chọn bằng mô phỏng,basket_value,3.4261677777777786,0.01168199783965247,18.722774297627918,1.862645149230957e-09,free_small
Cân bằng – chọn bằng mô phỏng,congestion_cells,57.1,1.8196903569722962,2.2686567164179086,0.2012279522418594,free_small
Cân bằng – tinh chỉnh,distance_m,44.05375555555556,0.038749652832150074,5.926403655665566,1.862645149230957e-09,free_small
Cân bằng – tinh chỉnh,trip_time_min,4.180929223998933,0.009376147491794733,23.20379140382101,1.862645149230957e-09,free_small
Cân bằng – tinh chỉnh,exposed_slots,13.100866666666665,0.03024720585164114,27.038022690786843,1.733306644199106e-06,free_small
Cân bằng – tinh chỉnh,impulse_revenue,1.212403888888889,0.005224392200122049,89.801069232221,1.862645149230957e-09,free_small
Cân bằng – tinh chỉnh,impulse_items,2.7180666666666675,0.011746194010793439,79.04004918320751,1.862645149230957e-09,free_small
Cân bằng – tinh chỉnh,basket_value,3.459483333333333,0.01099929815659061,19.877217231939674,1.862645149230957e-09,free_small
Cân bằng – tinh chỉnh,congestion_cells,55.666666666666664,1.3313719055329032,-0.29850746268657563,0.7054385675888162,free_small
Giá trị – theo mô hình,distance_m,44.646866666666675,0.046713225444481726,7.352527857244407,1.862645149230957e-09,free_small
Giá trị – theo mô hình,trip_time_min,4.1513381555358055,0.009801127695883885,22.33180060201061,1.862645149230957e-09,free_small
Giá trị – theo mô hình,exposed_slots,13.003888888888886,0.034618221035056386,26.09763718444612,1.862645149230957e-09,free_small
Giá trị – theo mô hình,impulse_revenue,1.1739461111111111,0.004772672834104795,83.78052821498054,1.862645149230957e-09,free_small
Giá trị – theo mô hình,impulse_items,2.656977777777778,0.009909791303924486,75.01610164529542,1.733306644199106e-06,free_small
Giá trị – theo mô hình,basket_value,3.421025555555556,0.010930460093887122,18.544587201176633,1.862645149230957e-09,free_small
Giá trị – theo mô hình,congestion_cells,55.266666666666666,1.2783116243153292,-1.0149253731343342,0.5313850869266148,free_small
Giá trị – chọn bằng mô phỏng,distance_m,44.646866666666675,0.046713225444481726,7.352527857244407,1.862645149230957e-09,free_small
Giá trị – chọn bằng mô phỏng,trip_time_min,4.1513381555358055,0.009801127695883885,22.33180060201061,1.862645149230957e-09,free_small
Giá trị – chọn bằng mô phỏng,exposed_slots,13.003888888888886,0.034618221035056386,26.09763718444612,1.862645149230957e-09,free_small
Giá trị – chọn bằng mô phỏng,impulse_revenue,1.1739461111111111,0.004772672834104795,83.78052821498054,1.862645149230957e-09,free_small
Giá trị – chọn bằng mô phỏng,impulse_items,2.656977777777778,0.009909791303924486,75.01610164529542,1.733306644199106e-06,free_small
Giá trị – chọn bằng mô phỏng,basket_value,3.421025555555556,0.010930460093887122,18.544587201176633,1.862645149230957e-09,free_small
Giá trị – chọn bằng mô phỏng,congestion_cells,55.266666666666666,1.2783116243153292,-1.0149253731343342,0.5313850869266148,free_small
Giá trị – tinh chỉnh,distance_m,43.32922222222222,0.043287727161810285,4.184277261200342,1.733306644199106e-06,free_small
Giá trị – tinh chỉnh,trip_time_min,4.202667514490538,0.011165358368725547,23.844376226886183,1.862645149230957e-09,free_small
Giá trị – tinh chỉnh,exposed_slots,13.026377777777777,0.03387517262182409,26.315710083716713,1.733306644199106e-06,free_small
Giá trị – tinh chỉnh,impulse_revenue,1.2333988888888892,0.0048158183199898995,93.0878233288137,1.862645149230957e-09,free_small
Giá trị – tinh chỉnh,impulse_items,2.754744444444445,0.010068613600179549,81.45602787048425,1.862645149230957e-09,free_small
Giá trị – tinh chỉnh,basket_value,3.4804783333333327,0.011582401495742115,20.604731121523727,1.862645149230957e-09,free_small
Giá trị – tinh chỉnh,congestion_cells,53.233333333333334,1.303452598069469,-4.65671641791045,0.028685437642693067,free_small
Hiện trạng,distance_m,46.33726666666666,0.05897483412685477,0.0,,grid_medium
Hiện trạng,trip_time_min,4.645212392829276,0.010865422959384783,0.0,,grid_medium
Hiện trạng,exposed_slots,14.640033333333331,0.032069201688196394,0.0,,grid_medium
Hiện trạng,impulse_revenue,0.7790194444444444,0.004401644668331102,0.0,,grid_medium
Hiện trạng,impulse_items,1.5395111111111115,0.008149365187291998,0.0,,grid_medium
Hiện trạng,basket_value,3.6569222222222226,0.01060923395197199,0.0,,grid_medium
Hiện trạng,congestion_cells,65.7,1.6875370573740258,0.0,,grid_medium
Tiện lợi – theo mô hình,distance_m,44.2614888888889,0.06142005715894781,-4.479715630855279,1.7300371292901245e-06,grid_medium
Tiện lợi – theo mô hình,trip_time_min,4.1814827721086525,0.01014371269416771,-9.98295839898459,1.862645149230957e-09,grid_medium
Tiện lợi – theo mô hình,exposed_slots,12.289488888888886,0.02883973088016519,-16.05559489466858,1.733306644199106e-06,grid_medium
Tiện lợi – theo mô hình,impulse_revenue,0.6166866666666668,0.004418962504914335,-20.83809061961794,1.862645149230957e-09,grid_medium
Tiện lợi – theo mô hình,impulse_items,1.1370666666666667,0.007723246502553234,-26.14105488033721,1.7300371292901245e-06,grid_medium
Tiện lợi – theo mô hình,basket_value,3.494589444444445,0.011542119841569503,-4.439054699914612,1.862645149230957e-09,grid_medium
Tiện lợi – theo mô hình,congestion_cells,66.96666666666667,2.149495864348871,1.9279553526128854,0.3942326992730424,grid_medium
Tiện lợi – chọn bằng mô phỏng,distance_m,44.25573333333333,0.056140679301434786,-4.492136638760147,1.733306644199106e-06,grid_medium
Tiện lợi – chọn bằng mô phỏng,trip_time_min,4.345341955979185,0.010758385758587757,-6.4554731084631305,1.862645149230957e-09,grid_medium
Tiện lợi – chọn bằng mô phỏng,exposed_slots,12.514655555555555,0.02716706781432692,-14.517574717118885,1.862645149230957e-09,grid_medium
Tiện lợi – chọn bằng mô phỏng,impulse_revenue,0.7335411111111111,0.005522241863257912,-5.8378945041309,1.862645149230957e-09,grid_medium
Tiện lợi – chọn bằng mô phỏng,impulse_items,1.3374333333333333,0.009195310487687049,-13.126100638009207,1.733306644199106e-06,grid_medium
Tiện lợi – chọn bằng mô phỏng,basket_value,3.6114438888888882,0.010654880829159963,-1.2436232046985762,1.862645149230957e-09,grid_medium
Tiện lợi – chọn bằng mô phỏng,congestion_cells,68.13333333333334,2.231261714397109,3.7037037037037095,0.03197219889256449,grid_medium
Tiện lợi – tinh chỉnh,distance_m,42.45686666666666,0.05652696831373136,-8.374253120958066,1.733306644199106e-06,grid_medium
Tiện lợi – tinh chỉnh,trip_time_min,4.155343232087514,0.010083103990606569,-10.545678417158348,1.862645149230957e-09,grid_medium
Tiện lợi – tinh chỉnh,exposed_slots,12.193311111111113,0.024862754775967846,-16.71254543288075,1.862645149230957e-09,grid_medium
Tiện lợi – tinh chỉnh,impulse_revenue,0.6041355555555554,0.004345381243479493,-22.449232831871985,1.862645149230957e-09,grid_medium
Tiện lợi – tinh chỉnh,impulse_items,1.1570333333333334,0.007349460509762616,-24.844106354109545,1.862645149230957e-09,grid_medium
Tiện lợi – tinh chỉnh,basket_value,3.4820383333333336,0.010914295965560586,-4.782269850481435,1.862645149230957e-09,grid_medium
Tiện lợi – tinh chỉnh,congestion_cells,62.766666666666666,1.9432052915616829,-4.46473871131406,0.02161780774446016,grid_medium
Cân bằng – theo mô hình,distance_m,45.04873333333333,0.06168500224737899,-2.7807711287818586,1.862645149230957e-09,grid_medium
Cân bằng – theo mô hình,trip_time_min,4.423319085417722,0.011629204582775384,-4.776817261447206,1.862645149230957e-09,grid_medium
Cân bằng – theo mô hình,exposed_slots,12.415188888888887,0.0340191643552131,-15.196990292220043,1.862645149230957e-09,grid_medium
Cân bằng – theo mô hình,impulse_revenue,0.7937216666666667,0.005451006163696456,1.8872728180369276,3.453157842159271e-05,grid_medium
Cân bằng – theo mô hình,impulse_items,1.4257333333333333,0.009474598477587335,-7.390513582955653,1.733306644199106e-06,grid_medium
Cân bằng – theo mô hình,basket_value,3.671624444444445,0.011786724723292676,0.40203814379426395,3.453157842159271e-05,grid_medium
Cân bằng – theo mô hình,congestion_cells,69.66666666666667,2.4324990031777944,6.03754439370878,0.015263914035314682,grid_medium
Cân bằng – chọn bằng mô phỏng,distance_m,45.65391111111112,0.06278026736243227,-1.4747429115129864,1.733306644199106e-06,grid_medium
Cân bằng – chọn bằng mô phỏng,trip_time_min,4.613647564232659,0.012810559950358503,-0.6795131401384917,2.551823854446411e-07,grid_medium
Cân bằng – chọn bằng mô phỏng,exposed_slots,12.932099999999998,0.03228809281567848,-11.666184730909082,1.862645149230957e-09,grid_medium
Cân bằng – chọn bằng mô phỏng,impulse_revenue,0.92161,0.0066339431166354814,18.30385063844507,1.862645149230957e-09,grid_medium
Cân bằng – chọn bằng mô phỏng,impulse_items,1.603333333333333,0.01091283685998979,4.145616212939128,1.733306644199106e-06,grid_medium
Cân bằng – chọn bằng mô phỏng,basket_value,3.799512777777778,0.013261781688445893,3.8991957414097462,1.862645149230957e-09,grid_medium
Cân bằng – chọn bằng mô phỏng,congestion_cells,70.13333333333334,2.2139559072517896,6.74784373414511,0.002422730679620627,grid_medium
Cân bằng – tinh chỉnh,distance_m,46.113911111111115,0.05618854741156266,-0.48202143031500067,9.313225746154785e-09,grid_medium
Cân bằng – tinh chỉnh,trip_time_min,4.8942376799307485,0.011156714276720991,5.360902065229318,1.862645149230957e-09,grid_medium
Cân bằng – tinh chỉnh,exposed_slots,13.81342222222222,0.029606234883478053,-5.646237903222747,1.862645149230957e-09,grid_medium
Cân bằng – tinh chỉnh,impulse_revenue,1.102565,0.005977491203802202,41.53241075853906,1.862645149230957e-09,grid_medium
Cân bằng – tinh chỉnh,impulse_items,1.8892888888888888,0.009962149163417462,22.720055428851836,1.733306644199106e-06,grid_medium
Cân bằng – tinh chỉnh,basket_value,3.9804677777777777,0.011647141781507012,8.84748255211576,1.862645149230957e-09,grid_medium
Cân bằng – tinh chỉnh,congestion_cells,69.9,1.749644746484399,6.392694063926944,0.002217074428904585,grid_medium
Giá trị – theo mô hình,distance_m,52.02228888888889,0.0700432201351526,12.268790611060856,1.733306644199106e-06,grid_medium
Giá trị – theo mô hình,trip_time_min,4.828085853639146,0.013450013348132358,3.936815915934615,1.862645149230957e-09,grid_medium
Giá trị – theo mô hình,exposed_slots,13.8794,0.04207996516041343,-5.195571048335485,1.862645149230957e-09,grid_medium
Giá trị – theo mô hình,impulse_revenue,0.9533833333333335,0.006995547526265694,22.38248225154845,1.862645149230957e-09,grid_medium
Giá trị – theo mô hình,impulse_items,1.7095444444444443,0.011613969464408734,11.044631773434531,1.862645149230957e-09,grid_medium
Giá trị – theo mô hình,basket_value,3.831286111111111,0.012421225397072789,4.768050242614447,1.862645149230957e-09,grid_medium
Giá trị – theo mô hình,congestion_cells,85.83333333333333,2.2978230452413695,30.644342973110085,1.6805458207281375e-06,grid_medium
Giá trị – chọn bằng mô phỏng,distance_m,49.057444444444464,0.07149941320488272,5.870388940603187,1.7322162331441136e-06,grid_medium
Giá trị – chọn bằng mô phỏng,trip_time_min,5.021487237149333,0.01190039446886661,8.100272118900422,1.862645149230957e-09,grid_medium
Giá trị – chọn bằng mô phỏng,exposed_slots,14.104177777777782,0.03907116889188905,-3.6602072096071034,1.862645149230957e-09,grid_medium
Giá trị – chọn bằng mô phỏng,impulse_revenue,1.1481538888888887,0.005939098269893556,47.38449689246095,1.862645149230957e-09,grid_medium
Giá trị – chọn bằng mô phỏng,impulse_items,1.946422222222222,0.00969467942435436,26.431190276855524,1.862645149230957e-09,grid_medium
Giá trị – chọn bằng mô phỏng,basket_value,4.026056666666666,0.011501473673575398,10.094128942674908,1.862645149230957e-09,grid_medium
Giá trị – chọn bằng mô phỏng,congestion_cells,70.2,1.8847159049173854,6.8493150684931505,0.0010938617710409017,grid_medium
Giá trị – tinh chỉnh,distance_m,49.86542222222223,0.07469495293864148,7.614077845669732,1.862645149230957e-09,grid_medium
Giá trị – tinh chỉnh,trip_time_min,5.661715041720397,0.013118663774094912,21.882802398019017,1.862645149230957e-09,grid_medium
Giá trị – tinh chỉnh,exposed_slots,16.578844444444446,0.03921977233569129,13.243215141434888,1.862645149230957e-09,grid_medium
Giá trị – tinh chỉnh,impulse_revenue,1.5342055555555556,0.007132932666442205,96.9405984018371,1.862645149230957e-09,grid_medium
Giá trị – tinh chỉnh,impulse_items,2.568455555555555,0.011638047610453098,66.83579202632863,1.862645149230957e-09,grid_medium
Giá trị – tinh chỉnh,basket_value,4.412108333333333,0.0122707912990883,20.650866089577438,1.862645149230957e-09,grid_medium
Giá trị – tinh chỉnh,congestion_cells,77.26666666666667,2.3757013112846677,17.60527650938609,4.080821374585391e-06,grid_medium
Hiện trạng,distance_m,51.35011111111111,0.06746969386974348,0.0,,racetrack_medium
Hiện trạng,trip_time_min,4.93186038345402,0.01253579354090922,0.0,,racetrack_medium
Hiện trạng,exposed_slots,15.178044444444446,0.038036318437981054,0.0,,racetrack_medium
Hiện trạng,impulse_revenue,0.8022777777777778,0.004706768131264091,0.0,,racetrack_medium
Hiện trạng,impulse_items,1.5235666666666667,0.007881123323678631,0.0,,racetrack_medium
Hiện trạng,basket_value,3.680180555555556,0.012441447938081007,0.0,,racetrack_medium
Hiện trạng,congestion_cells,76.1,2.598808289409516,0.0,,racetrack_medium
Tiện lợi – theo mô hình,distance_m,46.85184444444444,0.06829028159941657,-8.75999402792595,1.862645149230957e-09,racetrack_medium
Tiện lợi – theo mô hình,trip_time_min,4.394483568247821,0.011824416536243705,-10.89602651788467,1.862645149230957e-09,racetrack_medium
Tiện lợi – theo mô hình,exposed_slots,13.002533333333332,0.02893380578567,-14.333276721346051,1.862645149230957e-09,racetrack_medium
Tiện lợi – theo mô hình,impulse_revenue,0.6035550000000001,0.004603644704238325,-24.769822034485134,1.862645149230957e-09,racetrack_medium
Tiện lợi – theo mô hình,impulse_items,1.2069555555555558,0.00846006766604116,-20.780916125174105,1.862645149230957e-09,racetrack_medium
Tiện lợi – theo mô hình,basket_value,3.481457777777777,0.011488449205942193,-5.399810546734974,1.862645149230957e-09,racetrack_medium
Tiện lợi – theo mô hình,congestion_cells,69.96666666666667,1.6770577262548054,-8.059570740254042,0.0003941892482125815,racetrack_medium
Tiện lợi – chọn bằng mô phỏng,distance_m,46.72186666666665,0.06507739758843464,-9.013114761192805,1.862645149230957e-09,racetrack_medium
Tiện lợi – chọn bằng mô phỏng,trip_time_min,4.321204925748372,0.011846886116870774,-12.3818480294849,1.862645149230957e-09,racetrack_medium
Tiện lợi – chọn bằng mô phỏng,exposed_slots,12.789788888888891,0.028328663343651767,-15.734935843001285,1.862645149230957e-09,racetrack_medium
Tiện lợi – chọn bằng mô phỏng,impulse_revenue,0.55796,0.003103580045199185,-30.45301571913302,1.862645149230957e-09,racetrack_medium
Tiện lợi – chọn bằng mô phỏng,impulse_items,1.1313555555555554,0.005640102643782292,-25.742956950430653,1.733306644199106e-06,racetrack_medium
Tiện lợi – chọn bằng mô phỏng,basket_value,3.435862777777778,0.010429802849984068,-6.638744324893481,1.862645149230957e-09,racetrack_medium
Tiện lợi – chọn bằng mô phỏng,congestion_cells,69.73333333333333,1.540945608408132,-8.36618484450284,0.0005626058616927231,racetrack_medium
Tiện lợi – tinh chỉnh,distance_m,45.6828,0.06317416309377874,-11.036609246761339,1.862645149230957e-09,racetrack_medium
Tiện lợi – tinh chỉnh,trip_time_min,4.37044767467861,0.009938460394350567,-11.383386088116008,1.862645149230957e-09,racetrack_medium
Tiện lợi – tinh chỉnh,exposed_slots,12.98536666666667,0.028579213252112302,-14.446378687343694,1.862645149230957e-09,racetrack_medium
Tiện lợi – tinh chỉnh,impulse_revenue,0.5820544444444444,0.003658359887903362,-27.449761096876948,1.862645149230957e-09,racetrack_medium
Tiện lợi – tinh chỉnh,impulse_items,1.1772444444444443,0.007198875692907909,-22.731018589421033,1.733306644199106e-06,racetrack_medium
Tiện lợi – tinh chỉnh,basket_value,3.459957222222222,0.01058515092787347,-5.98403610933945,1.862645149230957e-09,racetrack_medium
Tiện lợi – tinh chỉnh,congestion_cells,67.36666666666666,1.6127524299386589,-11.476127901883489,9.389923366423264e-06,racetrack_medium
Cân bằng – theo mô hình,distance_m,47.51224444444446,0.06901170303138804,-7.47392086136346,1.862645149230957e-09,racetrack_medium
Cân bằng – theo mô hình,trip_time_min,4.428272333734386,0.011371877216193874,-10.210914554863114,1.862645149230957e-09,racetrack_medium
Cân bằng – theo mô hình,exposed_slots,13.012766666666668,0.033473923766135845,-14.265854772683348,1.7322162331441136e-06,racetrack_medium
Cân bằng – theo mô hình,impulse_revenue,0.6126944444444444,0.004230228635161967,-23.630634997576344,1.862645149230957e-09,racetrack_medium
Cân bằng – theo mô hình,impulse_items,1.2328999999999999,0.007975256940211794,-19.078040562714694,1.7322162331441136e-06,racetrack_medium
Cân bằng – theo mô hình,basket_value,3.4905972222222226,0.011668903612760967,-5.151468262804131,1.862645149230957e-09,racetrack_medium
Cân bằng – theo mô hình,congestion_cells,69.36666666666666,1.7907481736545217,-8.848007008322385,0.00021125518033755574,racetrack_medium
Cân bằng – chọn bằng mô phỏng,distance_m,51.37722222222222,0.08132822912105658,0.052796596783302376,0.3598779272288084,racetrack_medium
Cân bằng – chọn bằng mô phỏng,trip_time_min,4.914142859412541,0.014195663416166893,-0.3592462613280715,0.008142979815602303,racetrack_medium
Cân bằng – chọn bằng mô phỏng,exposed_slots,14.258566666666669,0.03657872000350123,-6.057946273271914,1.862645149230957e-09,racetrack_medium
Cân bằng – chọn bằng mô phỏng,impulse_revenue,0.876985,0.005703596032318618,9.31188975832699,1.862645149230957e-09,racetrack_medium
Cân bằng – chọn bằng mô phỏng,impulse_items,1.6201555555555558,0.009034933468593711,6.339656216042776,1.7311263949197286e-06,racetrack_medium
Cân bằng – chọn bằng mô phỏng,basket_value,3.7548877777777774,0.011733257228006267,2.029987961037522,1.862645149230957e-09,racetrack_medium
Cân bằng – chọn bằng mô phỏng,congestion_cells,78.56666666666666,1.9677923934583048,3.2413491020586975,0.07927465286769282,racetrack_medium
Cân bằng – tinh chỉnh,distance_m,51.27528888888889,0.0726121341650208,-0.14570995194211742,0.0008718203753232956,racetrack_medium
Cân bằng – tinh chỉnh,trip_time_min,5.082963752804447,0.012064278904495266,3.063820903311981,1.862645149230957e-09,racetrack_medium
Cân bằng – tinh chỉnh,exposed_slots,14.882433333333333,0.0335560457104692,-1.9476231749954696,1.733306644199106e-06,racetrack_medium
Cân bằng – tinh chỉnh,impulse_revenue,0.9516205555555554,0.006299358241587938,18.61484661727025,1.862645149230957e-09,racetrack_medium
Cân bằng – tinh chỉnh,impulse_items,1.7476888888888886,0.010698515115996026,14.71036529780265,1.733306644199106e-06,racetrack_medium
Cân bằng – tinh chỉnh,basket_value,3.829523333333333,0.012438356541470642,4.0580285538526395,1.862645149230957e-09,racetrack_medium
Cân bằng – tinh chỉnh,congestion_cells,80.0,1.5064455937528434,5.12483574244416,0.0047088546230377535,racetrack_medium
Giá trị – theo mô hình,distance_m,55.74773333333334,0.07180207962254716,8.563997481342696,1.733306644199106e-06,racetrack_medium
Giá trị – theo mô hình,trip_time_min,6.167181884408512,0.012429821396102651,25.047779233550337,1.862645149230957e-09,racetrack_medium
Giá trị – theo mô hình,exposed_slots,18.343255555555555,0.03743522856496028,20.853879580446595,1.862645149230957e-09,racetrack_medium
Giá trị – theo mô hình,impulse_revenue,1.5175888888888889,0.007047283898922268,89.16003046880411,1.862645149230957e-09,racetrack_medium
Giá trị – theo mô hình,impulse_items,2.5730111111111116,0.011763422275680805,68.88076953931201,1.862645149230957e-09,racetrack_medium
Giá trị – theo mô hình,basket_value,4.3954916666666675,0.011829058806697447,19.43684828265523,1.862645149230957e-09,racetrack_medium
Giá trị – theo mô hình,congestion_cells,78.6,1.970030857488602,3.28515111695138,0.14471416882671578,racetrack_medium
Giá trị – chọn bằng mô phỏng,distance_m,55.74773333333334,0.07180207962254716,8.563997481342696,1.733306644199106e-06,racetrack_medium
Giá trị – chọn bằng mô phỏng,trip_time_min,6.167181884408512,0.012429821396102651,25.047779233550337,1.862645149230957e-09,racetrack_medium
Giá trị – chọn bằng mô phỏng,exposed_slots,18.343255555555555,0.03743522856496028,20.853879580446595,1.862645149230957e-09,racetrack_medium
Giá trị – chọn bằng mô phỏng,impulse_revenue,1.5175888888888889,0.007047283898922268,89.16003046880411,1.862645149230957e-09,racetrack_medium
Giá trị – chọn bằng mô phỏng,impulse_items,2.5730111111111116,0.011763422275680805,68.88076953931201,1.862645149230957e-09,racetrack_medium
Giá trị – chọn bằng mô phỏng,basket_value,4.3954916666666675,0.011829058806697447,19.43684828265523,1.862645149230957e-09,racetrack_medium
Giá trị – chọn bằng mô phỏng,congestion_cells,78.6,1.970030857488602,3.28515111695138,0.14471416882671578,racetrack_medium
Giá trị – tinh chỉnh,distance_m,53.94755555555555,0.05824370210938425,5.058303454931392,1.733306644199106e-06,racetrack_medium
Giá trị – tinh chỉnh,trip_time_min,6.483355821508658,0.012329104554432216,31.458624482959323,1.862645149230957e-09,racetrack_medium
Giá trị – tinh chỉnh,exposed_slots,19.320488888888885,0.036099222874968084,27.292346254531363,1.733306644199106e-06,racetrack_medium
Giá trị – tinh chỉnh,impulse_revenue,1.704635,0.00699631770293507,112.47441312928466,1.862645149230957e-09,racetrack_medium
Giá trị – tinh chỉnh,impulse_items,2.873655555555556,0.010611804867601963,88.61370614274986,1.733306644199106e-06,racetrack_medium
Giá trị – tinh chỉnh,basket_value,4.582537777777778,0.012818678997173216,24.519373672034497,1.862645149230957e-09,racetrack_medium
Giá trị – tinh chỉnh,congestion_cells,78.23333333333333,1.999303636752336,2.803328953131853,0.09316356497572278,racetrack_medium
Hiện trạng,distance_m,66.18182222222222,0.07837711265466347,0.0,,free_medium
Hiện trạng,trip_time_min,5.098463642197089,0.012330402345540973,0.0,,free_medium
Hiện trạng,exposed_slots,15.232533333333334,0.04254490790448169,0.0,,free_medium
Hiện trạng,impulse_revenue,0.75334,0.005351556355074696,0.0,,free_medium
Hiện trạng,impulse_items,1.4995,0.010291021487583155,0.0,,free_medium
Hiện trạng,basket_value,3.6312427777777776,0.012699917039254723,0.0,,free_medium
Hiện trạng,congestion_cells,71.53333333333333,3.006074682873637,0.0,,free_medium
Tiện lợi – theo mô hình,distance_m,64.28557777777777,0.07604211783867408,-2.865204342783624,1.862645149230957e-09,free_medium
Tiện lợi – theo mô hình,trip_time_min,4.215865143629134,0.01105732642288223,-17.311067813903545,1.862645149230957e-09,free_medium
Tiện lợi – theo mô hình,exposed_slots,10.9025,0.030753019240428985,-28.426219320051825,1.862645149230957e-09,free_medium
Tiện lợi – theo mô hình,impulse_revenue,0.4193594444444445,0.003256710232118309,-44.33330973472211,1.733306644199106e-06,free_medium
Tiện lợi – theo mô hình,impulse_items,0.7972666666666666,0.0058066654186081324,-46.831165944203626,1.862645149230957e-09,free_medium
Tiện lợi – theo mô hình,basket_value,3.2972622222222228,0.010433912668937423,-9.19741741310786,1.733306644199106e-06,free_medium
Tiện lợi – theo mô hình,congestion_cells,75.96666666666667,3.0024738095159225,6.197576887232065,0.017494431782383555,free_medium
Tiện lợi – chọn bằng mô phỏng,distance_m,63.61677777777777,0.0741116809176735,-3.875753731638979,1.862645149230957e-09,free_medium
Tiện lợi – chọn bằng mô phỏng,trip_time_min,4.371610746063138,0.010787746120637737,-14.256312237243439,1.862645149230957e-09,free_medium
Tiện lợi – chọn bằng mô phỏng,exposed_slots,11.379744444444446,0.02729294659617975,-25.29315908639986,1.733306644199106e-06,free_medium
Tiện lợi – chọn bằng mô phỏng,impulse_revenue,0.541405,0.0041405839118478435,-28.132715639684605,1.862645149230957e-09,free_medium
Tiện lợi – chọn bằng mô phỏng,impulse_items,0.982488888888889,0.006796142091612596,-34.47890037419881,1.733306644199106e-06,free_medium
Tiện lợi – chọn bằng mô phỏng,basket_value,3.4193077777777776,0.010774544609436857,-5.836431573702117,1.862645149230957e-09,free_medium
Tiện lợi – chọn bằng mô phỏng,congestion_cells,79.26666666666667,2.680022070436051,10.810810810810814,0.000677270622591118,free_medium
Tiện lợi – tinh chỉnh,distance_m,61.92595555555556,0.08243509042665038,-6.430567372981228,1.862645149230957e-09,free_medium
Tiện lợi – tinh chỉnh,trip_time_min,4.130074899884389,0.010249371991717004,-18.993736354181216,1.862645149230957e-09,free_medium
Tiện lợi – tinh chỉnh,exposed_slots,10.9283,0.026748390273911474,-28.256844998424427,1.862645149230957e-09,free_medium
Tiện lợi – tinh chỉnh,impulse_revenue,0.38269333333333333,0.0029651945718891294,-49.20044955354378,1.862645149230957e-09,free_medium
Tiện lợi – tinh chỉnh,impulse_items,0.7547777777777778,0.005548177372399527,-49.66470304916454,1.733306644199106e-06,free_medium
Tiện lợi – tinh chỉnh,basket_value,3.260596111111111,0.009767641865916882,-10.207157421005386,1.862645149230957e-09,free_medium
Tiện lợi – tinh chỉnh,congestion_cells,65.8,2.3987955936608247,-8.014911463187328,0.007241752281559845,free_medium
Cân bằng – theo mô hình,distance_m,65.74082222222222,0.07986625395229206,-0.6663461131656867,1.862645149230957e-09,free_medium
Cân bằng – theo mô hình,trip_time_min,4.54096663100073,0.011861285029117359,-10.934607958802978,1.862645149230957e-09,free_medium
Cân bằng – theo mô hình,exposed_slots,11.662944444444442,0.02921558224670447,-23.43398048621082,1.733306644199106e-06,free_medium
Cân bằng – theo mô hình,impulse_revenue,0.6252672222222221,0.004857663653077423,-17.000660761114226,1.862645149230957e-09,free_medium
Cân bằng – theo mô hình,impulse_items,1.1367222222222222,0.00806828795049228,-24.193249601719096,1.862645149230957e-09,free_medium
Cân bằng – theo mô hình,basket_value,3.5031700000000003,0.012179224115579474,-3.5269681928608017,1.862645149230957e-09,free_medium
Cân bằng – theo mô hình,congestion_cells,80.03333333333333,2.267067930893938,11.882572227399814,2.3479214438188723e-05,free_medium
Cân bằng – chọn bằng mô phỏng,distance_m,69.36013333333334,0.08086172868527815,4.8023928692067885,1.862645149230957e-09,free_medium
Cân bằng – chọn bằng mô phỏng,trip_time_min,5.9825435308210535,0.013756197926809004,17.340123430653446,1.862645149230957e-09,free_medium
Cân bằng – chọn bằng mô phỏng,exposed_slots,16.28888888888889,0.040501875127243105,6.93486455889734,1.862645149230957e-09,free_medium
Cân bằng – chọn bằng mô phỏng,impulse_revenue,1.3980027777777777,0.005245981377188568,85.57394772317649,1.862645149230957e-09,free_medium
Cân bằng – chọn bằng mô phỏng,impulse_items,2.2965444444444447,0.008087493248026356,53.15401430106333,1.733306644199106e-06,free_medium
Cân bằng – chọn bằng mô phỏng,basket_value,4.275905555555556,0.012315246663572494,17.753227124414266,1.862645149230957e-09,free_medium
Cân bằng – chọn bằng mô phỏng,congestion_cells,87.2,2.1470712905811964,21.901211556383977,2.1082786379254056e-06,free_medium
Cân bằng – tinh chỉnh,distance_m,70.45397777777778,0.08126702235734579,6.455179703590985,1.862645149230957e-09,free_medium
Cân bằng – tinh chỉnh,trip_time_min,6.888781331214246,0.015833609275494754,35.11484664124529,1.862645149230957e-09,free_medium
Cân bằng – tinh chỉnh,exposed_slots,19.369522222222223,0.04603115394842403,27.158902582776044,1.862645149230957e-09,free_medium
Cân bằng – tinh chỉnh,impulse_revenue,1.778733888888889,0.00782590267823218,136.11302849827288,1.862645149230957e-09,free_medium
Cân bằng – tinh chỉnh,impulse_items,3.0409222222222216,0.012943659953911044,102.79574673039157,1.733306644199106e-06,free_medium
Cân bằng – tinh chỉnh,basket_value,4.6566366666666665,0.013837757330811,28.238097853550908,1.862645149230957e-09,free_medium
Cân bằng – tinh chỉnh,congestion_cells,80.16666666666667,2.009857078330371,12.068965517241388,4.791298378278787e-05,free_medium
Giá trị – theo mô hình,distance_m,72.17119999999998,0.08872053891755782,9.049883452388041,1.7322162331441136e-06,free_medium
Giá trị – theo mô hình,trip_time_min,5.94881977566052,0.017905283670765618,16.678674070077037,1.862645149230957e-09,free_medium
Giá trị – theo mô hình,exposed_slots,16.379233333333335,0.05335868214749827,7.5279664577570875,1.862645149230957e-09,free_medium
Giá trị – theo mô hình,impulse_revenue,1.3130622222222221,0.008994200596459626,74.29875251841428,1.862645149230957e-09,free_medium
Giá trị – theo mô hình,impulse_items,2.215788888888889,0.01538129628620759,47.768515431069616,1.862645149230957e-09,free_medium
Giá trị – theo mô hình,basket_value,4.190965,0.015962499725537732,15.41406775794698,1.862645149230957e-09,free_medium
Giá trị – theo mô hình,congestion_cells,94.8,3.8599281958263605,32.525629077353216,2.539013785445967e-06,free_medium
Giá trị – chọn bằng mô phỏng,distance_m,69.36013333333334,0.08086172868527815,4.8023928692067885,1.862645149230957e-09,free_medium
Giá trị – chọn bằng mô phỏng,trip_time_min,5.9825435308210535,0.013756197926809004,17.340123430653446,1.862645149230957e-09,free_medium
Giá trị – chọn bằng mô phỏng,exposed_slots,16.28888888888889,0.040501875127243105,6.93486455889734,1.862645149230957e-09,free_medium
Giá trị – chọn bằng mô phỏng,impulse_revenue,1.3980027777777777,0.005245981377188568,85.57394772317649,1.862645149230957e-09,free_medium
Giá trị – chọn bằng mô phỏng,impulse_items,2.2965444444444447,0.008087493248026356,53.15401430106333,1.733306644199106e-06,free_medium
Giá trị – chọn bằng mô phỏng,basket_value,4.275905555555556,0.012315246663572494,17.753227124414266,1.862645149230957e-09,free_medium
Giá trị – chọn bằng mô phỏng,congestion_cells,87.2,2.1470712905811964,21.901211556383977,2.1082786379254056e-06,free_medium
Giá trị – tinh chỉnh,distance_m,70.45397777777778,0.08126702235734579,6.455179703590985,1.862645149230957e-09,free_medium
Giá trị – tinh chỉnh,trip_time_min,6.888781331214246,0.015833609275494754,35.11484664124529,1.862645149230957e-09,free_medium
Giá trị – tinh chỉnh,exposed_slots,19.369522222222223,0.04603115394842403,27.158902582776044,1.862645149230957e-09,free_medium
Giá trị – tinh chỉnh,impulse_revenue,1.778733888888889,0.00782590267823218,136.11302849827288,1.862645149230957e-09,free_medium
Giá trị – tinh chỉnh,impulse_items,3.0409222222222216,0.012943659953911044,102.79574673039157,1.733306644199106e-06,free_medium
Giá trị – tinh chỉnh,basket_value,4.6566366666666665,0.013837757330811,28.238097853550908,1.862645149230957e-09,free_medium
Giá trị – tinh chỉnh,congestion_cells,80.16666666666667,2.009857078330371,12.068965517241388,4.791298378278787e-05,free_medium
Hiện trạng,distance_m,82.09197777777777,0.11380378482138175,0.0,,grid_large
Hiện trạng,trip_time_min,7.839851267121718,0.01761582911533184,0.0,,grid_large
Hiện trạng,exposed_slots,25.2557,0.05226094915359753,0.0,,grid_large
Hiện trạng,impulse_revenue,0.8327877777777778,0.0047363786496732625,0.0,,grid_large
Hiện trạng,impulse_items,1.5144888888888888,0.008588728870303998,0.0,,grid_large
Hiện trạng,basket_value,4.173694444444444,0.012749438398489174,0.0,,grid_large
Hiện trạng,congestion_cells,100.33333333333333,2.4206105306929366,0.0,,grid_large
Tiện lợi – theo mô hình,distance_m,70.19342222222221,0.10086280602930423,-14.494175774111376,1.733306644199106e-06,grid_large
Tiện lợi – theo mô hình,trip_time_min,6.818010419115862,0.01268144928739548,-13.03393155290061,1.862645149230957e-09,grid_large
Tiện lợi – theo mô hình,exposed_slots,21.035911111111112,0.03788235657660604,-16.708263437120685,1.733306644199106e-06,grid_large
Tiện lợi – theo mô hình,impulse_revenue,0.6043766666666667,0.003389697466298515,-27.42728906524138,1.862645149230957e-09,grid_large
Tiện lợi – theo mô hình,impulse_items,1.173488888888889,0.006043729209420681,-22.515846930390875,1.7322162331441136e-06,grid_large
Tiện lợi – theo mô hình,basket_value,3.9452833333333337,0.011740290864148845,-5.472636153687432,1.862645149230957e-09,grid_large
Tiện lợi – theo mô hình,congestion_cells,78.23333333333333,2.829680396000776,-22.0265780730897,1.9018226127429695e-06,grid_large
Tiện lợi – chọn bằng mô phỏng,distance_m,70.19342222222221,0.10086280602930423,-14.494175774111376,1.733306644199106e-06,grid_large
Tiện lợi – chọn bằng mô phỏng,trip_time_min,6.818010419115862,0.01268144928739548,-13.03393155290061,1.862645149230957e-09,grid_large
Tiện lợi – chọn bằng mô phỏng,exposed_slots,21.035911111111112,0.03788235657660604,-16.708263437120685,1.733306644199106e-06,grid_large
Tiện lợi – chọn bằng mô phỏng,impulse_revenue,0.6043766666666667,0.003389697466298515,-27.42728906524138,1.862645149230957e-09,grid_large
Tiện lợi – chọn bằng mô phỏng,impulse_items,1.173488888888889,0.006043729209420681,-22.515846930390875,1.7322162331441136e-06,grid_large
Tiện lợi – chọn bằng mô phỏng,basket_value,3.9452833333333337,0.011740290864148845,-5.472636153687432,1.862645149230957e-09,grid_large
Tiện lợi – chọn bằng mô phỏng,congestion_cells,78.23333333333333,2.829680396000776,-22.0265780730897,1.9018226127429695e-06,grid_large
Tiện lợi – tinh chỉnh,distance_m,69.72455555555555,0.10776152382049939,-15.065323746615919,1.862645149230957e-09,grid_large
Tiện lợi – tinh chỉnh,trip_time_min,6.787879690148446,0.013823201634920134,-13.418259366538814,1.862645149230957e-09,grid_large
Tiện lợi – tinh chỉnh,exposed_slots,20.78991111111111,0.040683091776931274,-17.68230098112066,1.862645149230957e-09,grid_large
Tiện lợi – tinh chỉnh,impulse_revenue,0.622408888888889,0.004141862179429727,-25.262004859181133,1.862645149230957e-09,grid_large
Tiện lợi – tinh chỉnh,impulse_items,1.1714999999999998,0.007379014466549832,-22.647171029463564,1.7322162331441136e-06,grid_large
Tiện lợi – tinh chỉnh,basket_value,3.9633155555555555,0.01293336637499306,-5.0405915356099324,1.862645149230957e-09,grid_large
Tiện lợi – tinh chỉnh,congestion_cells,82.13333333333334,2.4744360996927988,-18.13953488372092,1.7256857880058036e-06,grid_large
Cân bằng – theo mô hình,distance_m,72.48535555555556,0.1080031053852237,-11.702266752821147,1.862645149230957e-09,grid_large
Cân bằng – theo mô hình,trip_time_min,7.255377136327228,0.014074378378390906,-7.455168610731449,1.862645149230957e-09,grid_large
Cân bằng – theo mô hình,exposed_slots,21.591655555555555,0.03593740230211335,-14.50779208037966,1.862645149230957e-09,grid_large
Cân bằng – theo mô hình,impulse_revenue,0.8383272222222223,0.004978936124050215,0.6651687971725606,0.07672121562063694,grid_large
Cân bằng – theo mô hình,impulse_items,1.4373333333333338,0.008250883348221614,-5.0944946589974975,1.862645149230957e-09,grid_large
Cân bằng – theo mô hình,basket_value,4.17923388888889,0.012728224910499023,0.13272280753132082,0.07672121562063694,grid_large
Cân bằng – theo mô hình,congestion_cells,84.93333333333334,2.2273796309534886,-15.348837209302317,2.574942943734176e-06,grid_large
Cân bằng – chọn bằng mô phỏng,distance_m,75.02671111111111,0.11605831999484253,-8.606525092856542,1.862645149230957e-09,grid_large
Cân bằng – chọn bằng mô phỏng,trip_time_min,7.333203727309365,0.014196001125726138,-6.462463668629788,1.862645149230957e-09,grid_large
Cân bằng – chọn bằng mô phỏng,exposed_slots,22.23687777777778,0.04365104739408737,-11.953033264657954,1.862645149230957e-09,grid_large
Cân bằng – chọn bằng mô phỏng,impulse_revenue,0.8769338888888889,0.00512258080503306,5.301003723771161,1.862645149230957e-09,grid_large
Cân bằng – chọn bằng mô phỏng,impulse_items,1.472822222222222,0.008529934812700696,-2.7512031928630174,2.3476502077785057e-06,grid_large
Cân bằng – chọn bằng mô phỏng,basket_value,4.217840555555556,0.012992018810581788,1.057722641145287,1.862645149230957e-09,grid_large
Cân bằng – chọn bằng mô phỏng,congestion_cells,87.9,2.872960504992828,-12.39202657807308,3.989200181416606e-06,grid_large
Cân bằng – tinh chỉnh,distance_m,81.72524444444443,0.15340969127650209,-0.44673467890624696,3.1797762823178307e-06,grid_large
Cân bằng – tinh chỉnh,trip_time_min,8.178250611849409,0.021222250156516933,4.316400059103786,1.862645149230957e-09,grid_large
Cân bằng – tinh chỉnh,exposed_slots,24.3406,0.060059149331403244,-3.6233404736356642,1.862645149230957e-09,grid_large
Cân bằng – tinh chỉnh,impulse_revenue,1.085497777777778,0.005624272695519195,30.345065903144604,1.862645149230957e-09,grid_large
Cân bằng – tinh chỉnh,impulse_items,1.8234444444444446,0.008880806952544708,20.399988261533068,1.862645149230957e-09,grid_large
Cân bằng – tinh chỉnh,basket_value,4.426404444444445,0.013990254420929273,6.054827524242455,1.862645149230957e-09,grid_large
Cân bằng – tinh chỉnh,congestion_cells,97.1,2.847746813772265,-3.2225913621262468,0.10202468429897185,grid_large
Giá trị – theo mô hình,distance_m,92.2298888888889,0.1390040131710976,12.349454094715997,1.862645149230957e-09,grid_large
Giá trị – theo mô hình,trip_time_min,8.708259178570975,0.019420753714942063,11.076841662687302,1.862645149230957e-09,grid_large
Giá trị – theo mô hình,exposed_slots,27.429855555555555,0.05714782005883662,8.608573730110646,1.862645149230957e-09,grid_large
Giá trị – theo mô hình,impulse_revenue,1.0851733333333333,0.005364059888951166,30.306107064758393,1.862645149230957e-09,grid_large
Giá trị – theo mô hình,impulse_items,1.8584999999999998,0.008735084583529435,22.71466721446179,1.862645149230957e-09,grid_large
Giá trị – theo mô hình,basket_value,4.426080000000001,0.01273159078136705,6.0470539689723575,1.862645149230957e-09,grid_large
Giá trị – theo mô hình,congestion_cells,110.56666666666666,3.887585681368348,10.19933554817276,5.957007884550555e-05,grid_large
Giá trị – chọn bằng mô phỏng,distance_m,92.2298888888889,0.1390040131710976,12.349454094715997,1.862645149230957e-09,grid_large
Giá trị – chọn bằng mô phỏng,trip_time_min,8.708259178570975,0.019420753714942063,11.076841662687302,1.862645149230957e-09,grid_large
Giá trị – chọn bằng mô phỏng,exposed_slots,27.429855555555555,0.05714782005883662,8.608573730110646,1.862645149230957e-09,grid_large
Giá trị – chọn bằng mô phỏng,impulse_revenue,1.0851733333333333,0.005364059888951166,30.306107064758393,1.862645149230957e-09,grid_large
Giá trị – chọn bằng mô phỏng,impulse_items,1.8584999999999998,0.008735084583529435,22.71466721446179,1.862645149230957e-09,grid_large
Giá trị – chọn bằng mô phỏng,basket_value,4.426080000000001,0.01273159078136705,6.0470539689723575,1.862645149230957e-09,grid_large
Giá trị – chọn bằng mô phỏng,congestion_cells,110.56666666666666,3.887585681368348,10.19933554817276,5.957007884550555e-05,grid_large
Giá trị – tinh chỉnh,distance_m,94.63624444444444,0.1497521126860084,15.280746068299008,1.862645149230957e-09,grid_large
Giá trị – tinh chỉnh,trip_time_min,9.293944599504304,0.021644186838586103,18.547460695851107,1.862645149230957e-09,grid_large
Giá trị – tinh chỉnh,exposed_slots,28.37031111111111,0.06185460604624341,12.332309582039342,1.862645149230957e-09,grid_large
Giá trị – tinh chỉnh,impulse_revenue,1.3040583333333333,0.005728988167341716,56.58951393512285,1.862645149230957e-09,grid_large
Giá trị – tinh chỉnh,impulse_items,2.158622222222222,0.009377533004474664,42.53140039910789,1.862645149230957e-09,grid_large
Giá trị – tinh chỉnh,basket_value,4.644964999999999,0.014306719209272793,11.29144842365875,1.862645149230957e-09,grid_large
Giá trị – tinh chỉnh,congestion_cells,120.53333333333333,5.031539495207347,20.132890365448507,6.150361731253327e-06,grid_large
Hiện trạng,distance_m,94.82746666666665,0.15113094902563148,0.0,,racetrack_large
Hiện trạng,trip_time_min,8.65317216877693,0.022960910066771027,0.0,,racetrack_large
Hiện trạng,exposed_slots,27.349766666666664,0.06702002916282747,0.0,,racetrack_large
Hiện trạng,impulse_revenue,0.8565633333333333,0.0059635072913404785,0.0,,racetrack_large
Hiện trạng,impulse_items,1.5082555555555557,0.010262426953757165,0.0,,racetrack_large
Hiện trạng,basket_value,4.19747,0.014502773245609259,0.0,,racetrack_large
Hiện trạng,congestion_cells,126.5,2.986846689658843,0.0,,racetrack_large
Tiện lợi – theo mô hình,distance_m,73.39880000000001,0.10236944667303549,-22.597531516888196,1.862645149230957e-09,racetrack_large
Tiện lợi – theo mô hình,trip_time_min,7.796415996891878,0.015425933479007045,-9.901064663620911,1.862645149230957e-09,racetrack_large
Tiện lợi – theo mô hình,exposed_slots,25.582366666666662,0.04177026269524633,-6.462212352817156,1.862645149230957e-09,racetrack_large
Tiện lợi – theo mô hình,impulse_revenue,0.7362838888888888,0.004713775331804095,-14.042095868892103,1.862645149230957e-09,racetrack_large
Tiện lợi – theo mô hình,impulse_items,1.3730666666666669,0.008173300916702472,-8.96326145731271,1.862645149230957e-09,racetrack_large
Tiện lợi – theo mô hình,basket_value,4.077190555555557,0.012603501696318506,-2.865522432428178,1.862645149230957e-09,racetrack_large
Tiện lợi – theo mô hình,congestion_cells,97.0,2.9872490940647993,-23.320158102766797,1.712686559944352e-06,racetrack_large
Tiện lợi – chọn bằng mô phỏng,distance_m,73.39880000000001,0.10236944667303549,-22.597531516888196,1.862645149230957e-09,racetrack_large
Tiện lợi – chọn bằng mô phỏng,trip_time_min,7.796415996891878,0.015425933479007045,-9.901064663620911,1.862645149230957e-09,racetrack_large
Tiện lợi – chọn bằng mô phỏng,exposed_slots,25.582366666666662,0.04177026269524633,-6.462212352817156,1.862645149230957e-09,racetrack_large
Tiện lợi – chọn bằng mô phỏng,impulse_revenue,0.7362838888888888,0.004713775331804095,-14.042095868892103,1.862645149230957e-09,racetrack_large
Tiện lợi – chọn bằng mô phỏng,impulse_items,1.3730666666666669,0.008173300916702472,-8.96326145731271,1.862645149230957e-09,racetrack_large
Tiện lợi – chọn bằng mô phỏng,basket_value,4.077190555555557,0.012603501696318506,-2.865522432428178,1.862645149230957e-09,racetrack_large
Tiện lợi – chọn bằng mô phỏng,congestion_cells,97.0,2.9872490940647993,-23.320158102766797,1.712686559944352e-06,racetrack_large
Tiện lợi – tinh chỉnh,distance_m,73.29293333333334,0.0976801376063174,-22.709172869745178,1.733306644199106e-06,racetrack_large
Tiện lợi – tinh chỉnh,trip_time_min,7.819640046855517,0.014394759388271387,-9.632676961277044,1.862645149230957e-09,racetrack_large
Tiện lợi – tinh chỉnh,exposed_slots,25.519266666666667,0.04039101999993755,-6.692927301025106,1.862645149230957e-09,racetrack_large
Tiện lợi – tinh chỉnh,impulse_revenue,0.7425677777777777,0.004260759342965326,-13.308479492338252,1.862645149230957e-09,racetrack_large
Tiện lợi – tinh chỉnh,impulse_items,1.379011111111111,0.006757574294741319,-8.569134320001785,1.862645149230957e-09,racetrack_large
Tiện lợi – tinh chỉnh,basket_value,4.083474444444445,0.011990323133621243,-2.7158158499180556,1.862645149230957e-09,racetrack_large
Tiện lợi – tinh chỉnh,congestion_cells,96.36666666666666,2.4700603209796563,-23.82081686429513,1.7202594665136766e-06,racetrack_large
Cân bằng – theo mô hình,distance_m,74.645,0.12069974769807004,-21.283355314775175,1.862645149230957e-09,racetrack_large
Cân bằng – theo mô hình,trip_time_min,8.166947065686845,0.01684382559673855,-5.619038817285081,1.862645149230957e-09,racetrack_large
Cân bằng – theo mô hình,exposed_slots,26.011744444444446,0.048214566290673534,-4.892261928702201,1.7322162331441136e-06,racetrack_large
Cân bằng – theo mô hình,impulse_revenue,0.8470372222222224,0.004611691241608761,-1.11213155413037,0.004031794145703316,racetrack_large
Cân bằng – theo mô hình,impulse_items,1.5295777777777777,0.00872450901109499,1.4137008906536481,0.0011545227415428662,racetrack_large
Cân bằng – theo mô hình,basket_value,4.187943888888889,0.012713348650478292,-0.22694887899402927,0.004031794145703316,racetrack_large
Cân bằng – theo mô hình,congestion_cells,101.26666666666667,2.6201507538016777,-19.947299077733863,1.7224282827430733e-06,racetrack_large
Cân bằng – chọn bằng mô phỏng,distance_m,84.33411111111111,0.13311852409007377,-11.065734353572179,1.862645149230957e-09,racetrack_large
Cân bằng – chọn bằng mô phỏng,trip_time_min,9.070999981066292,0.02181754389982709,4.828608562730345,1.862645149230957e-09,racetrack_large
Cân bằng – chọn bằng mô phỏng,exposed_slots,28.26795555555556,0.05477321463951062,3.357209222585308,1.862645149230957e-09,racetrack_large
Cân bằng – chọn bằng mô phỏng,impulse_revenue,1.0400133333333335,0.005278689855949596,21.41698025831911,1.862645149230957e-09,racetrack_large
Cân bằng – chọn bằng mô phỏng,impulse_items,1.8472555555555557,0.008365319524444605,22.47629712029349,1.7289484360195754e-06,racetrack_large
Cân bằng – chọn bằng mô phỏng,basket_value,4.380920000000001,0.013028535374015653,4.370489842690968,1.862645149230957e-09,racetrack_large
Cân bằng – chọn bằng mô phỏng,congestion_cells,107.53333333333333,3.3908971560855807,-14.993412384716734,4.281764523934969e-06,racetrack_large
Cân bằng – tinh chỉnh,distance_m,88.56568888888889,0.13793624222957968,-6.6033376171367015,1.733306644199106e-06,racetrack_large
Cân bằng – tinh chỉnh,trip_time_min,9.686452661535672,0.019221207876345126,11.941060140778285,1.862645149230957e-09,racetrack_large
Cân bằng – tinh chỉnh,exposed_slots,29.27376666666667,0.05962754352086805,7.034794934265156,1.733306644199106e-06,racetrack_large
Cân bằng – tinh chỉnh,impulse_revenue,1.2656183333333333,0.005570672307613199,47.75537127046453,1.862645149230957e-09,racetrack_large
Cân bằng – tinh chỉnh,impulse_items,2.131022222222222,0.00848064100461395,41.290526951666,1.862645149230957e-09,racetrack_large
Cân bằng – tinh chỉnh,basket_value,4.6065249999999995,0.012086738041253398,9.745275130018785,1.862645149230957e-09,racetrack_large
Cân bằng – tinh chỉnh,congestion_cells,107.76666666666667,4.075956325590995,-14.808959156785244,4.896064897212423e-06,racetrack_large
Giá trị – theo mô hình,distance_m,94.00395555555555,0.17497410985117132,-0.8684309937392639,1.862645149230957e-09,racetrack_large
Giá trị – theo mô hình,trip_time_min,9.520298138514478,0.020055316701267735,10.020902772123062,1.862645149230957e-09,racetrack_large
Giá trị – theo mô hình,exposed_slots,29.625722222222223,0.0665019619004323,8.321663520184421,1.862645149230957e-09,racetrack_large
Giá trị – theo mô hình,impulse_revenue,1.1192144444444447,0.005543956524043946,30.663361469022885,1.862645149230957e-09,racetrack_large
Giá trị – theo mô hình,impulse_items,1.9642444444444442,0.008488322696800492,30.23286651982052,1.862645149230957e-09,racetrack_large
Giá trị – theo mô hình,basket_value,4.4601211111111105,0.014155739478481925,6.257367202412656,1.862645149230957e-09,racetrack_large
Giá trị – theo mô hình,congestion_cells,116.03333333333333,2.7657504545281517,-8.27404479578393,3.205904620638469e-05,racetrack_large
Giá trị – chọn bằng mô phỏng,distance_m,94.00395555555555,0.17497410985117132,-0.8684309937392639,1.862645149230957e-09,racetrack_large
Giá trị – chọn bằng mô phỏng,trip_time_min,9.520298138514478,0.020055316701267735,10.020902772123062,1.862645149230957e-09,racetrack_large
Giá trị – chọn bằng mô phỏng,exposed_slots,29.625722222222223,0.0665019619004323,8.321663520184421,1.862645149230957e-09,racetrack_large
Giá trị – chọn bằng mô phỏng,impulse_revenue,1.1192144444444447,0.005543956524043946,30.663361469022885,1.862645149230957e-09,racetrack_large
Giá trị – chọn bằng mô phỏng,impulse_items,1.9642444444444442,0.008488322696800492,30.23286651982052,1.862645149230957e-09,racetrack_large
Giá trị – chọn bằng mô phỏng,basket_value,4.4601211111111105,0.014155739478481925,6.257367202412656,1.862645149230957e-09,racetrack_large
Giá trị – chọn bằng mô phỏng,congestion_cells,116.03333333333333,2.7657504545281517,-8.27404479578393,3.205904620638469e-05,racetrack_large
Giá trị – tinh chỉnh,distance_m,97.23613333333334,0.16509655439953308,2.5400516868530607,1.862645149230957e-09,racetrack_large
Giá trị – tinh chỉnh,trip_time_min,10.319795532699304,0.023759972918110897,19.260258913326822,1.862645149230957e-09,racetrack_large
Giá trị – tinh chỉnh,exposed_slots,30.854244444444443,0.06371404627701673,12.813556402471855,1.862645149230957e-09,racetrack_large
Giá trị – tinh chỉnh,impulse_revenue,1.4092750000000003,0.006648500251461269,64.52665496616326,1.862645149230957e-09,racetrack_large
Giá trị – tinh chỉnh,impulse_items,2.3344000000000005,0.010888008717033293,54.7748318513662,1.7311263949197286e-06,racetrack_large
Giá trị – tinh chỉnh,basket_value,4.750181666666666,0.01354432934548058,13.167733579195714,1.862645149230957e-09,racetrack_large
Giá trị – tinh chỉnh,congestion_cells,115.83333333333333,3.3125018617814415,-8.43214756258235,0.00011824172282269804,racetrack_large
Hiện trạng,distance_m,115.40993333333333,0.16189108286869008,0.0,,free_large
Hiện trạng,trip_time_min,8.72116672945583,0.021558027400570976,0.0,,free_large
Hiện trạng,exposed_slots,25.428422222222217,0.07314862064532976,0.0,,free_large
Hiện trạng,impulse_revenue,0.8416861111111111,0.0029654330475371972,0.0,,free_large
Hiện trạng,impulse_items,1.526166666666667,0.005758008895445037,0.0,,free_large
Hiện trạng,basket_value,4.182592777777777,0.012025875475061941,0.0,,free_large
Hiện trạng,congestion_cells,88.26666666666667,5.330541067161239,0.0,,free_large
Tiện lợi – theo mô hình,distance_m,98.81026666666666,0.13958908048199184,-14.38322177929225,1.733306644199106e-06,free_large
Tiện lợi – theo mô hình,trip_time_min,7.828256640807851,0.018218263923413674,-10.238424701045625,1.862645149230957e-09,free_large
Tiện lợi – theo mô hình,exposed_slots,23.55987777777778,0.05012144836807289,-7.348251606470079,1.862645149230957e-09,free_large
Tiện lợi – theo mô hình,impulse_revenue,0.6811405555555555,0.004118805134459326,-19.07427881204065,1.862645149230957e-09,free_large
Tiện lợi – theo mô hình,impulse_items,1.2811111111111109,0.0077080786021057526,-16.056932765461788,1.7311263949197286e-06,free_large
Tiện lợi – theo mô hình,basket_value,4.022047222222222,0.011887134148941724,-3.838421861399894,1.862645149230957e-09,free_large
Tiện lợi – theo mô hình,congestion_cells,82.9,2.3926745432870473,-6.0800604229607185,0.08156341649876049,free_large
Tiện lợi – chọn bằng mô phỏng,distance_m,98.81026666666666,0.13958908048199184,-14.38322177929225,1.733306644199106e-06,free_large
Tiện lợi – chọn bằng mô phỏng,trip_time_min,7.828256640807851,0.018218263923413674,-10.238424701045625,1.862645149230957e-09,free_large
Tiện lợi – chọn bằng mô phỏng,exposed_slots,23.55987777777778,0.05012144836807289,-7.348251606470079,1.862645149230957e-09,free_large
Tiện lợi – chọn bằng mô phỏng,impulse_revenue,0.6811405555555555,0.004118805134459326,-19.07427881204065,1.862645149230957e-09,free_large
Tiện lợi – chọn bằng mô phỏng,impulse_items,1.2811111111111109,0.0077080786021057526,-16.056932765461788,1.7311263949197286e-06,free_large
Tiện lợi – chọn bằng mô phỏng,basket_value,4.022047222222222,0.011887134148941724,-3.838421861399894,1.862645149230957e-09,free_large
Tiện lợi – chọn bằng mô phỏng,congestion_cells,82.9,2.3926745432870473,-6.0800604229607185,0.08156341649876049,free_large
Tiện lợi – tinh chỉnh,distance_m,98.25488888888889,0.12821660458313816,-14.864443595939267,1.862645149230957e-09,free_large
Tiện lợi – tinh chỉnh,trip_time_min,7.806180987282831,0.01906775572938942,-10.491551997081132,1.862645149230957e-09,free_large
Tiện lợi – tinh chỉnh,exposed_slots,23.442955555555557,0.05320822701010656,-7.808060796361703,1.862645149230957e-09,free_large
Tiện lợi – tinh chỉnh,impulse_revenue,0.66326,0.005213249530759259,-21.19865217635237,1.862645149230957e-09,free_large
Tiện lợi – tinh chỉnh,impulse_items,1.2671555555555556,0.009317352204162034,-16.97135160714937,1.7311263949197286e-06,free_large
Tiện lợi – tinh chỉnh,basket_value,4.004166666666666,0.013070515409639676,-4.265921178344041,1.862645149230957e-09,free_large
Tiện lợi – tinh chỉnh,congestion_cells,78.96666666666667,2.689960437022598,-10.536253776435043,0.004297846056644167,free_large
Cân bằng – theo mô hình,distance_m,102.41806666666668,0.1658383879851794,-11.257147709411482,1.862645149230957e-09,free_large
Cân bằng – theo mô hình,trip_time_min,8.574852072695633,0.019106796635823556,-1.677695901237818,1.862645149230957e-09,free_large
Cân bằng – theo mô hình,exposed_slots,23.99221111111111,0.0551966850647797,-5.648054364363918,1.862645149230957e-09,free_large
Cân bằng – theo mô hình,impulse_revenue,1.0025977777777777,0.0048174173444388586,19.11777615698646,1.862645149230957e-09,free_large
Cân bằng – theo mô hình,impulse_items,1.658188888888889,0.007086593495822321,8.650576972079634,1.733306644199106e-06,free_large
Cân bằng – theo mô hình,basket_value,4.343504444444444,0.012307037232685348,3.847175070965432,1.862645149230957e-09,free_large
Cân bằng – theo mô hình,congestion_cells,77.43333333333334,2.807504766751493,-12.27341389728096,0.00038590408057968193,free_large
Cân bằng – chọn bằng mô phỏng,distance_m,111.74853333333334,0.1875121234844793,-3.172517212556504,1.733306644199106e-06,free_large
Cân bằng – chọn bằng mô phỏng,trip_time_min,9.296855272369845,0.019946384863826026,6.601049616098057,1.862645149230957e-09,free_large
Cân bằng – chọn bằng mô phỏng,exposed_slots,25.875677777777774,0.055017525390696584,1.7588804828193196,1.862645149230957e-09,free_large
Cân bằng – chọn bằng mô phỏng,impulse_revenue,1.1963066666666664,0.007946190011116017,42.132161963254944,1.862645149230957e-09,free_large
Cân bằng – chọn bằng mô phỏng,impulse_items,1.889,0.011957175248932052,23.774161843398474,1.733306644199106e-06,free_large
Cân bằng – chọn bằng mô phỏng,basket_value,4.537213333333335,0.015899884989735043,8.478486297773618,1.862645149230957e-09,free_large
Cân bằng – chọn bằng mô phỏng,congestion_cells,83.96666666666667,3.4842577661961047,-4.871601208459212,0.14726421015983748,free_large
Cân bằng – tinh chỉnh,distance_m,115.10184444444445,0.20213188896524942,-0.2669517952142263,0.0005086842643921253,free_large
Cân bằng – tinh chỉnh,trip_time_min,9.598269753542573,0.02222151006434718,10.057175275921727,1.862645149230957e-09,free_large
Cân bằng – tinh chỉnh,exposed_slots,26.619366666666668,0.062160956563043136,4.683516869574667,1.862645149230957e-09,free_large
Cân bằng – tinh chỉnh,impulse_revenue,1.2811911111111114,0.006467351222330271,52.21720950341084,1.862645149230957e-09,free_large
Cân bằng – tinh chỉnh,impulse_items,2.0412777777777777,0.008902061263445544,33.751956608787424,1.862645149230957e-09,free_large
Cân bằng – tinh chỉnh,basket_value,4.622097777777778,0.015486181283288169,10.507955790845877,1.862645149230957e-09,free_large
Cân bằng – tinh chỉnh,congestion_cells,83.53333333333333,3.39089715608558,-5.362537764350455,0.24500305075935647,free_large
Giá trị – theo mô hình,distance_m,128.3788222222222,0.23275146246230038,11.237238003969216,1.862645149230957e-09,free_large
Giá trị – theo mô hình,trip_time_min,10.005117858863183,0.02727220327847525,14.72224037491218,1.862645149230957e-09,free_large
Giá trị – theo mô hình,exposed_slots,27.964711111111107,0.08347916631740225,9.974228313199848,1.862645149230957e-09,free_large
Giá trị – theo mô hình,impulse_revenue,1.271587222222222,0.007371667284235237,51.076179758223375,1.862645149230957e-09,free_large
Giá trị – theo mô hình,impulse_items,2.083244444444445,0.011468087337418772,36.50176549816171,1.862645149230957e-09,free_large
Giá trị – theo mô hình,basket_value,4.6124938888888884,0.014189666666277153,10.278340109876035,1.862645149230957e-09,free_large
Giá trị – theo mô hình,congestion_cells,107.63333333333334,4.601030910540351,21.94108761329306,5.2227046830321644e-05,free_large
Giá trị – chọn bằng mô phỏng,distance_m,128.3788222222222,0.23275146246230038,11.237238003969216,1.862645149230957e-09,free_large
Giá trị – chọn bằng mô phỏng,trip_time_min,10.005117858863183,0.02727220327847525,14.72224037491218,1.862645149230957e-09,free_large
Giá trị – chọn bằng mô phỏng,exposed_slots,27.964711111111107,0.08347916631740225,9.974228313199848,1.862645149230957e-09,free_large
Giá trị – chọn bằng mô phỏng,impulse_revenue,1.271587222222222,0.007371667284235237,51.076179758223375,1.862645149230957e-09,free_large
Giá trị – chọn bằng mô phỏng,impulse_items,2.083244444444445,0.011468087337418772,36.50176549816171,1.862645149230957e-09,free_large
Giá trị – chọn bằng mô phỏng,basket_value,4.6124938888888884,0.014189666666277153,10.278340109876035,1.862645149230957e-09,free_large
Giá trị – chọn bằng mô phỏng,congestion_cells,107.63333333333334,4.601030910540351,21.94108761329306,5.2227046830321644e-05,free_large
Giá trị – tinh chỉnh,distance_m,128.21697777777777,0.22288096695316278,11.097003589330939,1.862645149230957e-09,free_large
Giá trị – tinh chỉnh,trip_time_min,10.230881735302386,0.025791715862811433,17.31092929054411,1.862645149230957e-09,free_large
Giá trị – tinh chỉnh,exposed_slots,28.675800000000002,0.08017885886421774,12.770661700511884,1.862645149230957e-09,free_large
Giá trị – tinh chỉnh,impulse_revenue,1.3209294444444448,0.006719081951902115,56.93848656961724,1.862645149230957e-09,free_large
Giá trị – tinh chỉnh,impulse_items,2.1636444444444445,0.010643746815217238,41.76986640457207,1.733306644199106e-06,free_large
Giá trị – tinh chỉnh,basket_value,4.6618361111111115,0.014808425451395138,11.458044299209972,1.862645149230957e-09,free_large
Giá trị – tinh chỉnh,congestion_cells,107.76666666666667,4.600194847162439,22.09214501510574,1.7571086449694986e-05,free_large
Hiện trạng,distance_m,41.547955555555546,0.07388383088425812,0.0,,case_minimart_n30
Hiện trạng,trip_time_min,3.979409480441624,0.01291814248839149,0.0,,case_minimart_n30
Hiện trạng,exposed_slots,12.338722222222223,0.0344418759398473,0.0,,case_minimart_n30
Hiện trạng,impulse_revenue,0.7131922222222222,0.004298158044169042,0.0,,case_minimart_n30
Hiện trạng,impulse_items,1.5037777777777779,0.008750518511344866,0.0,,case_minimart_n30
Hiện trạng,basket_value,3.3847255555555558,0.015068409548796517,0.0,,case_minimart_n30
Hiện trạng,congestion_cells,66.7,1.500529476117192,0.0,,case_minimart_n30
Tiện lợi – theo mô hình,distance_m,40.40160000000001,0.09369705169715407,-2.759114233726125,1.733306644199106e-06,case_minimart_n30
Tiện lợi – theo mô hình,trip_time_min,3.545257738270649,0.014102254493329256,-10.909953959369718,1.862645149230957e-09,case_minimart_n30
Tiện lợi – theo mô hình,exposed_slots,10.566833333333332,0.03955388196950395,-14.360392080937633,1.733306644199106e-06,case_minimart_n30
Tiện lợi – theo mô hình,impulse_revenue,0.48483611111111113,0.003053638226666732,-32.018872892301125,1.862645149230957e-09,case_minimart_n30
Tiện lợi – theo mô hình,impulse_items,1.0357666666666667,0.006305147255913564,-31.122358504507165,1.7322162331441136e-06,case_minimart_n30
Tiện lợi – theo mô hình,basket_value,3.156369444444445,0.014323313844880437,-6.746665493640866,1.862645149230957e-09,case_minimart_n30
Tiện lợi – theo mô hình,congestion_cells,60.3,2.017179856189924,-9.595202398800607,0.00022874802066189009,case_minimart_n30
Tiện lợi – chọn bằng mô phỏng,distance_m,40.340444444444444,0.08713600371874893,-2.906306928860767,1.862645149230957e-09,case_minimart_n30
Tiện lợi – chọn bằng mô phỏng,trip_time_min,3.534262189122303,0.013185760662282178,-11.186265035231294,1.862645149230957e-09,case_minimart_n30
Tiện lợi – chọn bằng mô phỏng,exposed_slots,10.568833333333338,0.03745839778337366,-14.34418294709066,1.733306644199106e-06,case_minimart_n30
Tiện lợi – chọn bằng mô phỏng,impulse_revenue,0.45672055555555563,0.002519792512200822,-35.96108575995562,1.862645149230957e-09,case_minimart_n30
Tiện lợi – chọn bằng mô phỏng,impulse_items,0.9883666666666667,0.005287367162374862,-34.27441997931136,1.862645149230957e-09,case_minimart_n30
Tiện lợi – chọn bằng mô phỏng,basket_value,3.128253888888889,0.014940962436930213,-7.577325323930743,1.862645149230957e-09,case_minimart_n30
Tiện lợi – chọn bằng mô phỏng,congestion_cells,59.36666666666667,2.4700603209796563,-10.99450274862569,2.696116981987608e-05,case_minimart_n30
Tiện lợi – tinh chỉnh,distance_m,38.75046666666667,0.07549853894907972,-6.733156545207709,1.862645149230957e-09,case_minimart_n30
Tiện lợi – tinh chỉnh,trip_time_min,3.5580709219842515,0.01316889420497444,-10.587966896299733,1.862645149230957e-09,case_minimart_n30
Tiện lợi – tinh chỉnh,exposed_slots,10.93077777777778,0.036874427213974034,-11.410779974515624,1.7322162331441136e-06,case_minimart_n30
Tiện lợi – tinh chỉnh,impulse_revenue,0.4675672222222222,0.003498532371832772,-34.44022415649202,1.862645149230957e-09,case_minimart_n30
Tiện lợi – tinh chỉnh,impulse_items,1.035511111111111,0.007161137874950995,-31.13935274124428,1.862645149230957e-09,case_minimart_n30
Tiện lợi – tinh chỉnh,basket_value,3.1391005555555553,0.015194821542099831,-7.256866058072011,1.862645149230957e-09,case_minimart_n30
Tiện lợi – tinh chỉnh,congestion_cells,51.03333333333333,1.4724978630128354,-23.488255872063974,1.6816090007658744e-06,case_minimart_n30
Cân bằng – theo mô hình,distance_m,40.768666666666675,0.09639571619246436,-1.875637148612164,1.733306644199106e-06,case_minimart_n30
Cân bằng – theo mô hình,trip_time_min,3.6837760119182263,0.014543727239239454,-7.429078861484465,1.862645149230957e-09,case_minimart_n30
Cân bằng – theo mô hình,exposed_slots,10.680433333333331,0.04067340255275244,-13.43971327843242,1.862645149230957e-09,case_minimart_n30
Cân bằng – theo mô hình,impulse_revenue,0.5542594444444443,0.0035156907810162796,-22.28470429508643,1.862645149230957e-09,case_minimart_n30
Cân bằng – theo mô hình,impulse_items,1.2019444444444445,0.007475064243332675,-20.071671346239103,1.733306644199106e-06,case_minimart_n30
Cân bằng – theo mô hình,basket_value,3.225792777777778,0.01604861693107369,-4.695588317844908,1.862645149230957e-09,case_minimart_n30
Cân bằng – theo mô hình,congestion_cells,59.03333333333333,2.5220686460712236,-11.494252873563227,0.0002394433206468421,case_minimart_n30
Cân bằng – chọn bằng mô phỏng,distance_m,43.58397777777777,0.07466513004776515,4.900414942197985,1.862645149230957e-09,case_minimart_n30
Cân bằng – chọn bằng mô phỏng,trip_time_min,3.9183761194957567,0.01386942288671936,-1.5337290933702499,1.862645149230957e-09,case_minimart_n30
Cân bằng – chọn bằng mô phỏng,exposed_slots,12.089588888888889,0.042844997456220175,-2.019117772865021,1.862645149230957e-09,case_minimart_n30
Cân bằng – chọn bằng mô phỏng,impulse_revenue,0.682528888888889,0.0034757389558330936,-4.299448644825368,1.862645149230957e-09,case_minimart_n30
Cân bằng – chọn bằng mô phỏng,impulse_items,1.4576555555555557,0.0075157897272010495,-3.0670902911186606,1.919722783767457e-06,case_minimart_n30
Cân bằng – chọn bằng mô phỏng,basket_value,3.3540622222222223,0.015243231421053828,-0.9059326326473913,1.733306644199106e-06,case_minimart_n30
Cân bằng – chọn bằng mô phỏng,congestion_cells,73.26666666666667,2.3998643375738005,9.845077461269359,6.807266940891146e-05,case_minimart_n30
Cân bằng – tinh chỉnh,distance_m,42.867844444444444,0.08508602570014426,3.17678420331421,1.862645149230957e-09,case_minimart_n30
Cân bằng – tinh chỉnh,trip_time_min,4.2119873688561515,0.014371648104578954,5.8445327015886015,1.862645149230957e-09,case_minimart_n30
Cân bằng – tinh chỉnh,exposed_slots,12.907322222222223,0.04263805038376882,4.608256752680135,1.7322162331441136e-06,case_minimart_n30
Cân bằng – tinh chỉnh,impulse_revenue,0.8927655555555556,0.005240709254926826,25.17881263115913,1.862645149230957e-09,case_minimart_n30
Cân bằng – tinh chỉnh,impulse_items,1.8896666666666668,0.010372627315747271,25.66129747303089,1.862645149230957e-09,case_minimart_n30
Cân bằng – tinh chỉnh,basket_value,3.564298888888888,0.016501142514861136,5.305403064026488,1.862645149230957e-09,case_minimart_n30
Cân bằng – tinh chỉnh,congestion_cells,74.13333333333334,1.8495229765617591,11.144427786106952,1.3276076162594919e-05,case_minimart_n30
Giá trị – theo mô hình,distance_m,43.3314888888889,0.07688357332487428,4.292710217590644,1.862645149230957e-09,case_minimart_n30
Giá trị – theo mô hình,trip_time_min,3.9193964644685093,0.01425298415550081,-1.5080884806670964,1.862645149230957e-09,case_minimart_n30
Giá trị – theo mô hình,exposed_slots,12.038488888888889,0.04329537063015869,-2.433261142653896,1.862645149230957e-09,case_minimart_n30
Giá trị – theo mô hình,impulse_revenue,0.6686255555555557,0.00494037685412209,-6.24889970445865,1.862645149230957e-09,case_minimart_n30
Giá trị – theo mô hình,impulse_items,1.4205777777777775,0.010009665792762402,-5.532732377715409,1.862645149230957e-09,case_minimart_n30
Giá trị – theo mô hình,basket_value,3.340158888888889,0.016318243385922613,-1.3166995650065894,1.862645149230957e-09,case_minimart_n30
Giá trị – theo mô hình,congestion_cells,69.56666666666666,2.0538703120472115,4.297851074462758,0.02223821885534555,case_minimart_n30
Giá trị – chọn bằng mô phỏng,distance_m,43.58397777777777,0.07466513004776515,4.900414942197985,1.862645149230957e-09,case_minimart_n30
Giá trị – chọn bằng mô phỏng,trip_time_min,3.9183761194957567,0.01386942288671936,-1.5337290933702499,1.862645149230957e-09,case_minimart_n30
Giá trị – chọn bằng mô phỏng,exposed_slots,12.089588888888889,0.042844997456220175,-2.019117772865021,1.862645149230957e-09,case_minimart_n30
Giá trị – chọn bằng mô phỏng,impulse_revenue,0.682528888888889,0.0034757389558330936,-4.299448644825368,1.862645149230957e-09,case_minimart_n30
Giá trị – chọn bằng mô phỏng,impulse_items,1.4576555555555557,0.0075157897272010495,-3.0670902911186606,1.919722783767457e-06,case_minimart_n30
Giá trị – chọn bằng mô phỏng,basket_value,3.3540622222222223,0.015243231421053828,-0.9059326326473913,1.733306644199106e-06,case_minimart_n30
Giá trị – chọn bằng mô phỏng,congestion_cells,73.26666666666667,2.3998643375738005,9.845077461269359,6.807266940891146e-05,case_minimart_n30
Giá trị – tinh chỉnh,distance_m,42.859622222222235,0.08567146437378811,3.156994487761987,1.862645149230957e-09,case_minimart_n30
Giá trị – tinh chỉnh,trip_time_min,4.222570923508116,0.01424660691674226,6.110490620822143,1.862645149230957e-09,case_minimart_n30
Giá trị – tinh chỉnh,exposed_slots,12.893555555555555,0.039649209806790695,4.496683881367131,1.862645149230957e-09,case_minimart_n30
Giá trị – tinh chỉnh,impulse_revenue,0.8913683333333334,0.004007117479245116,24.98290160203032,1.862645149230957e-09,case_minimart_n30
Giá trị – tinh chỉnh,impulse_items,1.886066666666667,0.008149212226728023,25.421900398995135,1.7322162331441136e-06,case_minimart_n30
Giá trị – tinh chỉnh,basket_value,3.562901666666667,0.015523562767797622,5.264122842062034,1.862645149230957e-09,case_minimart_n30
Giá trị – tinh chỉnh,congestion_cells,73.86666666666666,1.3471679903508293,10.744627686156907,8.276720275546695e-06,case_minimart_n30
