instance,profile,plan,source
grid_small,Tiện lợi,Tiện lợi – tinh chỉnh,Pareto #0 + 150 bước 2-swap mô phỏng
grid_small,Cân bằng,Cân bằng – tinh chỉnh,Pareto #88 + 150 bước 2-swap mô phỏng
grid_small,Giá trị,Giá trị – tinh chỉnh,Pareto #88 + 150 bước 2-swap mô phỏng
racetrack_small,Tiện lợi,Tiện lợi – tinh chỉnh,Pareto #14 + 150 bước 2-swap mô phỏng
racetrack_small,Cân bằng,Cân bằng – tinh chỉnh,Pareto #42 + 150 bước 2-swap mô phỏng
racetrack_small,Giá trị,Giá trị – tinh chỉnh,Pareto #88 + 150 bước 2-swap mô phỏng
free_small,Tiện lợi,Tiện lợi – tinh chỉnh,Pareto #6 + 150 bước 2-swap mô phỏng
free_small,Cân bằng,Cân bằng – tinh chỉnh,Pareto #83 + 150 bước 2-swap mô phỏng
free_small,Giá trị,Giá trị – tinh chỉnh,Pareto #84 + 150 bước 2-swap mô phỏng
grid_medium,Tiện lợi,Tiện lợi – tinh chỉnh,Pareto #14 + 150 bước 2-swap mô phỏng
grid_medium,Cân bằng,Cân bằng – tinh chỉnh,Pareto #46 + 150 bước 2-swap mô phỏng
grid_medium,Giá trị,Giá trị – tinh chỉnh,Pareto #80 + 150 bước 2-swap mô phỏng
racetrack_medium,Tiện lợi,Tiện lợi – tinh chỉnh,Pareto #11 + 150 bước 2-swap mô phỏng
racetrack_medium,Cân bằng,Cân bằng – tinh chỉnh,Pareto #71 + 150 bước 2-swap mô phỏng
racetrack_medium,Giá trị,Giá trị – tinh chỉnh,Pareto #94 + 150 bước 2-swap mô phỏng
free_medium,Tiện lợi,Tiện lợi – tinh chỉnh,Pareto #26 + 150 bước 2-swap mô phỏng
free_medium,Cân bằng,Cân bằng – tinh chỉnh,Pareto #74 + 150 bước 2-swap mô phỏng
free_medium,Giá trị,Giá trị – tinh chỉnh,Pareto #74 + 150 bước 2-swap mô phỏng
grid_large,Tiện lợi,Tiện lợi – tinh chỉnh,Pareto #0 + 150 bước 2-swap mô phỏng
grid_large,Cân bằng,Cân bằng – tinh chỉnh,Pareto #43 + 150 bước 2-swap mô phỏng
grid_large,Giá trị,Giá trị – tinh chỉnh,Pareto #101 + 150 bước 2-swap mô phỏng
racetrack_large,Tiện lợi,Tiện lợi – tinh chỉnh,Pareto #0 + 150 bước 2-swap mô phỏng
racetrack_large,Cân bằng,Cân bằng – tinh chỉnh,Pareto #89 + 150 bước 2-swap mô phỏng
racetrack_large,Giá trị,Giá trị – tinh chỉnh,Pareto #101 + 150 bước 2-swap mô phỏng
free_large,Tiện lợi,Tiện lợi – tinh chỉnh,Pareto #0 + 150 bước 2-swap mô phỏng
free_large,Cân bằng,Cân bằng – tinh chỉnh,Pareto #83 + 150 bước 2-swap mô phỏng
free_large,Giá trị,Giá trị – tinh chỉnh,Pareto #101 + 150 bước 2-swap mô phỏng
case_minimart_n30,Tiện lợi,Tiện lợi – tinh chỉnh,Pareto #3 + 150 bước 2-swap mô phỏng
case_minimart_n30,Cân bằng,Cân bằng – tinh chỉnh,Pareto #93 + 150 bước 2-swap mô phỏng
case_minimart_n30,Giá trị,Giá trị – tinh chỉnh,Pareto #93 + 150 bước 2-swap mô phỏng
