instance,plan,kpi,mean,ci95,current,change_pct
grid_small,Hiện trạng,distance_m,29.063840000000003,0.03000947700154329,29.063840000000003,0.0
grid_small,Hiện trạng,trip_time_min,2.957864116489539,0.0069960506879760825,2.957864116489539,0.0
grid_small,Hiện trạng,exposed_slots,9.56,0.021846560064628224,9.56,0.0
grid_small,Hiện trạng,impulse_revenue,0.6865503333333333,0.003024299820577614,0.6865503333333333,0.0
grid_small,Hiện trạng,impulse_items,1.5384600000000004,0.006252253700718391,1.5384600000000004,0.0
grid_small,Hiện trạng,basket_value,2.9313766666666665,0.0073392575063846105,2.9313766666666665,0.0
grid_small,Hiện trạng,congestion_cells,46.5,1.0550133370170702,46.5,0.0
grid_small,Tiện lợi (min Z1),distance_m,29.16873333333334,0.03434754373007769,29.063840000000003,0.3609066569776623
grid_small,Tiện lợi (min Z1),trip_time_min,2.72586348084877,0.005890782925824008,2.957864116489539,-7.843519056450531
grid_small,Tiện lợi (min Z1),exposed_slots,8.092546666666667,0.018010251029720887,9.56,-15.349930264993024
grid_small,Tiện lợi (min Z1),impulse_revenue,0.4759433333333334,0.0024413704734832908,0.6865503333333333,-30.676119400811093
grid_small,Tiện lợi (min Z1),impulse_items,1.02434,0.005213471638521651,1.5384600000000004,-33.417833417833435
grid_small,Tiện lợi (min Z1),basket_value,2.7207696666666665,0.006999807331235036,2.9313766666666665,-7.184576530026278
grid_small,Tiện lợi (min Z1),congestion_cells,47.56666666666667,1.1464502959212344,46.5,2.2939068100358493
grid_small,Cân bằng (điểm gối),distance_m,29.409066666666668,0.03641435421383232,29.063840000000003,1.187821934977158
grid_small,Cân bằng (điểm gối),trip_time_min,2.8474167609676457,0.005630765913405019,2.957864116489539,-3.734023983933883
grid_small,Cân bằng (điểm gối),exposed_slots,8.374933333333335,0.01787326472050743,9.56,-12.396094839609473
grid_small,Cân bằng (điểm gối),impulse_revenue,0.5636019999999998,0.0021563679928297266,0.6865503333333333,-17.90813103773408
grid_small,Cân bằng (điểm gối),impulse_items,1.2412800000000002,0.004875118061501803,1.5384600000000004,-19.316719316719325
grid_small,Cân bằng (điểm gối),basket_value,2.808428333333333,0.007200147618288707,2.9313766666666665,-4.194218188723618
grid_small,Cân bằng (điểm gối),congestion_cells,49.266666666666666,1.4174290082384915,46.5,5.949820788530464
grid_small,Giá trị (max Z2),distance_m,32.55210666666667,0.04846950227996886,29.063840000000003,12.002084606392906
grid_small,Giá trị (max Z2),trip_time_min,3.026753493121724,0.006441018127279056,2.957864116489539,2.32902438783917
grid_small,Giá trị (max Z2),exposed_slots,8.759833333333335,0.01930133577874332,9.56,-8.369944211994412
grid_small,Giá trị (max Z2),impulse_revenue,0.6814530000000001,0.002683563419412158,0.6865503333333333,-0.7424558820887388
grid_small,Giá trị (max Z2),impulse_items,1.5376466666666668,0.0055312696958535685,1.5384600000000004,-0.05286671953340057
grid_small,Giá trị (max Z2),basket_value,2.926279333333333,0.007009177507705724,2.9313766666666665,-0.17388871895230715
grid_small,Giá trị (max Z2),congestion_cells,57.166666666666664,1.438138885516404,46.5,22.93906810035842
racetrack_small,Hiện trạng,distance_m,35.92358666666666,0.04129566110745627,35.92358666666666,0.0
racetrack_small,Hiện trạng,trip_time_min,3.1737249480514724,0.007449693723671242,3.1737249480514724,0.0
racetrack_small,Hiện trạng,exposed_slots,9.969879999999998,0.023054738010788473,9.969879999999998,0.0
racetrack_small,Hiện trạng,impulse_revenue,0.6456946666666666,0.0027582884207233665,0.6456946666666666,0.0
racetrack_small,Hiện trạng,impulse_items,1.5408333333333333,0.006263069863436081,1.5408333333333333,0.0
racetrack_small,Hiện trạng,basket_value,2.890521,0.007688083765304193,2.890521,0.0
racetrack_small,Hiện trạng,congestion_cells,59.63333333333333,1.2953121066840454,59.63333333333333,0.0
racetrack_small,Tiện lợi (min Z1),distance_m,34.64761333333333,0.03780966303825847,35.92358666666666,-3.5519096274351023
racetrack_small,Tiện lợi (min Z1),trip_time_min,2.9031451211204624,0.006117991470077366,3.1737249480514724,-8.525623088325098
racetrack_small,Tiện lợi (min Z1),exposed_slots,8.404599999999999,0.01833465434104723,9.969879999999998,-15.7000886670652
racetrack_small,Tiện lợi (min Z1),impulse_revenue,0.4786369999999999,0.0027781167618956154,0.6456946666666666,-25.872548634958537
racetrack_small,Tiện lợi (min Z1),impulse_items,1.09018,0.0058998446687195715,1.5408333333333333,-29.2473769605192
racetrack_small,Tiện lợi (min Z1),basket_value,2.723463333333334,0.007244089230065448,2.890521,-5.779500189296882
racetrack_small,Tiện lợi (min Z1),congestion_cells,55.96666666666667,0.937925708865165,59.63333333333333,-6.148686416992729
racetrack_small,Cân bằng (điểm gối),distance_m,35.27844,0.044916103251303754,35.92358666666666,-1.795886008412639
racetrack_small,Cân bằng (điểm gối),trip_time_min,2.9419672344099697,0.006772262082456487,3.1737249480514724,-7.302388122316391
racetrack_small,Cân bằng (điểm gối),exposed_slots,8.386346666666666,0.019146900829623736,9.969879999999998,-15.883173451770054
racetrack_small,Cân bằng (điểm gối),impulse_revenue,0.5056816666666666,0.002197496309076013,0.6456946666666666,-21.684088041613073
racetrack_small,Cân bằng (điểm gối),impulse_items,1.1360066666666668,0.004577034012318087,1.5408333333333333,-26.273228772309345
racetrack_small,Cân bằng (điểm gối),basket_value,2.7505080000000004,0.007235972373851536,2.890521,-4.843867247461607
racetrack_small,Cân bằng (điểm gối),congestion_cells,62.833333333333336,1.4008809176997945,59.63333333333333,5.366126327557299
racetrack_small,Giá trị (max Z2),distance_m,38.41538666666667,0.045169270741603214,35.92358666666666,6.936389796267594
racetrack_small,Giá trị (max Z2),trip_time_min,3.213450266766438,0.006497668302469647,3.1737249480514724,1.2516938098040085
racetrack_small,Giá trị (max Z2),exposed_slots,9.26324,0.017366207066897413,9.969879999999998,-7.08774829787318
racetrack_small,Giá trị (max Z2),impulse_revenue,0.7191873333333333,0.002539361288631644,0.6456946666666666,11.381953492982234
racetrack_small,Giá trị (max Z2),impulse_items,1.5766,0.005643729832260908,1.5408333333333333,2.321254732287727
racetrack_small,Giá trị (max Z2),basket_value,2.9640136666666668,0.006646894163875237,2.890521,2.542540485492638
racetrack_small,Giá trị (max Z2),congestion_cells,66.16666666666667,1.3412662591585054,59.63333333333333,10.955841252096151
free_small,Hiện trạng,distance_m,41.60841333333334,0.038730863907795905,41.60841333333334,0.0
free_small,Hiện trạng,trip_time_min,3.39248862483493,0.008560644497276086,3.39248862483493,0.0
free_small,Hiện trạng,exposed_slots,10.313266666666665,0.027416505458990173,10.313266666666665,0.0
free_small,Hiện trạng,impulse_revenue,0.6408406666666665,0.0035710101804732144,0.6408406666666665,0.0
free_small,Hiện trạng,impulse_items,1.523766666666667,0.008428091575658665,1.523766666666667,0.0
free_small,Hiện trạng,basket_value,2.8856669999999998,0.008486838493803151,2.8856669999999998,0.0
free_small,Hiện trạng,congestion_cells,64.66666666666667,1.6651174662084163,64.66666666666667,0.0
free_small,Tiện lợi (min Z1),distance_m,42.79665333333334,0.04765590556651923,41.60841333333334,2.8557685929544383
free_small,Tiện lợi (min Z1),trip_time_min,3.045210632691804,0.005921005925111325,3.39248862483493,-10.236673738589884
free_small,Tiện lợi (min Z1),exposed_slots,8.190113333333333,0.01764465833241811,10.313266666666665,-20.586623055094083
free_small,Tiện lợi (min Z1),impulse_revenue,0.42016699999999996,0.0019303467519045509,0.6408406666666665,-34.43502857184468
free_small,Tiện lợi (min Z1),impulse_items,0.9291466666666666,0.004274073070077762,1.523766666666667,-39.023035022860036
free_small,Tiện lợi (min Z1),basket_value,2.6649933333333338,0.006604513533885063,2.8856669999999998,-7.647232569338944
free_small,Tiện lợi (min Z1),congestion_cells,63.03333333333333,2.111127732571985,64.66666666666667,-2.525773195876299
free_small,Cân bằng (điểm gối),distance_m,42.72890666666667,0.053400107339650615,41.60841333333334,2.6929489580793
free_small,Cân bằng (điểm gối),trip_time_min,3.0493756408429395,0.0059387798107479435,3.39248862483493,-10.113902268682939
free_small,Cân bằng (điểm gối),exposed_slots,8.243366666666667,0.017296171846929914,10.313266666666665,-20.07026548329335
free_small,Cân bằng (điểm gối),impulse_revenue,0.4077989999999999,0.0019319608779943874,0.6408406666666665,-36.36499348251932
free_small,Cân bằng (điểm gối),impulse_items,0.9545333333333333,0.004504987163465564,1.523766666666667,-37.35698816529216
free_small,Cân bằng (điểm gối),basket_value,2.652625333333333,0.006941678625855318,2.8856669999999998,-8.075833651861661
free_small,Cân bằng (điểm gối),congestion_cells,63.733333333333334,2.068449496684246,64.66666666666667,-1.4432989690721707
free_small,Giá trị (max Z2),distance_m,44.32162666666668,0.04993373012751121,41.60841333333334,6.52082864010518
free_small,Giá trị (max Z2),trip_time_min,3.18895374116048,0.006263285202111296,3.39248862483493,-5.999574536063592
free_small,Giá trị (max Z2),exposed_slots,9.156026666666666,0.01794031927273613,10.313266666666665,-11.220887012844297
free_small,Giá trị (max Z2),impulse_revenue,0.4937053333333333,0.0023063568995648257,0.6408406666666665,-22.95973726178425
free_small,Giá trị (max Z2),impulse_items,1.1343333333333334,0.005222471569985598,1.523766666666667,-25.557281298536527
free_small,Giá trị (max Z2),basket_value,2.7385316666666664,0.007025751875186574,2.8856669999999998,-5.098832725097297
free_small,Giá trị (max Z2),congestion_cells,70.1,1.8459233716102637,64.66666666666667,8.402061855670087
grid_medium,Hiện trạng,distance_m,46.37232000000001,0.052030077300103866,46.37232000000001,0.0
grid_medium,Hiện trạng,trip_time_min,4.647220310058802,0.009505416407125928,4.647220310058802,0.0
grid_medium,Hiện trạng,exposed_slots,14.641393333333333,0.029684568966257246,14.641393333333333,0.0
grid_medium,Hiện trạng,impulse_revenue,0.780206,0.0037851320264913895,0.780206,0.0
grid_medium,Hiện trạng,impulse_items,1.5380333333333334,0.006921432214117202,1.5380333333333334,0.0
grid_medium,Hiện trạng,basket_value,3.664318666666667,0.009871651305061338,3.664318666666667,0.0
grid_medium,Hiện trạng,congestion_cells,72.1,1.8511253640898584,72.1,0.0
grid_medium,Tiện lợi (min Z1),distance_m,44.281333333333336,0.05679988740366027,46.37232000000001,-4.509126708921772
grid_medium,Tiện lợi (min Z1),trip_time_min,4.178647269051856,0.008513553470765059,4.647220310058802,-10.08286695581722
grid_medium,Tiện lợi (min Z1),exposed_slots,12.300306666666668,0.021918625306361773,14.641393333333333,-15.98950737384283
grid_medium,Tiện lợi (min Z1),impulse_revenue,0.6137663333333333,0.0030074028996866366,0.780206,-21.33278476026417
grid_medium,Tiện lợi (min Z1),impulse_items,1.1330799999999999,0.005060629692392789,1.5380333333333334,-26.329294987104753
grid_medium,Tiện lợi (min Z1),basket_value,3.4978789999999997,0.009546537188261294,3.664318666666667,-4.542172278320787
grid_medium,Tiện lợi (min Z1),congestion_cells,79.1,1.4256029194311866,72.1,9.708737864077671
grid_medium,Cân bằng (điểm gối),distance_m,44.508080000000014,0.05752022029648624,46.37232000000001,-4.020156852191124
grid_medium,Cân bằng (điểm gối),trip_time_min,4.418841652946438,0.009125610013600117,4.647220310058802,-4.914306658069201
grid_medium,Cân bằng (điểm gối),exposed_slots,12.663466666666666,0.02487826489045178,14.641393333333333,-13.509142344831481
grid_medium,Cân bằng (điểm gối),impulse_revenue,0.7636726666666666,0.003597171289628457,0.780206,-2.1190984603211716
grid_medium,Cân bằng (điểm gối),impulse_items,1.418846666666667,0.006112251227208622,1.5380333333333334,-7.749290219110964
grid_medium,Cân bằng (điểm gối),basket_value,3.6477853333333337,0.01028900362629076,3.664318666666667,-0.4511980217149952
grid_medium,Cân bằng (điểm gối),congestion_cells,80.53333333333333,1.7994529872968874,72.1,11.696717521960247
grid_medium,Giá trị (max Z2),distance_m,47.82740000000001,0.06863944672613442,46.37232000000001,3.137820147881327
grid_medium,Giá trị (max Z2),trip_time_min,4.354237591778215,0.0100217749652713,4.647220310058802,-6.304472323948835
grid_medium,Giá trị (max Z2),exposed_slots,12.681886666666665,0.027887770701346286,14.641393333333333,-13.383334646201714
grid_medium,Giá trị (max Z2),impulse_revenue,0.725729,0.004465440664847036,0.780206,-6.9823867029989515
grid_medium,Giá trị (max Z2),impulse_items,1.2919866666666666,0.007157771318677444,1.5380333333333334,-15.997485966927465
grid_medium,Giá trị (max Z2),basket_value,3.6098416666666675,0.010491480166185443,3.664318666666667,-1.486688384816589
grid_medium,Giá trị (max Z2),congestion_cells,86.33333333333333,1.7523448524560916,72.1,19.7411003236246
racetrack_medium,Hiện trạng,distance_m,51.40362666666667,0.06230893278802957,51.40362666666667,0.0
racetrack_medium,Hiện trạng,trip_time_min,4.935970543116203,0.009490333621578292,4.935970543116203,0.0
racetrack_medium,Hiện trạng,exposed_slots,15.209706666666664,0.027403296290343385,15.209706666666664,0.0
racetrack_medium,Hiện trạng,impulse_revenue,0.8029999999999998,0.003511471969641301,0.8029999999999998,0.0
racetrack_medium,Hiện trạng,impulse_items,1.5252466666666669,0.006283169133235819,1.5252466666666669,0.0
racetrack_medium,Hiện trạng,basket_value,3.6871126666666667,0.010447902414895878,3.6871126666666667,0.0
racetrack_medium,Hiện trạng,congestion_cells,89.4,2.387142107830856,89.4,0.0
racetrack_medium,Tiện lợi (min Z1),distance_m,46.90542666666667,0.0600230333966225,51.40362666666667,-8.750744435152688
racetrack_medium,Tiện lợi (min Z1),trip_time_min,4.401316996356051,0.00902908767981897,4.935970543116203,-10.831781553189984
racetrack_medium,Tiện lợi (min Z1),exposed_slots,13.032053333333332,0.02498646924949409,15.209706666666664,-14.317523546366875
racetrack_medium,Tiện lợi (min Z1),impulse_revenue,0.6026666666666666,0.003227117755608487,0.8029999999999998,-24.948111249481105
racetrack_medium,Tiện lợi (min Z1),impulse_items,1.2051000000000003,0.005852794895093699,1.5252466666666669,-20.989828967554963
racetrack_medium,Tiện lợi (min Z1),basket_value,3.486779333333333,0.00872234302553999,3.6871126666666667,-5.433339077062845
racetrack_medium,Tiện lợi (min Z1),congestion_cells,78.5,1.443700154857027,89.4,-12.192393736017902
racetrack_medium,Cân bằng (điểm gối),distance_m,48.08154666666666,0.057846137499777496,51.40362666666667,-6.462734665673407
racetrack_medium,Cân bằng (điểm gối),trip_time_min,4.405676468939896,0.00938767758051964,4.935970543116203,-10.743461079115729
racetrack_medium,Cân bằng (điểm gối),exposed_slots,12.855933333333333,0.02702004781072129,15.209706666666664,-15.475468297438114
racetrack_medium,Cân bằng (điểm gối),impulse_revenue,0.6261653333333332,0.003631215014252102,0.8029999999999998,-22.02175176421751
racetrack_medium,Cân bằng (điểm gối),impulse_items,1.2194999999999998,0.006995686129386962,1.5252466666666669,-20.045719380908903
racetrack_medium,Cân bằng (điểm gối),basket_value,3.510278,0.010064789467819692,3.6871126666666667,-4.7960201559702815
racetrack_medium,Cân bằng (điểm gối),congestion_cells,79.33333333333333,1.6123051816557752,89.4,-11.260253542132746
racetrack_medium,Giá trị (max Z2),distance_m,53.42938666666668,0.05531276163000833,51.40362666666667,3.9408892550253505
racetrack_medium,Giá trị (max Z2),trip_time_min,4.951935185535505,0.008930749425963431,4.935970543116203,0.32343471825549397
racetrack_medium,Giá trị (max Z2),exposed_slots,14.162746666666665,0.020528790088007197,15.209706666666664,-6.883498958559788
racetrack_medium,Giá trị (max Z2),impulse_revenue,0.9402253333333334,0.0028470370650869733,0.8029999999999998,17.089082606890855
racetrack_medium,Giá trị (max Z2),impulse_items,1.6280133333333329,0.004978458340793115,1.5252466666666669,6.737707999143264
racetrack_medium,Giá trị (max Z2),basket_value,3.824338,0.009435531646027014,3.6871126666666667,3.721755903309346
racetrack_medium,Giá trị (max Z2),congestion_cells,98.53333333333333,2.154522799377552,89.4,10.216256524981349
free_medium,Hiện trạng,distance_m,66.22108,0.0821252907804418,66.22108,0.0
free_medium,Hiện trạng,trip_time_min,5.107985907583053,0.010114626809235517,5.107985907583053,0.0
free_medium,Hiện trạng,exposed_slots,15.2656,0.035839911954669935,15.2656,0.0
free_medium,Hiện trạng,impulse_revenue,0.7579486666666668,0.0032030464018017266,0.7579486666666668,0.0
free_medium,Hiện trạng,impulse_items,1.5099200000000002,0.006113727268179663,1.5099200000000002,0.0
free_medium,Hiện trạng,basket_value,3.6420613333333334,0.009945569680713561,3.6420613333333334,0.0
free_medium,Hiện trạng,congestion_cells,81.46666666666667,1.780651280984675,81.46666666666667,0.0
free_medium,Tiện lợi (min Z1),distance_m,64.29702666666667,0.07452385687347174,66.22108,-2.9054997794257256
free_medium,Tiện lợi (min Z1),trip_time_min,4.2204859376704045,0.009462631787250297,5.107985907583053,-17.37475368902471
free_medium,Tiện lợi (min Z1),exposed_slots,10.914886666666666,0.024755157064301727,15.2656,-28.50011354505118
free_medium,Tiện lợi (min Z1),impulse_revenue,0.4213263333333333,0.0022034771056744893,0.7579486666666668,-44.41228649609518
free_medium,Tiện lợi (min Z1),impulse_items,0.79996,0.004218749760920005,1.5099200000000002,-47.019709653491574
free_medium,Tiện lợi (min Z1),basket_value,3.3054390000000002,0.009301119162852487,3.6420613333333334,-9.242632194369044
free_medium,Tiện lợi (min Z1),congestion_cells,89.36666666666666,2.506771265316463,81.46666666666667,9.697217675941069
free_medium,Cân bằng (điểm gối),distance_m,64.63145333333333,0.07213024941236469,66.22108,-2.4004843573476524
free_medium,Cân bằng (điểm gối),trip_time_min,4.466133050831287,0.010059461184539636,5.107985907583053,-12.565673992931437
free_medium,Cân bằng (điểm gối),exposed_slots,11.53468,0.026414772648297447,15.2656,-24.440048212975576
free_medium,Cân bằng (điểm gối),impulse_revenue,0.5900896666666668,0.002833481888176742,0.7579486666666668,-22.1464866134294
free_medium,Cân bằng (điểm gối),impulse_items,1.04118,0.0051104630673983985,1.5099200000000002,-31.044028822719092
free_medium,Cân bằng (điểm gối),basket_value,3.4742023333333334,0.009821798559875113,3.6420613333333334,-4.608900966705301
free_medium,Cân bằng (điểm gối),congestion_cells,91.2,2.420742945590368,81.46666666666667,11.947626841243864
free_medium,Giá trị (max Z2),distance_m,73.99904,0.07421185229315559,66.22108,11.745444199943574
free_medium,Giá trị (max Z2),trip_time_min,5.8013281150083,0.010804823957729226,5.107985907583053,13.573690686889837
free_medium,Giá trị (max Z2),exposed_slots,15.459760000000001,0.026609896262519098,15.2656,1.2718792579394318
free_medium,Giá trị (max Z2),impulse_revenue,1.27188,0.004667092440975422,0.7579486666666668,67.80555939144512
free_medium,Giá trị (max Z2),impulse_items,2.084033333333333,0.007306533125415415,1.5099200000000002,38.02276500300234
free_medium,Giá trị (max Z2),basket_value,4.155992666666666,0.010163426321149855,3.6420613333333334,14.111001608612836
free_medium,Giá trị (max Z2),congestion_cells,113.9,2.8494346676507587,81.46666666666667,39.811783960720135
grid_large,Hiện trạng,distance_m,82.15763999999999,0.13798353318354986,82.15763999999999,0.0
grid_large,Hiện trạng,trip_time_min,7.844608565942308,0.018398940514503123,7.844608565942308,0.0
grid_large,Hiện trạng,exposed_slots,25.276439999999997,0.054583443794384165,25.276439999999997,0.0
grid_large,Hiện trạng,impulse_revenue,0.8363963333333333,0.004299530446409375,0.8363963333333333,0.0
grid_large,Hiện trạng,impulse_items,1.5197666666666665,0.007622106130418082,1.5197666666666665,0.0
grid_large,Hiện trạng,basket_value,4.185999333333333,0.012962316458964116,4.185999333333333,0.0
grid_large,Hiện trạng,congestion_cells,120.5,3.2162746472886585,120.5,0.0
grid_large,Tiện lợi (min Z1),distance_m,70.2632,0.10775529780583071,82.15763999999999,-14.477582364829358
grid_large,Tiện lợi (min Z1),trip_time_min,6.8194548756948326,0.012546398400905857,7.844608565942308,-13.06825804793145
grid_large,Tiện lợi (min Z1),exposed_slots,21.05094,0.03566396141701375,25.276439999999997,-16.717148459197567
grid_large,Tiện lợi (min Z1),impulse_revenue,0.6024886666666666,0.002871969220897519,0.8363963333333333,-27.966127701022135
grid_large,Tiện lợi (min Z1),impulse_items,1.1692199999999997,0.005783132102665846,1.5197666666666665,-23.06582150768759
grid_large,Tiện lợi (min Z1),basket_value,3.952091666666666,0.011657378628445984,4.185999333333333,-5.587857236479901
grid_large,Tiện lợi (min Z1),congestion_cells,94.73333333333333,2.4277506002052998,120.5,-21.383125864453664
grid_large,Cân bằng (điểm gối),distance_m,72.40757333333333,0.10815034600420376,82.15763999999999,-11.867510637679779
grid_large,Cân bằng (điểm gối),trip_time_min,7.107116948525356,0.01351447485242988,7.844608565942308,-9.401254520446091
grid_large,Cân bằng (điểm gối),exposed_slots,21.99529333333333,0.038972181890971125,25.276439999999997,-12.981047436532473
grid_large,Cân bằng (điểm gối),impulse_revenue,0.8283009999999998,0.002698841790740472,0.8363963333333333,-0.9678824512621553
grid_large,Cân bằng (điểm gối),impulse_items,1.3855466666666663,0.004519504161002714,1.5197666666666665,-8.831618888864535
grid_large,Cân bằng (điểm gối),basket_value,4.177903999999999,0.010912121596879461,4.185999333333333,-0.19339069810333379
grid_large,Cân bằng (điểm gối),congestion_cells,104.56666666666666,3.0171702417232225,120.5,-13.222683264177043
grid_large,Giá trị (max Z2),distance_m,89.62079999999999,0.14803795366121295,82.15763999999999,9.083951291687546
grid_large,Giá trị (max Z2),trip_time_min,8.08779368627706,0.017113255559693587,7.844608565942308,3.1000287431873876
grid_large,Giá trị (max Z2),exposed_slots,23.939860000000003,0.04827802166845112,25.276439999999997,-5.287849080012829
grid_large,Giá trị (max Z2),impulse_revenue,1.0069153333333334,0.0042610399045002025,0.8363963333333333,20.387344277374098
grid_large,Giá trị (max Z2),impulse_items,1.6955000000000002,0.006278394388537128,1.5197666666666665,11.563178558112018
grid_large,Giá trị (max Z2),basket_value,4.356518333333333,0.013299274613063362,4.185999333333333,4.07355535492201
grid_large,Giá trị (max Z2),congestion_cells,139.06666666666666,3.814234110632283,120.5,15.408022130013828
racetrack_large,Hiện trạng,distance_m,94.91626666666667,0.14883879044776166,94.91626666666667,0.0
racetrack_large,Hiện trạng,trip_time_min,8.659982635994144,0.018660754968240215,8.659982635994144,0.0
racetrack_large,Hiện trạng,exposed_slots,27.35989333333334,0.06030817523249857,27.35989333333334,0.0
racetrack_large,Hiện trạng,impulse_revenue,0.8575596666666666,0.0034928249890923764,0.8575596666666666,0.0
racetrack_large,Hiện trạng,impulse_items,1.5078799999999997,0.006152985526024554,1.5078799999999997,0.0
racetrack_large,Hiện trạng,basket_value,4.207162666666667,0.012248171112984162,4.207162666666667,0.0
racetrack_large,Hiện trạng,congestion_cells,142.23333333333332,3.183116291081729,142.23333333333332,0.0
racetrack_large,Tiện lợi (min Z1),distance_m,73.41172,0.0959315549096478,94.91626666666667,-22.656334284815248
racetrack_large,Tiện lợi (min Z1),trip_time_min,7.7966016994083525,0.013601362270114431,8.659982635994144,-9.969776763723008
racetrack_large,Tiện lợi (min Z1),exposed_slots,25.56927333333333,0.041131540823834696,27.35989333333334,-6.544689258047816
racetrack_large,Tiện lợi (min Z1),impulse_revenue,0.738132,0.003280370973046266,0.8575596666666666,-13.92645565187106
racetrack_large,Tiện lợi (min Z1),impulse_items,1.3763,0.005942698179395038,1.5078799999999997,-8.72615858025835
racetrack_large,Tiện lợi (min Z1),basket_value,4.087735,0.010488464712628816,4.207162666666667,-2.8386748060133646
racetrack_large,Tiện lợi (min Z1),congestion_cells,112.96666666666667,3.0072740158503626,142.23333333333332,-20.576517459573463
racetrack_large,Cân bằng (điểm gối),distance_m,76.60248000000001,0.12112491620893384,94.91626666666667,-19.294676571068948
racetrack_large,Cân bằng (điểm gối),trip_time_min,8.206619058004385,0.014875577258172212,8.659982635994144,-5.235155739289929
racetrack_large,Cân bằng (điểm gối),exposed_slots,25.695559999999993,0.044966522707549444,27.35989333333334,-6.0831133844576835
racetrack_large,Cân bằng (điểm gối),impulse_revenue,0.9599099999999999,0.004538252027698346,0.8575596666666666,11.935068463652092
racetrack_large,Cân bằng (điểm gối),impulse_items,1.6181866666666664,0.0075830949274777555,1.5078799999999997,7.315347817244529
racetrack_large,Cân bằng (điểm gối),basket_value,4.309513,0.01133460824290356,4.207162666666667,2.4327638706307737
racetrack_large,Cân bằng (điểm gối),congestion_cells,117.26666666666667,3.007993386104052,142.23333333333332,-17.553316147175995
racetrack_large,Giá trị (max Z2),distance_m,93.97782666666666,0.14798312387196827,94.91626666666667,-0.9887030252629835
racetrack_large,Giá trị (max Z2),trip_time_min,8.954450413960874,0.01888043547231015,8.659982635994144,3.4003275796744834
racetrack_large,Giá trị (max Z2),exposed_slots,28.58514666666667,0.05511143745415485,27.35989333333334,4.478282566403759
racetrack_large,Giá trị (max Z2),impulse_revenue,1.0589460000000002,0.00428053955532617,0.8575596666666666,23.483652643800518
racetrack_large,Giá trị (max Z2),impulse_items,1.7697533333333335,0.006835444449755521,1.5078799999999997,17.366987647116076
racetrack_large,Giá trị (max Z2),basket_value,4.408548999999999,0.013541970805107727,4.207162666666667,4.786749391196946
racetrack_large,Giá trị (max Z2),congestion_cells,119.76666666666667,3.1710094991454496,142.23333333333332,-15.79564096554956
free_large,Hiện trạng,distance_m,115.51145333333332,0.15874439794591788,115.51145333333332,0.0
free_large,Hiện trạng,trip_time_min,8.726471476369941,0.019367440224767534,8.726471476369941,0.0
free_large,Hiện trạng,exposed_slots,25.436760000000003,0.064551490583234,25.436760000000003,0.0
free_large,Hiện trạng,impulse_revenue,0.840076,0.0032661586438082206,0.840076,0.0
free_large,Hiện trạng,impulse_items,1.5234666666666665,0.005754995570227728,1.5234666666666665,0.0
free_large,Hiện trạng,basket_value,4.189679,0.011692821136541675,4.189679,0.0
free_large,Hiện trạng,congestion_cells,114.76666666666667,4.743249730130865,114.76666666666667,0.0
free_large,Tiện lợi (min Z1),distance_m,98.91949333333335,0.13947314646674824,115.51145333333332,-14.363908964178883
free_large,Tiện lợi (min Z1),trip_time_min,7.836404360382219,0.016952123653737536,8.726471476369941,-10.199622131326489
free_large,Tiện lợi (min Z1),exposed_slots,23.57784666666667,0.05226989340065041,25.436760000000003,-7.307979999549209
free_large,Tiện lợi (min Z1),impulse_revenue,0.6791606666666666,0.0032549415634775306,0.840076,-19.154854243346247
free_large,Tiện lợi (min Z1),impulse_items,1.2789133333333331,0.005440718547172116,1.5234666666666665,-16.052424295466484
free_large,Tiện lợi (min Z1),basket_value,4.028763666666666,0.012234448655846187,4.189679,-3.8407556601193917
free_large,Tiện lợi (min Z1),congestion_cells,98.23333333333333,3.463774709095742,114.76666666666667,-14.406041243101944
free_large,Cân bằng (điểm gối),distance_m,106.49689333333335,0.145259536761954,115.51145333333332,-7.80403998033555
free_large,Cân bằng (điểm gối),trip_time_min,9.049159548701928,0.017443629855657363,8.726471476369941,3.6978069911278677
free_large,Cân bằng (điểm gối),exposed_slots,24.797060000000002,0.05565429274132172,25.436760000000003,-2.514864314480308
free_large,Cân bằng (điểm gối),impulse_revenue,1.2664396666666666,0.004610032810491483,0.840076,50.75298742812157
free_large,Cân bằng (điểm gối),impulse_items,1.9439066666666662,0.006804284857492768,1.5234666666666665,27.597584456502695
free_large,Cân bằng (điểm gối),basket_value,4.616042666666667,0.011932133597560532,4.189679,10.176523467947474
free_large,Cân bằng (điểm gối),congestion_cells,122.76666666666667,3.8302723110014805,114.76666666666667,6.970665117629974
free_large,Giá trị (max Z2),distance_m,125.44270666666668,0.15580969510087572,115.51145333333332,8.59763516668306
free_large,Giá trị (max Z2),trip_time_min,9.574447034477348,0.017937565280127042,8.726471476369941,9.717278746668754
free_large,Giá trị (max Z2),exposed_slots,26.50143333333333,0.051384367753770956,25.436760000000003,4.185569755477222
free_large,Giá trị (max Z2),impulse_revenue,1.249091,0.004277414138575583,0.840076,48.687856812955005
free_large,Giá trị (max Z2),impulse_items,1.9776133333333332,0.006800190915907922,1.5234666666666665,29.81008226851042
free_large,Giá trị (max Z2),basket_value,4.598694,0.012299589598268292,4.189679,9.762442421006481
free_large,Giá trị (max Z2),congestion_cells,135.4,4.769447863703832,114.76666666666667,17.978507115887314
case_minimart_n30,Hiện trạng,distance_m,41.573653333333326,0.059998921496412456,41.573653333333326,0.0
case_minimart_n30,Hiện trạng,trip_time_min,3.976660263950534,0.008878128504938694,3.976660263950534,0.0
case_minimart_n30,Hiện trạng,exposed_slots,12.333413333333333,0.02713874213645599,12.333413333333333,0.0
case_minimart_n30,Hiện trạng,impulse_revenue,0.713966,0.0030543277052880744,0.713966,0.0
case_minimart_n30,Hiện trạng,impulse_items,1.5052199999999998,0.006418702092222371,1.5052199999999998,0.0
case_minimart_n30,Hiện trạng,basket_value,3.3805180000000004,0.010400148926929653,3.3805180000000004,0.0
case_minimart_n30,Hiện trạng,congestion_cells,75.1,1.4523332134086704,75.1,0.0
case_minimart_n30,Tiện lợi (min Z1),distance_m,40.36044,0.05570604857972334,41.573653333333326,-2.918226415191149
case_minimart_n30,Tiện lợi (min Z1),trip_time_min,3.538828870909405,0.008204675464187575,3.976660263950534,-11.010027610610472
case_minimart_n30,Tiện lợi (min Z1),exposed_slots,10.553020000000002,0.022133286515369287,12.333413333333333,-14.435527985764397
case_minimart_n30,Tiện lợi (min Z1),impulse_revenue,0.4800923333333334,0.0023687906931978415,0.713966,-32.75697535550245
case_minimart_n30,Tiện lợi (min Z1),impulse_items,1.0243266666666666,0.005108059030922371,1.5052199999999998,-31.948375209825354
case_minimart_n30,Tiện lợi (min Z1),basket_value,3.146644333333334,0.009232153172577385,3.3805180000000004,-6.918278993534904
case_minimart_n30,Tiện lợi (min Z1),congestion_cells,67.5,1.8312791809665558,75.1,-10.11984021304926
case_minimart_n30,Cân bằng (điểm gối),distance_m,40.54025333333333,0.05429721745099884,41.573653333333326,-2.4857088976864676
case_minimart_n30,Cân bằng (điểm gối),trip_time_min,3.913703651224794,0.007635927717174834,3.976660263950534,-1.5831529109101505
case_minimart_n30,Cân bằng (điểm gối),exposed_slots,11.932353333333335,0.020843105545266256,12.333413333333333,-3.2518167449724453
case_minimart_n30,Cân bằng (điểm gối),impulse_revenue,0.7545910000000001,0.002674448007093776,0.713966,5.690046864976782
case_minimart_n30,Cân bằng (điểm gối),impulse_items,1.5761666666666667,0.005435817063779771,1.5052199999999998,4.713375231970539
case_minimart_n30,Cân bằng (điểm gối),basket_value,3.421143,0.008843691902798094,3.3805180000000004,1.2017389051026932
case_minimart_n30,Cân bằng (điểm gối),congestion_cells,65.33333333333333,1.3599555984375176,75.1,-13.004882379050155
case_minimart_n30,Giá trị (max Z2),distance_m,44.21910666666666,0.055228150488495664,41.573653333333326,6.363292906019974
case_minimart_n30,Giá trị (max Z2),trip_time_min,4.21853676450215,0.008937889512561048,3.976660263950534,6.082402933544247
case_minimart_n30,Giá trị (max Z2),exposed_slots,12.87992,0.023840856081663708,12.333413333333333,4.431106392823406
case_minimart_n30,Giá trị (max Z2),impulse_revenue,0.8717696666666666,0.002914201429129973,0.713966,22.10240637042472
case_minimart_n30,Giá trị (max Z2),impulse_items,1.8189600000000004,0.005795989301364813,1.5052199999999998,20.843464742695463
case_minimart_n30,Giá trị (max Z2),basket_value,3.538321666666667,0.009427637070081605,3.3805180000000004,4.6680321378755165
case_minimart_n30,Giá trị (max Z2),congestion_cells,80.43333333333334,1.4731507589345183,75.1,7.101642254771429
