hour,online_share,instore_share
0,0.006652279409765855,0.0
1,0.0036239985992739727,0.0
2,0.002203688130337674,0.0
3,0.0016000781039220621,0.0
4,0.001615570274091567,0.0
5,0.0027970674783394617,0.0
6,0.008923782322732304,0.0
7,0.026853484700605043,0.029331845365183292
8,0.052089060686338215,0.036051471007289254
9,0.07535976180642212,0.05340856369403368
10,0.08430605162166484,0.07794185956911351
11,0.08322744581175026,0.090585017504899
12,0.07975281511731812,0.07866712317743242
13,0.08126052481041822,0.056863897267747245
14,0.08273461941730148,0.04793090080152158
15,0.08290912556053157,0.059318128711237705
16,0.07966863124922721,0.08336852892126777
17,0.066877944791167,0.10324670072209936
18,0.053466110000838916,0.10322676302327291
19,0.04108903525579473,0.08312526905990378
20,0.030485083232415,0.05752035927344919
21,0.02283165886358209,0.03941357190154944
22,0.017967409735455117,0.0
23,0.011704773020707186,0.0
