slot_id,cells,face,access_r,access_c,is_cold,d_in,d_out,e_geom
K001,"(1,2);(1,3)",S,2,2,0,19.0,31.0,0.06666666666666667
K002,"(1,4);(1,5)",S,2,4,0,21.0,29.0,0.0
K003,"(1,6);(1,7)",S,2,6,0,23.0,27.0,0.03333333333333333
K004,"(1,8);(1,9)",S,2,8,0,25.0,25.0,0.03333333333333333
K005,"(1,10);(1,11)",S,2,10,0,27.0,25.0,0.0
K006,"(1,12);(1,13)",S,2,12,0,29.0,23.0,0.03333333333333333
K007,"(1,14);(1,15)",S,2,14,1,31.0,23.0,0.03333333333333333
K008,"(1,16);(1,17)",S,2,16,1,33.0,25.0,0.03333333333333333
K009,"(1,18);(1,19)",S,2,18,1,35.0,25.0,0.0
K010,"(1,20);(1,21)",S,2,20,1,37.0,23.0,0.06666666666666667
K011,"(1,22);(1,23)",S,2,22,1,39.0,21.0,0.03333333333333333
K012,"(1,24);(1,25)",S,2,24,1,41.0,21.0,0.0
K013,"(1,26);(1,27)",S,2,26,1,43.0,23.0,0.03333333333333333
K014,"(2,1);(3,1)",E,2,2,0,19.0,31.0,0.06666666666666667
K015,"(2,28);(3,28)",W,2,27,1,44.0,24.0,0.0
K016,"(4,1);(5,1)",E,4,2,0,17.0,29.0,0.1
K017,"(4,28);(5,28)",W,4,27,1,42.0,22.0,0.03333333333333333
K018,"(5,14);(5,15)",N,4,14,0,29.0,21.0,0.23333333333333334
K019,"(5,14);(5,15)",S,6,14,0,27.0,17.0,0.16666666666666666
K020,"(5,16);(5,17)",N,4,16,0,31.0,23.0,0.2
K021,"(5,16);(5,17)",S,6,16,0,29.0,17.0,0.03333333333333333
K022,"(5,18);(5,19)",N,4,18,0,33.0,23.0,0.1
K023,"(5,18);(5,19)",S,6,18,0,31.0,17.0,0.03333333333333333
K024,"(5,20);(5,21)",N,4,20,0,35.0,21.0,0.1
K025,"(5,20);(5,21)",S,6,20,0,33.0,19.0,0.0
K026,"(6,1);(7,1)",E,6,2,0,15.0,27.0,0.13333333333333333
K027,"(6,28);(7,28)",W,6,27,1,40.0,20.0,0.06666666666666667
K028,"(8,1);(9,1)",E,8,2,0,13.0,25.0,0.16666666666666666
K029,"(8,10);(8,11)",N,7,10,0,22.0,20.0,0.43333333333333335
K030,"(8,10);(8,11)",S,9,10,0,20.0,16.0,0.06666666666666667
K031,"(8,12);(8,13);(8,14)",N,7,13,0,25.0,17.0,0.36666666666666664
K032,"(8,12);(8,13);(8,14)",S,9,13,0,23.0,13.0,0.1
K033,"(8,28);(9,28)",W,8,27,1,38.0,18.0,0.1
K034,"(9,18);(9,19)",N,8,18,0,29.0,15.0,0.2
K035,"(9,18);(10,18)",W,9,17,0,27.0,13.0,0.23333333333333334
K036,"(9,20);(9,21);(9,22)",N,8,21,0,32.0,16.0,0.23333333333333334
K037,"(9,22);(10,22)",E,9,23,0,33.0,13.0,0.2
K038,"(10,1);(11,1)",E,10,2,0,11.0,23.0,0.7333333333333333
K039,"(10,18);(10,19)",S,11,18,0,26.0,10.0,0.1
K040,"(10,20);(10,21);(10,22)",S,11,21,0,29.0,9.0,0.03333333333333333
K041,"(10,28);(11,28)",W,10,27,1,36.0,16.0,0.13333333333333333
K042,"(11,9);(11,10)",N,10,9,0,18.0,16.0,0.1
K043,"(11,9);(12,9)",W,11,8,0,16.0,16.0,0.26666666666666666
K044,"(11,11);(11,12)",N,10,11,0,20.0,14.0,0.1
K045,"(11,12);(12,12)",E,11,13,0,21.0,11.0,0.2
K046,"(12,1);(13,1)",E,12,2,0,9.0,21.0,0.9333333333333333
K047,"(12,9);(12,10)",S,13,9,0,15.0,13.0,0.16666666666666666
K048,"(12,11);(12,12)",S,13,11,0,17.0,11.0,0.03333333333333333
K049,"(12,28);(13,28)",W,12,27,1,34.0,14.0,0.16666666666666666
K050,"(14,1);(15,1)",E,14,2,0,7.0,19.0,0.9666666666666667
K051,"(14,15);(14,16)",N,13,15,0,21.0,9.0,0.3333333333333333
K052,"(14,15);(15,15)",W,14,14,0,19.0,7.0,0.3333333333333333
K053,"(14,17);(14,18)",N,13,17,0,23.0,9.0,0.03333333333333333
K054,"(14,18);(15,18)",E,14,19,0,24.0,6.0,0.2
K055,"(14,28);(15,28)",W,14,27,1,32.0,12.0,0.13333333333333333
K056,"(15,15);(15,16)",S,16,15,0,18.0,4.0,0.03333333333333333
K057,"(15,17);(15,18)",S,16,17,0,20.0,4.0,0.0
K058,"(16,1);(17,1);(18,1)",E,17,2,0,4.0,16.0,1.0
K059,"(16,28);(17,28);(18,28)",W,17,27,0,29.0,9.0,0.06666666666666667
