category_id,name,group_id,n_slots,needs_cold,value_v,impulse_p,dwell_median_s,popularity_f,reorder_rate
G01,Rau củ,G01,1,0,0.35,0.3968,10.0,0.585508,0.6032
G02,Trái cây,G02,1,0,0.45,0.2838,10.0,0.579199,0.7162
G03,Thịt tươi,G03,1,1,0.8,0.4604,10.0,0.111984,0.5396
G04,Hải sản tươi,G04,1,1,0.85,0.4876,10.0,0.015385,0.5124
G05,Xúc xích - thịt nguội,G05,1,1,0.55,0.4154,6.0,0.169985,0.5846
G06,Sữa tươi,G06,1,1,0.4,0.2557,6.0,0.372384,0.7443
G07,Sữa chua - váng sữa,G07,1,1,0.4,0.3169,6.0,0.269435,0.6831
G08,Phô mai - bơ - kem sữa,G08,1,1,0.6,0.4069,18.0,0.381297,0.5931
G09,Trứng,G09,1,0,0.3,0.2946,6.0,0.137019,0.7054
G10,Đậu hũ - đồ chay,G10,1,1,0.35,0.3922,10.0,0.032994,0.6078
G11,Món đông lạnh,G11,1,1,0.55,0.4326,10.0,0.205939,0.5674
G12,Thịt cá - rau đông lạnh,G12,1,1,0.6,0.4607,10.0,0.1411,0.5393
G13,Kem,G13,1,1,0.5,0.5103,10.0,0.11406,0.4897
G14,Món chế biến sẵn (deli),G14,1,1,0.6,0.3671,10.0,0.251162,0.6329
G15,Bánh mì,G15,1,0,0.3,0.3733,6.0,0.225696,0.6267
G16,Bánh ngọt,G16,1,0,0.45,0.3767,10.0,0.092975,0.6233
G17,Ngũ cốc ăn sáng,G17,1,0,0.45,0.4419,10.0,0.150731,0.5581
G18,Gạo - ngũ cốc khô,G18,1,0,0.5,0.5672,10.0,0.050472,0.4328
G19,Mì - nui - sốt,G19,1,0,0.35,0.528,10.0,0.151814,0.472
G20,Đồ hộp - súp,G20,1,0,0.4,0.5426,10.0,0.211965,0.4574
G21,Dầu ăn - giấm,G21,1,0,0.45,0.6492,10.0,0.067712,0.3508
G22,Gia vị - nước chấm,G22,1,0,0.35,0.7134,18.0,0.149004,0.2866
G23,Nguyên liệu làm bánh,G23,1,0,0.4,0.6765,18.0,0.118866,0.3235
G24,Mứt - bơ đậu phộng,G24,1,0,0.4,0.5174,10.0,0.105702,0.4826
G25,Thực phẩm quốc tế,G25,1,0,0.45,0.6308,18.0,0.068924,0.3692
G26,Snack - bánh giòn,G26,1,0,0.5,0.4175,10.0,0.271197,0.5825
G27,Bánh quy,G27,1,0,0.45,0.4513,10.0,0.059039,0.5487
G28,Kẹo - sô-cô-la,G28,1,0,0.45,0.4379,10.0,0.07677,0.5621
G29,Hạt - trái cây sấy,G29,1,0,0.55,0.427,10.0,0.191109,0.573
G30,Nước suối - nước ngọt,G30,1,0,0.35,0.3017,6.0,0.266952,0.6983
G31,Nước ép - đồ uống pha,G31,1,0,0.4,0.419,10.0,0.094506,0.581
G32,Cà phê - trà,G32,1,0,0.6,0.4306,18.0,0.106802,0.5694
G33,Bia - rượu,G33,1,0,0.9,0.4301,18.0,0.026348,0.5699
G34,Sản phẩm cho bé,G34,1,0,0.85,0.421,18.0,0.055289,0.579
G35,Chăm sóc cá nhân,G35,1,0,0.7,0.6993,18.0,0.062071,0.3007
G36,Dược phẩm - TPCN,G36,1,0,0.75,0.6466,18.0,0.044454,0.3534
G37,Giấy - đồ dùng một lần,G37,1,0,0.45,0.5445,6.0,0.09058,0.4555
G38,Hóa phẩm tẩy rửa,G38,1,0,0.55,0.6517,10.0,0.076236,0.3483
G39,Đồ dùng nhà bếp,G39,1,0,0.6,0.8046,18.0,0.002729,0.1954
G40,Thức ăn thú cưng,G40,1,0,0.65,0.3987,10.0,0.018444,0.6013
