R,moved,z1_route,z2_route,distance_change_pct,impulse_change_pct,score_balanced_sim,improvement_share_pct
0,0,46.16,0.7882331785175597,0.0,0.0,0.0,0.0
2,2,46.73466666666667,0.8060838061159897,1.0001827146213227,2.442206189807039,0.7210117375928489,1.2540345208907127
4,4,46.705333333333336,0.8261732729764465,1.0726930840357696,5.661137197107302,2.2942220565357725,3.9902729837518773
6,6,47.86533333333333,0.8756612593272588,3.1044221254457938,9.302275765157475,3.0989268198558353,5.3898723241143465
8,8,47.434666666666665,0.919192615766462,2.422479365476704,16.613471227336586,7.095495930929934,12.340987498944667
10,10,49.989333333333335,1.1282321906073889,7.574456208196834,42.28030640573053,17.35292509876684,30.181432531092717
15,15,50.12266666666667,1.1919589118637375,7.5603569696995665,49.37514994687595,20.907396488588198,36.36362013491153
20,20,50.906666666666666,1.538363433237227,9.305497408185893,92.18626829351886,41.440385442666475,72.07604425084486
30,30,51.008,1.7165596335282765,8.762245116699962,114.24752373444838,52.742639308874196,91.73372216800887
-1,38,49.82933333333333,1.7748699754260981,6.428965015185462,121.41969702162663,57.49536600322058,100.0
