R,seed,z,z1,z2,moved,feasible
0,0,1.247154707225854,473.86595041558826,0.9999486137742031,0,True
0,1,1.247154707225854,473.86595041558826,0.9999486137742031,0,True
0,2,1.247154707225854,473.86595041558826,0.9999486137742031,0,True
4,0,0.9013508126598457,434.77062947462457,1.1448033264730086,4,True
4,1,0.9138939686152094,440.9733890106387,1.173890029714788,4,True
4,2,0.8673110479802129,432.7571541106501,1.1722321725603302,4,True
-1,0,0.11601328976712544,368.8043979969111,1.6375691305509676,40,True
-1,1,0.11601328976712544,368.8043979969111,1.6375691305509676,40,True
-1,2,0.11601328976712544,368.8043979969111,1.6375691305509676,40,True
