instance,n,seed,value,optimum,gap_pct,hit,time,gens
nug12,12,0,578.0,578,0.0,True,2.0621211528778076,308
nug12,12,1,578.0,578,0.0,True,2.0641231536865234,301
nug12,12,2,578.0,578,0.0,True,2.363692045211792,341
nug12,12,3,578.0,578,0.0,True,2.153571128845215,321
nug12,12,4,578.0,578,0.0,True,2.0939412117004395,301
nug12,12,5,578.0,578,0.0,True,2.3101296424865723,341
nug12,12,6,578.0,578,0.0,True,2.3043789863586426,316
nug12,12,7,578.0,578,0.0,True,2.1336123943328857,301
nug12,12,8,578.0,578,0.0,True,2.232090950012207,321
nug12,12,9,578.0,578,0.0,True,2.2611849308013916,325
nug12,12,10,578.0,578,0.0,True,2.266862392425537,322
nug12,12,11,578.0,578,0.0,True,2.160536766052246,321
nug12,12,12,578.0,578,0.0,True,2.1120760440826416,301
nug12,12,13,578.0,578,0.0,True,2.302424907684326,322
nug12,12,14,578.0,578,0.0,True,2.1111812591552734,305
nug12,12,15,578.0,578,0.0,True,2.216027021408081,301
nug12,12,16,578.0,578,0.0,True,2.431431293487549,326
nug12,12,17,578.0,578,0.0,True,2.204566717147827,301
nug12,12,18,578.0,578,0.0,True,2.400839328765869,321
nug12,12,19,578.0,578,0.0,True,2.4399611949920654,326
nug12,12,20,578.0,578,0.0,True,2.5276038646698,304
nug12,12,21,578.0,578,0.0,True,2.4768919944763184,321
nug12,12,22,578.0,578,0.0,True,3.2288408279418945,404
nug12,12,23,578.0,578,0.0,True,2.4089221954345703,305
nug12,12,24,578.0,578,0.0,True,2.627643346786499,322
nug12,12,25,578.0,578,0.0,True,2.617481231689453,321
nug12,12,26,578.0,578,0.0,True,2.554882764816284,321
nug12,12,27,578.0,578,0.0,True,2.44016695022583,301
nug12,12,28,578.0,578,0.0,True,2.372663736343384,302
nug12,12,29,578.0,578,0.0,True,2.815049648284912,341
chr12a,12,0,9552.0,9552,0.0,True,2.8900139331817627,362
chr12a,12,1,9552.0,9552,0.0,True,2.360548257827759,307
chr12a,12,2,9552.0,9552,0.0,True,2.455498218536377,301
chr12a,12,3,9552.0,9552,0.0,True,3.289940118789673,441
chr12a,12,4,9552.0,9552,0.0,True,2.4379689693450928,301
chr12a,12,5,9552.0,9552,0.0,True,2.6924030780792236,350
chr12a,12,6,9552.0,9552,0.0,True,2.3228697776794434,301
chr12a,12,7,9552.0,9552,0.0,True,2.328279495239258,302
chr12a,12,8,9552.0,9552,0.0,True,2.2606472969055176,301
chr12a,12,9,9552.0,9552,0.0,True,5.067063331604004,685
chr12a,12,10,9552.0,9552,0.0,True,2.1845133304595947,301
chr12a,12,11,9552.0,9552,0.0,True,2.0841238498687744,305
chr12a,12,12,9552.0,9552,0.0,True,3.3420047760009766,483
chr12a,12,13,9552.0,9552,0.0,True,2.3437209129333496,323
chr12a,12,14,9552.0,9552,0.0,True,2.1428072452545166,300
chr12a,12,15,9552.0,9552,0.0,True,2.6946749687194824,361
chr12a,12,16,9552.0,9552,0.0,True,2.912436008453369,401
chr12a,12,17,10096.0,9552,5.695142378559464,False,2.160691261291504,301
chr12a,12,18,9552.0,9552,0.0,True,2.219264030456543,301
chr12a,12,19,9552.0,9552,0.0,True,2.2807440757751465,322
chr12a,12,20,9552.0,9552,0.0,True,2.2124996185302734,301
chr12a,12,21,9552.0,9552,0.0,True,2.0828537940979004,301
chr12a,12,22,9552.0,9552,0.0,True,2.2828493118286133,305
chr12a,12,23,9552.0,9552,0.0,True,2.2208878993988037,301
chr12a,12,24,9552.0,9552,0.0,True,2.2102999687194824,301
chr12a,12,25,9552.0,9552,0.0,True,2.592323064804077,341
chr12a,12,26,9552.0,9552,0.0,True,3.136345863342285,421
chr12a,12,27,9552.0,9552,0.0,True,2.4188380241394043,325
chr12a,12,28,9552.0,9552,0.0,True,2.276165246963501,301
chr12a,12,29,9552.0,9552,0.0,True,2.608747959136963,322
had12,12,0,1652.0,1652,0.0,True,2.4539852142333984,306
had12,12,1,1652.0,1652,0.0,True,2.531280040740967,321
had12,12,2,1652.0,1652,0.0,True,2.324866533279419,301
had12,12,3,1652.0,1652,0.0,True,2.449174165725708,306
had12,12,4,1652.0,1652,0.0,True,2.364454507827759,301
had12,12,5,1652.0,1652,0.0,True,2.2437870502471924,304
had12,12,6,1652.0,1652,0.0,True,2.316972017288208,306
had12,12,7,1652.0,1652,0.0,True,2.246173858642578,304
had12,12,8,1652.0,1652,0.0,True,2.210810661315918,303
had12,12,9,1652.0,1652,0.0,True,2.170945167541504,305
had12,12,10,1652.0,1652,0.0,True,2.176652193069458,302
had12,12,11,1652.0,1652,0.0,True,2.2229883670806885,304
had12,12,12,1652.0,1652,0.0,True,2.328404664993286,321
had12,12,13,1652.0,1652,0.0,True,2.191438674926758,301
had12,12,14,1652.0,1652,0.0,True,2.1233227252960205,303
had12,12,15,1652.0,1652,0.0,True,2.23624324798584,321
had12,12,16,1652.0,1652,0.0,True,2.129316806793213,301
had12,12,17,1652.0,1652,0.0,True,2.121812105178833,301
had12,12,18,1652.0,1652,0.0,True,2.207104444503784,303
had12,12,19,1652.0,1652,0.0,True,2.1255362033843994,303
had12,12,20,1652.0,1652,0.0,True,2.104036569595337,301
had12,12,21,1652.0,1652,0.0,True,2.3013880252838135,321
had12,12,22,1652.0,1652,0.0,True,2.104710817337036,305
had12,12,23,1652.0,1652,0.0,True,2.33585786819458,321
had12,12,24,1652.0,1652,0.0,True,2.226074695587158,302
had12,12,25,1652.0,1652,0.0,True,2.0982091426849365,301
had12,12,26,1652.0,1652,0.0,True,2.16645884513855,322
had12,12,27,1652.0,1652,0.0,True,2.12666654586792,302
had12,12,28,1652.0,1652,0.0,True,1.9995372295379639,301
had12,12,29,1652.0,1652,0.0,True,2.11051869392395,303
tai12a,12,0,224416.0,224416,0.0,True,2.2116312980651855,323
tai12a,12,1,224416.0,224416,0.0,True,2.2642250061035156,323
tai12a,12,2,224416.0,224416,0.0,True,2.5461645126342773,365
tai12a,12,3,224416.0,224416,0.0,True,2.072425603866577,305
tai12a,12,4,224416.0,224416,0.0,True,2.6282029151916504,361
tai12a,12,5,224416.0,224416,0.0,True,2.179687023162842,301
tai12a,12,6,224416.0,224416,0.0,True,2.2441043853759766,305
tai12a,12,7,224416.0,224416,0.0,True,2.196021556854248,301
tai12a,12,8,224416.0,224416,0.0,True,2.7343945503234863,366
tai12a,12,9,224416.0,224416,0.0,True,2.8779726028442383,381
tai12a,12,10,224416.0,224416,0.0,True,2.6268231868743896,349
tai12a,12,11,224416.0,224416,0.0,True,2.7122859954833984,363
tai12a,12,12,224416.0,224416,0.0,True,2.368272304534912,321
tai12a,12,13,224416.0,224416,0.0,True,2.2586257457733154,302
tai12a,12,14,224416.0,224416,0.0,True,2.5016591548919678,341
tai12a,12,15,224416.0,224416,0.0,True,2.4500646591186523,321
tai12a,12,16,224416.0,224416,0.0,True,2.361355781555176,321
tai12a,12,17,224416.0,224416,0.0,True,2.398458957672119,321
tai12a,12,18,224416.0,224416,0.0,True,2.4513442516326904,325
tai12a,12,19,224416.0,224416,0.0,True,2.1682238578796387,327
tai12a,12,20,224416.0,224416,0.0,True,2.153325319290161,304
tai12a,12,21,224416.0,224416,0.0,True,2.4382855892181396,342
tai12a,12,22,224416.0,224416,0.0,True,2.1860580444335938,301
tai12a,12,23,224416.0,224416,0.0,True,2.1312413215637207,310
tai12a,12,24,224416.0,224416,0.0,True,2.1526248455047607,302
tai12a,12,25,224416.0,224416,0.0,True,2.593942642211914,361
tai12a,12,26,224416.0,224416,0.0,True,2.2616541385650635,321
tai12a,12,27,224416.0,224416,0.0,True,2.227635383605957,325
tai12a,12,28,224416.0,224416,0.0,True,2.3379597663879395,324
tai12a,12,29,224416.0,224416,0.0,True,3.175309419631958,423
esc16a,16,0,68.0,68,0.0,True,2.2504332065582275,300
esc16a,16,1,68.0,68,0.0,True,2.2411012649536133,300
esc16a,16,2,68.0,68,0.0,True,2.2908167839050293,300
esc16a,16,3,68.0,68,0.0,True,2.32952880859375,300
esc16a,16,4,68.0,68,0.0,True,2.380952835083008,301
esc16a,16,5,68.0,68,0.0,True,2.3649983406066895,300
esc16a,16,6,68.0,68,0.0,True,2.3081936836242676,300
esc16a,16,7,68.0,68,0.0,True,2.3233985900878906,300
esc16a,16,8,68.0,68,0.0,True,2.249981641769409,300
esc16a,16,9,68.0,68,0.0,True,2.3283050060272217,300
esc16a,16,10,68.0,68,0.0,True,2.2437856197357178,300
esc16a,16,11,68.0,68,0.0,True,2.252639055252075,300
esc16a,16,12,68.0,68,0.0,True,2.309595823287964,301
esc16a,16,13,68.0,68,0.0,True,2.2286722660064697,300
esc16a,16,14,68.0,68,0.0,True,2.3356239795684814,300
esc16a,16,15,68.0,68,0.0,True,2.1282315254211426,301
esc16a,16,16,68.0,68,0.0,True,2.292620897293091,300
esc16a,16,17,68.0,68,0.0,True,2.6789603233337402,300
esc16a,16,18,68.0,68,0.0,True,2.6460459232330322,301
esc16a,16,19,68.0,68,0.0,True,2.7864603996276855,300
esc16a,16,20,68.0,68,0.0,True,2.551757335662842,301
esc16a,16,21,68.0,68,0.0,True,2.5483622550964355,301
esc16a,16,22,68.0,68,0.0,True,2.6922597885131836,300
esc16a,16,23,68.0,68,0.0,True,2.5605850219726562,300
esc16a,16,24,68.0,68,0.0,True,2.6897685527801514,301
esc16a,16,25,68.0,68,0.0,True,2.755526304244995,300
esc16a,16,26,68.0,68,0.0,True,2.602555990219116,300
esc16a,16,27,68.0,68,0.0,True,2.38017201423645,300
esc16a,16,28,68.0,68,0.0,True,2.374344825744629,300
esc16a,16,29,68.0,68,0.0,True,2.358055353164673,300
had20,20,0,6922.0,6922,0.0,True,2.5226287841796875,301
had20,20,1,6922.0,6922,0.0,True,2.4782509803771973,301
had20,20,2,6922.0,6922,0.0,True,2.502216339111328,302
had20,20,3,6922.0,6922,0.0,True,2.5783944129943848,304
had20,20,4,6922.0,6922,0.0,True,2.588043451309204,309
had20,20,5,6922.0,6922,0.0,True,2.608048677444458,302
had20,20,6,6922.0,6922,0.0,True,2.585578203201294,310
had20,20,7,6922.0,6922,0.0,True,2.5832369327545166,302
had20,20,8,6922.0,6922,0.0,True,2.7411608695983887,301
had20,20,9,6922.0,6922,0.0,True,2.704261541366577,302
had20,20,10,6922.0,6922,0.0,True,2.6011619567871094,301
had20,20,11,6922.0,6922,0.0,True,2.807516574859619,303
had20,20,12,6922.0,6922,0.0,True,2.635097026824951,301
had20,20,13,6922.0,6922,0.0,True,2.7519161701202393,304
had20,20,14,6922.0,6922,0.0,True,2.76503849029541,302
had20,20,15,6922.0,6922,0.0,True,3.2389795780181885,346
had20,20,16,6922.0,6922,0.0,True,2.8481268882751465,321
had20,20,17,6922.0,6922,0.0,True,2.9701616764068604,326
had20,20,18,6922.0,6922,0.0,True,2.688389778137207,301
had20,20,19,6922.0,6922,0.0,True,3.3593127727508545,362
had20,20,20,6922.0,6922,0.0,True,2.7834067344665527,304
had20,20,21,6922.0,6922,0.0,True,2.938309907913208,322
had20,20,22,6922.0,6922,0.0,True,2.676901340484619,304
had20,20,23,6922.0,6922,0.0,True,2.7171735763549805,304
had20,20,24,6922.0,6922,0.0,True,2.7432265281677246,301
had20,20,25,6922.0,6922,0.0,True,2.8520538806915283,304
had20,20,26,6922.0,6922,0.0,True,2.811335563659668,304
had20,20,27,6922.0,6922,0.0,True,2.9062917232513428,303
had20,20,28,6922.0,6922,0.0,True,2.8405792713165283,302
had20,20,29,6922.0,6922,0.0,True,3.0971226692199707,304
nug20,20,0,2570.0,2570,0.0,True,3.1290414333343506,328
nug20,20,1,2570.0,2570,0.0,True,2.750579833984375,303
nug20,20,2,2570.0,2570,0.0,True,3.1025326251983643,326
nug20,20,3,2570.0,2570,0.0,True,2.842772960662842,314
nug20,20,4,2570.0,2570,0.0,True,2.7781782150268555,308
nug20,20,5,2570.0,2570,0.0,True,2.8162405490875244,301
nug20,20,6,2570.0,2570,0.0,True,3.1866865158081055,341
nug20,20,7,2570.0,2570,0.0,True,2.817162036895752,321
nug20,20,8,2570.0,2570,0.0,True,2.897101640701294,354
nug20,20,9,2570.0,2570,0.0,True,2.4162726402282715,302
nug20,20,10,2570.0,2570,0.0,True,3.591660976409912,446
nug20,20,11,2570.0,2570,0.0,True,2.9025943279266357,336
nug20,20,12,2570.0,2570,0.0,True,4.121875286102295,505
nug20,20,13,2570.0,2570,0.0,True,4.195594310760498,487
nug20,20,14,2570.0,2570,0.0,True,4.5367279052734375,541
nug20,20,15,2574.0,2570,0.1556420233463035,False,2.658386707305908,321
nug20,20,16,2570.0,2570,0.0,True,3.0075674057006836,344
nug20,20,17,2570.0,2570,0.0,True,2.9028964042663574,326
nug20,20,18,2570.0,2570,0.0,True,2.765925407409668,343
nug20,20,19,2570.0,2570,0.0,True,2.742933988571167,328
nug20,20,20,2570.0,2570,0.0,True,4.042425155639648,462
nug20,20,21,2570.0,2570,0.0,True,2.4527742862701416,326
nug20,20,22,2570.0,2570,0.0,True,2.7002501487731934,305
nug20,20,23,2570.0,2570,0.0,True,4.412030220031738,522
nug20,20,24,2570.0,2570,0.0,True,3.3398971557617188,388
nug20,20,25,2570.0,2570,0.0,True,3.1499221324920654,361
nug20,20,26,2570.0,2570,0.0,True,2.562065362930298,303
nug20,20,27,2570.0,2570,0.0,True,2.5779619216918945,321
nug20,20,28,2570.0,2570,0.0,True,4.2901389598846436,496
nug20,20,29,2570.0,2570,0.0,True,3.557873249053955,407
tai20a,20,0,703482.0,703482,0.0,True,7.441960096359253,784
tai20a,20,1,709022.0,703482,0.7875112653912965,False,2.93445086479187,310
tai20a,20,2,709642.0,703482,0.8756442950921275,False,3.5712757110595703,406
tai20a,20,3,711008.0,703482,1.0698212605297648,False,3.056241512298584,344
tai20a,20,4,708198.0,703482,0.670379625917934,False,4.379377841949463,482
tai20a,20,5,709642.0,703482,0.8756442950921275,False,4.214115381240845,442
tai20a,20,6,711760.0,703482,1.1767180965539985,False,3.59694242477417,382
tai20a,20,7,713288.0,703482,1.3939233697521756,False,3.077627182006836,330
tai20a,20,8,709770.0,703482,0.8938395012239119,False,2.8592827320098877,311
tai20a,20,9,705622.0,703482,0.30420110251577154,False,7.260599374771118,606
tai20a,20,10,709080.0,703482,0.7957559681697612,False,8.017069339752197,644
tai20a,20,11,706786.0,703482,0.46966375827668655,False,6.793837308883667,564
tai20a,20,12,706786.0,703482,0.46966375827668655,False,4.397884368896484,321
tai20a,20,13,708584.0,703482,0.7252495444090965,False,3.772489309310913,302
tai20a,20,14,712090.0,703482,1.2236276123625054,False,4.481206178665161,368
tai20a,20,15,705622.0,703482,0.30420110251577154,False,6.22887396812439,530
tai20a,20,16,708468.0,703482,0.7087601388521668,False,6.276492357254028,526
tai20a,20,17,703482.0,703482,0.0,True,8.906481266021729,721
tai20a,20,18,708468.0,703482,0.7087601388521668,False,4.894279479980469,403
tai20a,20,19,714200.0,703482,1.52356421344114,False,3.528019666671753,307
tai20a,20,20,711008.0,703482,1.0698212605297648,False,3.594412326812744,322
tai20a,20,21,706786.0,703482,0.46966375827668655,False,3.4254727363586426,325
tai20a,20,22,715608.0,703482,1.723711480890769,False,4.40969181060791,419
tai20a,20,23,709458.0,703482,0.8494886862776873,False,3.252521276473999,308
tai20a,20,24,708198.0,703482,0.670379625917934,False,7.802794933319092,722
tai20a,20,25,711008.0,703482,1.0698212605297648,False,5.008086919784546,461
tai20a,20,26,706786.0,703482,0.46966375827668655,False,4.52795147895813,430
tai20a,20,27,710474.0,703482,0.9939131349487265,False,7.104302883148193,683
tai20a,20,28,706786.0,703482,0.46966375827668655,False,4.420822858810425,412
tai20a,20,29,711760.0,703482,1.1767180965539985,False,3.027658462524414,321
kra30a,30,0,90100.0,88900,1.3498312710911136,False,3.496521472930908,309
kra30a,30,1,90160.0,88900,1.4173228346456692,False,6.245282173156738,553
kra30a,30,2,88900.0,88900,0.0,True,6.941551208496094,568
kra30a,30,3,88900.0,88900,0.0,True,4.009227752685547,348
kra30a,30,4,90160.0,88900,1.4173228346456692,False,3.9598565101623535,365
kra30a,30,5,88900.0,88900,0.0,True,3.512716770172119,306
kra30a,30,6,88900.0,88900,0.0,True,6.019338846206665,525
kra30a,30,7,90720.0,88900,2.047244094488189,False,3.98039174079895,326
kra30a,30,8,90160.0,88900,1.4173228346456692,False,7.841682434082031,675
kra30a,30,9,90160.0,88900,1.4173228346456692,False,6.323371648788452,541
kra30a,30,10,90300.0,88900,1.5748031496062993,False,3.7087275981903076,307
kra30a,30,11,88900.0,88900,0.0,True,4.421495676040649,371
kra30a,30,12,90160.0,88900,1.4173228346456692,False,3.879866123199463,319
kra30a,30,13,90300.0,88900,1.5748031496062993,False,6.180042505264282,527
kra30a,30,14,90300.0,88900,1.5748031496062993,False,7.222951412200928,628
kra30a,30,15,88900.0,88900,0.0,True,7.925969123840332,706
kra30a,30,16,90460.0,88900,1.7547806524184477,False,4.614316463470459,388
kra30a,30,17,90160.0,88900,1.4173228346456692,False,4.278445482254028,366
kra30a,30,18,88900.0,88900,0.0,True,4.217188596725464,354
kra30a,30,19,90160.0,88900,1.4173228346456692,False,7.200186014175415,682
kra30a,30,20,88900.0,88900,0.0,True,3.599205493927002,311
kra30a,30,21,88900.0,88900,0.0,True,7.719481706619263,713
kra30a,30,22,88900.0,88900,0.0,True,3.261958122253418,309
kra30a,30,23,90100.0,88900,1.3498312710911136,False,3.427398681640625,342
kra30a,30,24,90090.0,88900,1.3385826771653544,False,3.187025308609009,304
kra30a,30,25,88900.0,88900,0.0,True,6.3673622608184814,551
kra30a,30,26,88900.0,88900,0.0,True,3.1122841835021973,331
kra30a,30,27,90090.0,88900,1.3385826771653544,False,2.859577178955078,305
kra30a,30,28,88900.0,88900,0.0,True,3.90960431098938,389
kra30a,30,29,90320.0,88900,1.5973003374578179,False,3.7928378582000732,326
nug30,30,0,6128.0,6124,0.06531678641410843,False,10.010894298553467,842
nug30,30,1,6128.0,6124,0.06531678641410843,False,7.441683530807495,610
nug30,30,2,6128.0,6124,0.06531678641410843,False,6.336263179779053,524
nug30,30,3,6124.0,6124,0.0,True,5.476038694381714,446
nug30,30,4,6156.0,6124,0.5225342913128674,False,7.889540195465088,642
nug30,30,5,6150.0,6124,0.4245591116917048,False,4.228005409240723,313
nug30,30,6,6128.0,6124,0.06531678641410843,False,6.237242221832275,488
nug30,30,7,6148.0,6124,0.3919007184846506,False,5.336342811584473,437
nug30,30,8,6128.0,6124,0.06531678641410843,False,4.073122024536133,335
nug30,30,9,6154.0,6124,0.48987589810581317,False,4.427570104598999,381
nug30,30,10,6128.0,6124,0.06531678641410843,False,5.539681673049927,526
nug30,30,11,6156.0,6124,0.5225342913128674,False,3.4443295001983643,328
nug30,30,12,6128.0,6124,0.06531678641410843,False,3.134704351425171,318
nug30,30,13,6128.0,6124,0.06531678641410843,False,3.5941226482391357,345
nug30,30,14,6124.0,6124,0.0,True,5.666555166244507,562
nug30,30,15,6128.0,6124,0.06531678641410843,False,9.124287128448486,966
nug30,30,16,6128.0,6124,0.06531678641410843,False,6.5402748584747314,645
nug30,30,17,6124.0,6124,0.0,True,4.963660955429077,483
nug30,30,18,6124.0,6124,0.0,True,3.711164712905884,367
nug30,30,19,6148.0,6124,0.3919007184846506,False,3.192319869995117,323
nug30,30,20,6124.0,6124,0.0,True,4.411655902862549,425
nug30,30,21,6148.0,6124,0.3919007184846506,False,4.484827280044556,410
nug30,30,22,6148.0,6124,0.3919007184846506,False,7.357490062713623,823
nug30,30,23,6172.0,6124,0.7838014369693012,False,3.2071704864501953,309
nug30,30,24,6128.0,6124,0.06531678641410843,False,3.1180050373077393,318
nug30,30,25,6128.0,6124,0.06531678641410843,False,3.366982936859131,350
nug30,30,26,6128.0,6124,0.06531678641410843,False,3.433806896209717,386
nug30,30,27,6128.0,6124,0.06531678641410843,False,4.522561550140381,527
nug30,30,28,6156.0,6124,0.5225342913128674,False,2.9694762229919434,353
nug30,30,29,6128.0,6124,0.06531678641410843,False,3.027488946914673,365
