group_id,name,needs_cold,value_v,dwell_level,aisle_ids
G01,Rau củ,0,0.35,2,83;16;123
G02,Trái cây,0,0.45,2,24;32
G03,Thịt tươi,1,0.80,2,122;35;7;49;5
G04,Hải sản tươi,1,0.85,2,39;15
G05,Xúc xích - thịt nguội,1,0.55,1,106;96
G06,Sữa tươi,1,0.40,1,84;91
G07,Sữa chua - váng sữa,1,0.40,1,120;71
G08,Phô mai - bơ - kem sữa,1,0.60,3,21;2;36;108;53
G09,Trứng,0,0.30,1,86
G10,Đậu hũ - đồ chay,1,0.35,2,14
G11,Món đông lạnh,1,0.55,2,38;79;129;52;42;58
G12,Thịt cá - rau đông lạnh,1,0.60,2,34;116;113
G13,Kem,1,0.50,2,37;119
G14,Món chế biến sẵn (deli),1,0.60,2,1;13;67;12;31
G15,Bánh mì,0,0.30,1,112;43;128
G16,Bánh ngọt,0,0.45,2,8;93;48
G17,Ngũ cốc ăn sáng,0,0.45,2,121;57;130
G18,Gạo - ngũ cốc khô,0,0.50,2,63;68;18
G19,Mì - nui - sốt,0,0.35,2,131;9;4
G20,Đồ hộp - súp,0,0.40,2,59;81;95;99;69
G21,Dầu ăn - giấm,0,0.45,2,19
G22,Gia vị - nước chấm,0,0.35,3,104;72;89;110
G23,Nguyên liệu làm bánh,0,0.40,3,17;97;105;29
G24,Mứt - bơ đậu phộng,0,0.40,2,88;51
G25,Thực phẩm quốc tế,0,0.45,3,66;30;76;33
G26,Snack - bánh giòn,0,0.50,2,107;23;78
G27,Bánh quy,0,0.45,2,61
G28,Kẹo - sô-cô-la,0,0.45,2,45;46;103
G29,Hạt - trái cây sấy,0,0.55,2,117;125;50;3
G30,Nước suối - nước ngọt,0,0.35,1,115;77;64
G31,Nước ép - đồ uống pha,0,0.40,2,98;90
G32,Cà phê - trà,0,0.60,3,26;94
G33,Bia - rượu,0,0.90,3,27;28;62;124;134
G34,Sản phẩm cho bé,0,0.85,3,92;56;82;102
G35,Chăm sóc cá nhân,0,0.70,3,22;20;25;127;80;55;126;73;109;132
G36,Dược phẩm - TPCN,0,0.75,3,47;11;70;118;133;44;65
G37,Giấy - đồ dùng một lần,0,0.45,1,54;111;60;85
G38,Hóa phẩm tẩy rửa,0,0.55,2,74;75;114;101;87
G39,Đồ dùng nhà bếp,0,0.60,3,10
G40,Thức ăn thú cưng,0,0.65,2,40;41
