instance,algo,z,z1,z2,feasible
grid_medium,Hiện trạng,1.5054636663497565,473.86595041558826,1.2435034575632824,True
grid_medium,Tham lam,1.060015781226599,447.5633186237723,1.8309847901197955,True
grid_medium,Ngẫu nhiên (TB 1000),1.198496722599184,,,0.545
racetrack_medium,Hiện trạng,1.0329335592419233,496.6449644643395,2.6850461092518247,True
racetrack_medium,Tham lam,0.7187298051987012,452.56381734259713,2.8261524696060363,True
racetrack_medium,Ngẫu nhiên (TB 1000),1.114689254234147,,,0.511
free_medium,Hiện trạng,1.2908506006684182,688.8998975184141,1.42731283223137,True
free_medium,Tham lam,0.9569930107595617,640.0898471674143,1.8374322740590665,True
free_medium,Ngẫu nhiên (TB 1000),1.0802124374788373,,,0.733
grid_large,Hiện trạng,0.9410391745463547,1000.4595067070404,8.162700255463918,False
grid_large,Tham lam,0.9994328428005465,925.9362697698609,6.408483024630299,True
grid_large,Ngẫu nhiên (TB 1000),1.1252928347761812,,,0.74
racetrack_large,Hiện trạng,1.3870832935724688,1023.5400947534699,5.743165217441088,False
racetrack_large,Tham lam,1.2357644168092572,918.1475672601523,5.235833588853048,True
racetrack_large,Ngẫu nhiên (TB 1000),1.3567609942634924,,,0.683
free_large,Hiện trạng,0.9852617966097017,1454.317246462302,4.551974834170155,True
free_large,Tham lam,1.0030986989821324,1353.983801438353,3.7260440981696163,True
free_large,Ngẫu nhiên (TB 1000),0.9929811175608224,,,0.829
