instance,a,b,mean_a,mean_b,p,A12,p_holm,significant,effect
free_large,GA,SA,0.09693140679167303,0.09694070968123558,0.025099261868399492,0.33111111111111113,0.025099261868399492,True,trung bình
free_large,GA,Tabu,0.09693140679167303,0.1034961840473827,3.019859359162157e-11,1.0,9.053900395471339e-11,True,lớn
free_large,SA,Tabu,0.09694070968123558,0.1034961840473827,3.017966798490446e-11,1.0,9.053900395471339e-11,True,lớn
free_medium,GA,SA,0.09471003118318778,0.09471003118318778,1.0,0.5,1.0,False,không đáng kể
free_medium,GA,Tabu,0.09471003118318778,0.13848677445984203,1.209803065666898e-12,1.0,3.6294091970006943e-12,True,lớn
free_medium,SA,Tabu,0.09471003118318778,0.13848677445984203,1.209803065666898e-12,1.0,3.6294091970006943e-12,True,lớn
grid_large,GA,SA,0.07914648550399131,0.08230886696669053,2.737754816456533e-07,0.8866666666666667,5.475509632913066e-07,True,lớn
grid_large,GA,Tabu,0.07914648550399131,0.08685514366570395,2.941297115794813e-11,1.0,8.823891347384439e-11,True,lớn
grid_large,SA,Tabu,0.08230886696669053,0.08685514366570395,2.1321636564823366e-05,0.82,2.1321636564823366e-05,True,lớn
grid_medium,GA,SA,0.07038095484962742,0.07038095484962742,1.0,0.5,1.0,False,không đáng kể
grid_medium,GA,Tabu,0.07038095484962742,0.0773526182996094,1.209803065666898e-12,1.0,3.6294091970006943e-12,True,lớn
grid_medium,SA,Tabu,0.07038095484962742,0.0773526182996094,1.209803065666898e-12,1.0,3.6294091970006943e-12,True,lớn
racetrack_large,GA,SA,0.06975822307552568,0.06872153477076795,8.062257752850896e-10,0.03777777777777778,8.062257752850896e-10,True,lớn
racetrack_large,GA,Tabu,0.06975822307552568,0.07606311832272608,3.6897258539809896e-11,0.9977777777777778,9.008595663032994e-11,True,lớn
racetrack_large,SA,Tabu,0.06872153477076795,0.07606311832272608,3.002865221010998e-11,1.0,9.008595663032994e-11,True,lớn
racetrack_medium,GA,SA,0.14277976048405244,0.14277976048405244,1.0,0.5,1.0,False,không đáng kể
racetrack_medium,GA,Tabu,0.14277976048405244,0.17960196246874638,1.2107913587996517e-12,1.0,3.632374076398955e-12,True,lớn
racetrack_medium,SA,Tabu,0.14277976048405244,0.17960196246874638,1.2107913587996517e-12,1.0,3.632374076398955e-12,True,lớn
