instance,algo,z_mean,z_std,z_best,time_mean,feasible
grid_medium,GA,0.07038095484962748,0.0,0.07038095484962748,10.008779597282409,1.0
grid_medium,SA,0.07038095484962748,0.0,0.07038095484962748,10.00320433775584,1.0
grid_medium,Tabu,0.07735261829960945,0.005879094425501123,0.0705063840291591,10.007281764348347,1.0
racetrack_medium,GA,0.14277976048405236,0.0,0.1427797604840524,10.020071029663086,1.0
racetrack_medium,SA,0.14277976048405236,0.0,0.1427797604840524,10.003539180755615,1.0
racetrack_medium,Tabu,0.17960196246874643,0.010466918610385149,0.15190536464063253,10.009213860829671,1.0
free_medium,GA,0.09471003118318788,0.0,0.09471003118318788,10.038580481211344,1.0
free_medium,SA,0.09471003118318788,0.0,0.09471003118318788,10.003737409909567,1.0
free_medium,Tabu,0.1384867744598421,0.015957772420378342,0.09545089520319539,10.007796255747477,1.0
grid_large,GA,0.07914648550399134,0.00019391351854877945,0.0789932783348265,30.669812631607055,1.0
grid_large,SA,0.08230886696669058,0.002182360227084133,0.07895722627730672,30.028300642967224,1.0
grid_large,Tabu,0.08685514366570404,0.0034957717011627216,0.08076521835247408,30.01272546450297,1.0
racetrack_large,GA,0.06975822307552573,0.0005715785100191654,0.06873217772153017,30.358499503135683,1.0
racetrack_large,SA,0.06872153477076799,0.0003097270240200944,0.06848732790115974,30.01546392440796,1.0
racetrack_large,Tabu,0.07606311832272612,0.004374510622339949,0.07061878683235312,30.015241726239523,1.0
free_large,GA,0.09693140679167307,0.00033391289558595925,0.09650105234789508,30.49258790810903,1.0
free_large,SA,0.09694070968123562,0.0006679711838094264,0.09639537698295408,30.01624148686727,1.0
free_large,Tabu,0.10349618404738276,0.003921979930298355,0.09911920301410626,30.01403234799703,1.0
