instance,comparison,median_GA,median_other,statistic,p_value,winner
grid_medium,GA vs SA,0.07038095484962748,0.07038095484962748,0.0,1.0,không khác biệt
grid_medium,GA vs Tabu,0.07038095484962748,0.0751539852574043,-6.6529914385911555,2.871949066320324e-11,GA
racetrack_medium,GA vs SA,0.1427797604840524,0.1427797604840524,0.0,1.0,không khác biệt
racetrack_medium,GA vs Tabu,0.1427797604840524,0.18000594014904592,-6.6529914385911555,2.871949066320324e-11,GA
free_medium,GA vs SA,0.09471003118318788,0.09471003118318788,0.0,1.0,không khác biệt
free_medium,GA vs Tabu,0.09471003118318788,0.14518040275559851,-6.6529914385911555,2.871949066320324e-11,GA
grid_large,GA vs SA,0.07904112402689356,0.08354107792482807,-5.144980045843827,2.6754924802374303e-07,GA
grid_large,GA vs Tabu,0.07904112402689356,0.08726140436904556,-6.6529914385911555,2.871949066320324e-11,GA
racetrack_large,GA vs SA,0.06964196846873916,0.06865057555358467,6.150320974342046,7.732629697868795e-10,SA
racetrack_large,GA vs Tabu,0.06964196846873916,0.07438006921857665,-6.623422587752973,3.5097576968084746e-11,GA
free_large,GA vs SA,0.09683990717896862,0.09665705120772727,2.2472326637019013,0.024625161703711002,SA
free_large,GA vs Tabu,0.09683990717896862,0.1026862254176567,-6.6529914385911555,2.871949066320324e-11,GA
