R,z,z_mean,moved,feasible,improvement_share_pct,distance_change_pct,impulse_change_pct
-1,0.11601059665404478,0.11601059665404478,40.0,1.0,100.0,-2.7707881042710714,1.3957912054014976
0,1.299099538033973,1.299099538033973,0.0,1.0,0.0,0.0,0.0
2,1.0758383996181908,1.1024409245432956,2.0,1.0,18.871035862728576,6.6872112713340925,40.15684443225829
4,0.8479220525821134,0.9194599404432108,4.0,1.0,38.13555090166056,9.694233555324416,35.95254824005212
6,0.733177210498754,0.7631596282001366,6.0,1.0,47.83430118746102,7.564816932897678,19.42047674538163
8,0.6211292316606178,0.6846144494649908,8.0,1.0,57.30510045868453,7.475042189813164,27.181727045275373
10,0.5356841029739212,0.5743787258063252,10.0,1.0,64.52730714984295,7.931972612948579,38.96305308976247
15,0.3435891168724705,0.3799250083238423,15.0,1.0,80.76403960356663,3.2655562797001103,22.23112383041437
20,0.24699483608990436,0.26534738420213644,20.0,1.0,88.92862278950199,1.4658891943723829,2.4008636940055617
30,0.16924356698271792,0.1730000688769498,30.0,1.0,95.50050985460287,-0.5446909892917629,10.01345237687219
