instance,plan,distance_m,trip_time_min,exposed_slots,impulse_revenue,impulse_items,basket_value,congestion_cells
grid_small,Hiện trạng,0.0,0.0,0.0,0.0,0.0,0.0,0.0
grid_small,Tiện lợi (min Z1),0.3609066569776623,-7.843519056450531,-15.349930264993024,-30.676119400811093,-33.417833417833435,-7.184576530026278,2.2939068100358493
grid_small,Cân bằng (điểm gối),1.187821934977158,-3.734023983933883,-12.396094839609473,-17.90813103773408,-19.316719316719325,-4.194218188723618,5.949820788530464
grid_small,Giá trị (max Z2),12.002084606392906,2.32902438783917,-8.369944211994412,-0.7424558820887388,-0.05286671953340057,-0.17388871895230715,22.93906810035842
racetrack_small,Hiện trạng,0.0,0.0,0.0,0.0,0.0,0.0,0.0
racetrack_small,Tiện lợi (min Z1),-3.5519096274351023,-8.525623088325098,-15.7000886670652,-25.872548634958537,-29.2473769605192,-5.779500189296882,-6.148686416992729
racetrack_small,Cân bằng (điểm gối),-1.795886008412639,-7.302388122316391,-15.883173451770054,-21.684088041613073,-26.273228772309345,-4.843867247461607,5.366126327557299
racetrack_small,Giá trị (max Z2),6.936389796267594,1.2516938098040085,-7.08774829787318,11.381953492982234,2.321254732287727,2.542540485492638,10.955841252096151
free_small,Hiện trạng,0.0,0.0,0.0,0.0,0.0,0.0,0.0
free_small,Tiện lợi (min Z1),2.8557685929544383,-10.236673738589884,-20.586623055094083,-34.43502857184468,-39.023035022860036,-7.647232569338944,-2.525773195876299
free_small,Cân bằng (điểm gối),2.6929489580793,-10.113902268682939,-20.07026548329335,-36.36499348251932,-37.35698816529216,-8.075833651861661,-1.4432989690721707
free_small,Giá trị (max Z2),6.52082864010518,-5.999574536063592,-11.220887012844297,-22.95973726178425,-25.557281298536527,-5.098832725097297,8.402061855670087
grid_medium,Hiện trạng,0.0,0.0,0.0,0.0,0.0,0.0,0.0
grid_medium,Tiện lợi (min Z1),-4.509126708921772,-10.08286695581722,-15.98950737384283,-21.33278476026417,-26.329294987104753,-4.542172278320787,9.708737864077671
grid_medium,Cân bằng (điểm gối),-4.020156852191124,-4.914306658069201,-13.509142344831481,-2.1190984603211716,-7.749290219110964,-0.4511980217149952,11.696717521960247
grid_medium,Giá trị (max Z2),3.137820147881327,-6.304472323948835,-13.383334646201714,-6.9823867029989515,-15.997485966927465,-1.486688384816589,19.7411003236246
racetrack_medium,Hiện trạng,0.0,0.0,0.0,0.0,0.0,0.0,0.0
racetrack_medium,Tiện lợi (min Z1),-8.750744435152688,-10.831781553189984,-14.317523546366875,-24.948111249481105,-20.989828967554963,-5.433339077062845,-12.192393736017902
racetrack_medium,Cân bằng (điểm gối),-6.462734665673407,-10.743461079115729,-15.475468297438114,-22.02175176421751,-20.045719380908903,-4.7960201559702815,-11.260253542132746
racetrack_medium,Giá trị (max Z2),3.9408892550253505,0.32343471825549397,-6.883498958559788,17.089082606890855,6.737707999143264,3.721755903309346,10.216256524981349
free_medium,Hiện trạng,0.0,0.0,0.0,0.0,0.0,0.0,0.0
free_medium,Tiện lợi (min Z1),-2.9054997794257256,-17.37475368902471,-28.50011354505118,-44.41228649609518,-47.019709653491574,-9.242632194369044,9.697217675941069
free_medium,Cân bằng (điểm gối),-2.4004843573476524,-12.565673992931437,-24.440048212975576,-22.1464866134294,-31.044028822719092,-4.608900966705301,11.947626841243864
free_medium,Giá trị (max Z2),11.745444199943574,13.573690686889837,1.2718792579394318,67.80555939144512,38.02276500300234,14.111001608612836,39.811783960720135
grid_large,Hiện trạng,0.0,0.0,0.0,0.0,0.0,0.0,0.0
grid_large,Tiện lợi (min Z1),-14.477582364829358,-13.06825804793145,-16.717148459197567,-27.966127701022135,-23.06582150768759,-5.587857236479901,-21.383125864453664
grid_large,Cân bằng (điểm gối),-11.867510637679779,-9.401254520446091,-12.981047436532473,-0.9678824512621553,-8.831618888864535,-0.19339069810333379,-13.222683264177043
grid_large,Giá trị (max Z2),9.083951291687546,3.1000287431873876,-5.287849080012829,20.387344277374098,11.563178558112018,4.07355535492201,15.408022130013828
racetrack_large,Hiện trạng,0.0,0.0,0.0,0.0,0.0,0.0,0.0
racetrack_large,Tiện lợi (min Z1),-22.656334284815248,-9.969776763723008,-6.544689258047816,-13.92645565187106,-8.72615858025835,-2.8386748060133646,-20.576517459573463
racetrack_large,Cân bằng (điểm gối),-19.294676571068948,-5.235155739289929,-6.0831133844576835,11.935068463652092,7.315347817244529,2.4327638706307737,-17.553316147175995
racetrack_large,Giá trị (max Z2),-0.9887030252629835,3.4003275796744834,4.478282566403759,23.483652643800518,17.366987647116076,4.786749391196946,-15.79564096554956
free_large,Hiện trạng,0.0,0.0,0.0,0.0,0.0,0.0,0.0
free_large,Tiện lợi (min Z1),-14.363908964178883,-10.199622131326489,-7.307979999549209,-19.154854243346247,-16.052424295466484,-3.8407556601193917,-14.406041243101944
free_large,Cân bằng (điểm gối),-7.80403998033555,3.6978069911278677,-2.514864314480308,50.75298742812157,27.597584456502695,10.176523467947474,6.970665117629974
free_large,Giá trị (max Z2),8.59763516668306,9.717278746668754,4.185569755477222,48.687856812955005,29.81008226851042,9.762442421006481,17.978507115887314
case_minimart_n30,Hiện trạng,0.0,0.0,0.0,0.0,0.0,0.0,0.0
case_minimart_n30,Tiện lợi (min Z1),-2.918226415191149,-11.010027610610472,-14.435527985764397,-32.75697535550245,-31.948375209825354,-6.918278993534904,-10.11984021304926
case_minimart_n30,Cân bằng (điểm gối),-2.4857088976864676,-1.5831529109101505,-3.2518167449724453,5.690046864976782,4.713375231970539,1.2017389051026932,-13.004882379050155
case_minimart_n30,Giá trị (max Z2),6.363292906019974,6.082402933544247,4.431106392823406,22.10240637042472,20.843464742695463,4.6680321378755165,7.101642254771429
