group_id,name,value_v_assumed,amazon_categories,n_purchases,price_median,price_q25,price_q75,price_index
G01,Rau củ,0.35,VEGETABLE,12073,2.19,1.29,3.32,0.29278074866310155
G02,Trái cây,0.45,FRUIT,8323,3.29,1.29,4.99,0.43983957219251335
G03,Thịt tươi,0.8,MEAT,4963,5.97,4.29,8.99,0.7981283422459893
G04,Hải sản tươi,0.85,FISH;SHELLFISH,2545,8.27,3.99,13.07,1.105614973262032
G05,Xúc xích - thịt nguội,0.55,JERKY,2171,11.44,4.574999999999999,18.99,1.5294117647058822
G06,Sữa tươi,0.4,DAIRY_BASED_DRINK;MILK_SUBSTITUTE,3724,3.99,2.99,6.29,0.5334224598930482
G07,Sữa chua - váng sữa,0.4,DAIRY_BASED_YOGURT,1899,1.99,1.3450000000000002,3.99,0.2660427807486631
G08,Phô mai - bơ - kem sữa,0.6,DAIRY_BASED_CHEESE;DAIRY_BASED_BUTTER;DAIRY_BASED_CREAM;NON_DAIRY_CREAM,8248,3.99,2.89,5.3825,0.5334224598930482
G09,Trứng,0.3,EGG,1038,3.39,2.99,4.39,0.4532085561497326
G10,Đậu hũ - đồ chay,0.35,,0,,,,
G11,Món đông lạnh,0.55,,0,,,,
G12,Thịt cá - rau đông lạnh,0.6,,0,,,,
G13,Kem,0.5,DAIRY_BASED_ICE_CREAM,1553,4.5,3.89,5.69,0.6016042780748663
G14,Món chế biến sẵn (deli),0.6,,0,,,,
G15,Bánh mì,0.3,BREAD,4420,3.39,2.68,4.5225,0.4532085561497326
G16,Bánh ngọt,0.45,CAKE;PASTRY,2358,3.99,2.75,7.7575,0.5334224598930482
G17,Ngũ cốc ăn sáng,0.45,BREAKFAST_CEREAL;CEREAL,6264,4.91,3.3675,10.99,0.6564171122994652
G18,Gạo - ngũ cốc khô,0.5,RICE_MIX,768,2.705,1.35,12.99,0.36163101604278075
G19,Mì - nui - sốt,0.35,NOODLE;SAUCE,9005,4.31,2.08,10.99,0.5762032085561496
G20,Đồ hộp - súp,0.4,PACKAGED_SOUP_AND_STEW,4076,3.29,1.79,9.98,0.43983957219251335
G21,Dầu ăn - giấm,0.45,EDIBLE_OIL_VEGETABLE;VINEGAR,2617,8.99,5.29,15.95,1.2018716577540107
G22,Gia vị - nước chấm,0.35,HERB;SEASONING;CONDIMENT,7299,5.98,2.99,10.05,0.7994652406417112
G23,Nguyên liệu làm bánh,0.4,FLOUR;SUGAR;SUGAR_SUBSTITUTE;SYRUP,5512,11.6,6.99,15.11,1.550802139037433
G24,Mứt - bơ đậu phộng,0.4,NUT_BUTTER;HONEY,2166,8.99,4.49,13.82,1.2018716577540107
G25,Thực phẩm quốc tế,0.45,,0,,,,
G26,Snack - bánh giòn,0.5,SNACK_CHIP_AND_CRISP;SNACK_FOOD_BAR;CRACKER;POPCORN;PRETZEL,19145,6.99,3.29,15.18,0.9344919786096256
G27,Bánh quy,0.45,COOKIE,5047,4.99,2.99,12.87,0.6671122994652406
G28,Kẹo - sô-cô-la,0.45,SUGAR_CANDY;CHOCOLATE_CANDY,9841,10.69,5.98,15.0,1.4291443850267378
G29,Hạt - trái cây sấy,0.55,NUT_AND_SEED;FRUIT_SNACK,7982,7.97,4.99,12.95,1.0655080213903743
G30,Nước suối - nước ngọt,0.35,WATER,4813,9.47,3.99,15.93,1.2660427807486632
G31,Nước ép - đồ uống pha,0.4,JUICE_AND_JUICE_DRINK;DRINK_FLAVORED;FLAVORED_DRINK_CONCENTRATE,15918,11.19,3.99,20.04,1.495989304812834
G32,Cà phê - trà,0.6,COFFEE;TEA,17345,14.96,8.13,24.83,2.0
G33,Bia - rượu,0.9,,0,,,,
G34,Sản phẩm cho bé,0.85,BABY_PRODUCT;BABY_BOTTLE,4799,12.99,8.99,19.99,1.7366310160427807
G35,Chăm sóc cá nhân,0.7,SHAMPOO;SKIN_CLEANING_AGENT;TOOTH_CLEANING_AGENT;BODY_DEODORANT;HAIR_CLEANER_CONDITIONER,26062,10.59,6.94,15.95,1.4157754010695187
G36,Dược phẩm - TPCN,0.75,VITAMIN;NUTRITIONAL_SUPPLEMENT;MEDICATION;HERBAL_SUPPLEMENT,62734,15.39,9.99,21.99,2.057486631016043
G37,Giấy - đồ dùng một lần,0.45,TOILET_PAPER;PAPER_TOWEL;FACIAL_TISSUE;FOOD_STORAGE_BAG,10775,17.94,8.59,25.18,2.3983957219251337
G38,Hóa phẩm tẩy rửa,0.55,CLEANING_AGENT;LAUNDRY_DETERGENT;DISHWASHER_DETERGENT,18152,11.97,7.4975000000000005,16.95,1.6002673796791445
G39,Đồ dùng nhà bếp,0.6,FOOD_STORAGE_CONTAINER;KITCHEN;DISHWARE_PLATE;DRINKING_CUP,19310,15.49,10.0,22.99,2.070855614973262
G40,Thức ăn thú cưng,0.65,PET_FOOD,38256,14.49,8.48,22.99,1.9371657754010694
