category,tesco_share,instacart_count,groups,instacart_share
"rau củ, trái cây",0.2867774061562984,9479291.0,G01;G02,0.35556238309731053
thịt,0.07312654115555893,1115998.0,G03;G05,0.04186039951846951
cá,0.0231537508505841,50573.0,G04,0.0018969621673583272
sữa và chế phẩm,0.10787721309909654,4961882.0,G06;G07;G08,0.18611714616289862
trứng,0.012708285985851721,452134.0,G09,0.016959268632993692
món làm sẵn,0.05337705135300562,2258692.0,G11;G14,0.08472214959988363
"ngũ cốc, bánh mì, mì",0.14378898840590265,2393328.0,G15;G17;G18;G19,0.08977226326457538
dầu mỡ,0.032169562822457136,245466.0,G21,0.00920727889136059
"nước sốt, gia vị",0.015592419286940279,646111.0,G22,0.024235226759615924
đồ ngọt,0.15334066765725987,2788575.0,G13;G16;G26;G27;G28,0.10459773546835757
"nước, nước ngọt",0.05985341967569448,1657832.0,G30;G31,0.06218426005647263
"cà phê, trà",0.005896320538092486,456416.0,G32,0.01711988382292959
đồ uống có cồn,0.032338373013257725,153696.0,G33,0.005765042557774019
