n,alpha,optimal,z_ilp,mip_gap,bound,ga_best,ga_vs_ilp_incumbent_pct,ga_gap_to_bound_pct
8,1.0,True,119.08806540652272,0.0,119.08806540652272,119.08806540652272,0.0,0.0
8,0.5,True,0.2729436660274089,0.0,0.2729436660274089,0.2729436660274089,0.0,0.0
10,1.0,True,138.8880250236759,0.0,138.8880250236759,138.8880250236759,0.0,0.0
10,0.5,True,0.2694396697439352,0.0,0.2694396697439352,0.2694396697439352,0.0,0.0
12,1.0,True,158.98044449754158,0.0,158.98044449754158,158.98044449754155,-1.7877487712549142e-14,-1.7877487712549142e-14
12,0.5,True,0.2190002314597308,0.0,0.2190002314597308,0.2190002314597308,0.0,0.0
15,1.0,True,178.69159918562298,0.0,178.69159918562298,178.69159918562298,0.0,0.0
15,0.5,True,0.1018993279786562,0.0,0.1018993279786562,0.1018993279786562,0.0,0.0
20,1.0,False,211.3440005649865,0.080369582272287,194.35837152382453,211.2105162782073,-0.06315972368382132,8.67065546096996
20,0.5,False,0.2136752908795478,0.132016401213183,0.18546664794944984,0.2079089186963885,-2.69866120664832,12.100434765530165
