variant,seed,z,gens,time
GA đầy đủ,0,0.07038095484962748,723,10.008638143539429
GA đầy đủ,1,0.07038095484962748,717,10.00308871269226
GA đầy đủ,2,0.07038095484962748,724,10.00376033782959
GA đầy đủ,3,0.07038095484962748,691,10.002009391784668
GA đầy đủ,4,0.07038095484962748,721,10.030526638031006
GA đầy đủ,5,0.07038095484962748,730,10.01673436164856
GA đầy đủ,6,0.07038095484962748,711,10.014726161956787
GA đầy đủ,7,0.07038095484962748,688,10.000933647155762
GA đầy đủ,8,0.07038095484962748,718,10.002761602401733
GA đầy đủ,9,0.07038095484962748,720,10.011220693588257
GA đầy đủ,10,0.07038095484962748,717,10.00831389427185
GA đầy đủ,11,0.07038095484962748,703,10.002279043197632
GA đầy đủ,12,0.07038095484962748,715,10.004043579101562
GA đầy đủ,13,0.07038095484962748,708,10.010049819946289
GA đầy đủ,14,0.07038095484962748,682,10.010033369064331
GA đầy đủ,15,0.07038095484962748,704,10.002256155014038
GA đầy đủ,16,0.07038095484962748,668,10.004262685775757
GA đầy đủ,17,0.07038095484962748,699,10.012043237686157
GA đầy đủ,18,0.07038095484962748,724,10.006220817565918
GA đầy đủ,19,0.07038095484962748,709,10.00721549987793
GA đầy đủ,20,0.07038095484962748,701,10.055754661560059
GA đầy đủ,21,0.07038095484962748,717,10.000534772872925
GA đầy đủ,22,0.07038095484962748,709,10.004271268844604
GA đầy đủ,23,0.07038095484962748,680,10.002222537994385
GA đầy đủ,24,0.07038095484962748,706,10.029903650283813
GA đầy đủ,25,0.07038095484962748,719,10.00446891784668
GA đầy đủ,26,0.07038095484962748,704,10.002200603485107
GA đầy đủ,27,0.07038095484962748,722,10.025883674621582
GA đầy đủ,28,0.07038095484962748,685,10.054075241088867
GA đầy đủ,29,0.07038095484962748,709,10.000667095184326
GA không tìm kiếm cục bộ,0,0.07296356637448076,1045,10.0033278465271
GA không tìm kiếm cục bộ,1,0.07516052536900342,1046,10.001566171646118
GA không tìm kiếm cục bộ,2,0.07474444926917279,1056,10.005539417266846
GA không tìm kiếm cục bộ,3,0.07305704865927776,1049,10.005276203155518
GA không tìm kiếm cục bộ,4,0.0759728011524039,1038,10.001491069793701
GA không tìm kiếm cục bộ,5,0.07296356637448076,1012,10.00574779510498
GA không tìm kiếm cục bộ,6,0.0730154925169132,1093,10.003668069839478
GA không tìm kiếm cục bộ,7,0.07110932637665224,1052,10.001723051071167
GA không tìm kiếm cục bộ,8,0.07082384131848984,1088,10.004990577697754
GA không tìm kiếm cục bộ,9,0.07088281186523893,1009,10.007321119308472
GA không tìm kiếm cục bộ,10,0.0730154925169132,1150,10.004562854766846
GA không tìm kiếm cục bộ,11,0.07331168859605763,1076,10.00054669380188
GA không tìm kiếm cục bộ,12,0.08076293722875882,1023,10.008579015731812
GA không tìm kiếm cục bộ,13,0.07220083056140769,1032,10.009540796279907
GA không tìm kiếm cục bộ,14,0.07135757640192897,1031,10.005528450012207
GA không tìm kiếm cục bộ,15,0.07252569568547207,999,10.005517482757568
GA không tìm kiếm cục bộ,16,0.07220083056140769,1029,10.0035080909729
GA không tìm kiếm cục bộ,17,0.08036812126359472,1109,10.007514715194702
GA không tìm kiếm cục bộ,18,0.07268590440774125,1026,10.001214265823364
GA không tìm kiếm cục bộ,19,0.07345091344870913,1043,10.007636070251465
GA không tìm kiếm cục bộ,20,0.08156142326767979,973,10.002508640289307
GA không tìm kiếm cục bộ,21,0.08448459319774626,1072,10.002245664596558
GA không tìm kiếm cục bộ,22,0.07811037075774774,1025,10.00450587272644
GA không tìm kiếm cục bộ,23,0.07680166982445558,1004,10.002573251724243
GA không tìm kiếm cục bộ,24,0.07220083056140769,1080,10.002569913864136
GA không tìm kiếm cục bộ,25,0.07630756788746451,1062,10.006327629089355
GA không tìm kiếm cục bộ,26,0.08559053107577319,1031,10.005331039428711
GA không tìm kiếm cục bộ,27,0.07714845353260724,1060,10.002091407775879
GA không tìm kiếm cục bộ,28,0.07960898077744127,1026,10.003034353256226
GA không tìm kiếm cục bộ,29,0.08842094713432058,1039,10.005053043365479
