layout,spearman_vs_geom,spearman_vs_current
Hiện trạng,0.056235407844953296,1.0
e_k đều (bỏ tiếp xúc),0.2883226808060036,0.3796187824092357
"e_k hình học, p (mô hình gốc)",0.24745675659588062,0.35620203124301153
"e_k mô phỏng, p",0.2665263508319871,0.5055469560015181
"e_k mô phỏng, q (mô hình hiệu chỉnh)",0.29466624564462557,0.478326048477405
hiệu chỉnh + lặp e_k MSA (tốt nhất),0.22785999080921826,0.33126731928568015
hiệu chỉnh + lặp e_k MSA (vòng cuối 2),0.22785999080921826,0.33126731928568015
định tuyến (Cách A),0.03465205170642334,0.9216500805231111
ngẫu nhiên 0,0.3256314645091381,0.303370035811371
ngẫu nhiên 1,0.27911805874716233,0.27583847561997415
ngẫu nhiên 2,0.2161607417500214,0.31428474921443456
ngẫu nhiên 3,0.06689094273023054,0.5784164602330872
ngẫu nhiên 4,0.016887597927385197,0.6289712375846842
ngẫu nhiên 5,0.1237628172410638,0.5117774547041426
ngẫu nhiên 6,0.04621689652921307,0.5154601126117286
ngẫu nhiên 7,0.16725149298169908,0.656196497538535
ngẫu nhiên 8,0.16483727301865578,0.6699343603393216
ngẫu nhiên 9,0.30546339904049513,0.7831330957413958
