R,z,z_mean,moved,feasible,improvement_share_pct
-1,0.07038095484962748,0.07039349776758064,37.1,1.0,99.99999999999999
0,1.5054636663497565,1.5054636663497565,0.0,1.0,0.0
2,1.1439632011606276,1.193870294215038,2.0,1.0,25.190218117201287
4,0.9049442989004162,0.9466506859455643,4.0,1.0,41.8456276169338
6,0.7628346004841342,0.8067757348069456,6.0,1.0,51.74817171961698
8,0.6094192133146736,0.655226272537705,8.0,1.0,62.43852328890677
10,0.5395624482605923,0.5607788528920846,10.0,1.0,67.30630996728284
15,0.36644659211250785,0.3868743876617132,15.0,1.0,79.36943739267856
20,0.22783684249424896,0.2580513783468302,20.0,1.0,89.02809668161713
30,0.11022891705673765,0.1199266849930933,30.0,1.0,97.22329856754693
