factor,value,plan,rep,distance_m,trip_time_min,exposed_slots,impulse_revenue,impulse_items,basket_value,congestion_cells,planned_items
λ (hệ số),×0.5,Hiện trạng,0,46.6088,4.658564415936379,14.6428,0.4666700000000001,0.9116,3.35679,69,6.2044
λ (hệ số),×0.5,Hiện trạng,1,46.398,4.6492185933358465,14.6644,0.47984,0.9378,3.38165,69,6.2222
λ (hệ số),×0.5,Hiện trạng,2,46.6412,4.688766802688714,14.7712,0.47366,0.9292,3.4045400000000003,67,6.2962
λ (hệ số),×0.5,Hiện trạng,3,46.0736,4.582550614336798,14.4408,0.44875,0.8888,3.3047800000000005,70,6.1386
λ (hệ số),×0.5,Hiện trạng,4,46.5552,4.696519078319446,14.7808,0.46986999999999995,0.9298,3.38726,65,6.245
λ (hệ số),×0.5,Hiện trạng,5,46.3316,4.648688491944336,14.6778,0.46405,0.9142,3.33981,77,6.1748
λ (hệ số),×0.5,Hiện trạng,6,46.2616,4.629761299885667,14.609,0.45753999999999995,0.9008,3.33245,68,6.1912
λ (hệ số),×0.5,Hiện trạng,7,46.3132,4.628891304038387,14.6008,0.46171,0.9118,3.3319300000000003,73,6.1564
λ (hệ số),×0.5,Hiện trạng,8,46.4936,4.688659176274649,14.7382,0.47717999999999994,0.9372,3.3893800000000005,71,6.2472
λ (hệ số),×0.5,Hiện trạng,9,46.3248,4.644592795709826,14.5646,0.4794,0.9364,3.3530800000000003,68,6.1628
λ (hệ số),×0.5,Tiện lợi (min Z1),0,44.2728,4.189113985321578,12.2822,0.37173,0.68,3.26185,83,6.2044
λ (hệ số),×0.5,Tiện lợi (min Z1),1,44.3912,4.1876411644397455,12.375,0.37208,0.6778,3.2738899999999997,84,6.2222
λ (hệ số),×0.5,Tiện lợi (min Z1),2,44.5704,4.232728558356107,12.424,0.38087000000000004,0.6984,3.31175,79,6.2962
λ (hệ số),×0.5,Tiện lợi (min Z1),3,44.0736,4.15180145671998,12.232,0.36955,0.6786,3.22558,81,6.1386
λ (hệ số),×0.5,Tiện lợi (min Z1),4,44.4088,4.222275627819484,12.3786,0.37329,0.682,3.2906800000000005,76,6.245
λ (hệ số),×0.5,Tiện lợi (min Z1),5,44.1232,4.1759309038053445,12.2552,0.37023,0.683,3.24599,79,6.1748
λ (hệ số),×0.5,Tiện lợi (min Z1),6,44.2904,4.174253534731894,12.3212,0.36607,0.664,3.24098,80,6.1912
λ (hệ số),×0.5,Tiện lợi (min Z1),7,44.1384,4.168428346841627,12.2422,0.37403000000000003,0.684,3.24425,73,6.1564
λ (hệ số),×0.5,Tiện lợi (min Z1),8,44.5172,4.21240787913289,12.3786,0.38167,0.6926,3.2938699999999996,79,6.2472
λ (hệ số),×0.5,Tiện lợi (min Z1),9,44.1372,4.1637558243016715,12.2634,0.37306,0.6834,3.24674,76,6.1628
λ (hệ số),×0.5,Cân bằng (điểm gối),0,44.5328,4.435901852474963,12.7252,0.46971999999999997,0.866,3.35984,90,6.2044
λ (hệ số),×0.5,Cân bằng (điểm gối),1,44.6196,4.433423883870835,12.7142,0.47081000000000006,0.8706,3.3726199999999995,72,6.2222
λ (hệ số),×0.5,Cân bằng (điểm gối),2,44.7396,4.465455682118613,12.7928,0.47146000000000005,0.8762,3.40234,82,6.2962
λ (hệ số),×0.5,Cân bằng (điểm gối),3,44.3264,4.402093959931274,12.6342,0.46795,0.867,3.32398,75,6.1386
λ (hệ số),×0.5,Cân bằng (điểm gối),4,44.6656,4.457965670792926,12.7296,0.47831999999999997,0.8886,3.39571,78,6.245
λ (hệ số),×0.5,Cân bằng (điểm gối),5,44.4548,4.40939978949174,12.6348,0.45961,0.8444,3.3353699999999997,82,6.1748
λ (hệ số),×0.5,Cân bằng (điểm gối),6,44.434,4.407288734569562,12.6478,0.45323,0.8392,3.3281399999999994,82,6.1912
λ (hệ số),×0.5,Cân bằng (điểm gối),7,44.3784,4.399407150834321,12.6016,0.455,0.8474,3.32522,78,6.1564
λ (hệ số),×0.5,Cân bằng (điểm gối),8,44.7856,4.469720579316286,12.7796,0.47396000000000005,0.8794,3.38616,79,6.2472
λ (hệ số),×0.5,Cân bằng (điểm gối),9,44.4312,4.409169758673109,12.6098,0.46402,0.8572,3.3377,81,6.1628
λ (hệ số),×0.5,Giá trị (max Z2),0,47.87,4.375300018934016,12.7318,0.4496799999999999,0.7966,3.3398,90,6.2044
λ (hệ số),×0.5,Giá trị (max Z2),1,47.9296,4.377296617689985,12.7514,0.4576700000000001,0.8072,3.3594800000000005,91,6.2222
λ (hệ số),×0.5,Giá trị (max Z2),2,48.236,4.395632027723921,12.8022,0.44311000000000006,0.7884,3.3739899999999996,77,6.2962
λ (hệ số),×0.5,Giá trị (max Z2),3,47.6084,4.324156139787963,12.588,0.43244,0.7704,3.2884700000000002,79,6.1386
λ (hệ số),×0.5,Giá trị (max Z2),4,47.9456,4.385702818130333,12.7484,0.44442,0.7852,3.3618099999999997,88,6.245
λ (hệ số),×0.5,Giá trị (max Z2),5,47.6796,4.325027521317649,12.5928,0.42063999999999996,0.7498,3.2964,80,6.1748
λ (hệ số),×0.5,Giá trị (max Z2),6,47.888,4.354832836426104,12.6712,0.42405,0.7532,3.2989600000000006,86,6.1912
λ (hệ số),×0.5,Giá trị (max Z2),7,47.6072,4.313704057109412,12.5644,0.42646999999999996,0.758,3.2966899999999995,83,6.1564
λ (hệ số),×0.5,Giá trị (max Z2),8,47.9628,4.392020028940491,12.7676,0.43928999999999996,0.7796,3.3514899999999996,83,6.2472
λ (hệ số),×0.5,Giá trị (max Z2),9,47.6912,4.330413503419244,12.5758,0.44323,0.7844,3.3169100000000005,81,6.1628
λ (hệ số),×1,Hiện trạng,0,46.6088,4.658564415936379,14.6428,0.77845,1.5354,3.66857,69,6.2044
λ (hệ số),×1,Hiện trạng,1,46.398,4.6492185933358465,14.6644,0.8050799999999999,1.5806,3.70689,69,6.2222
λ (hệ số),×1,Hiện trạng,2,46.6412,4.688766802688714,14.7712,0.79028,1.5612,3.72116,67,6.2962
λ (hệ số),×1,Hiện trạng,3,46.0736,4.582550614336798,14.4408,0.76132,1.505,3.61735,70,6.1386
λ (hệ số),×1,Hiện trạng,4,46.5552,4.696519078319446,14.7808,0.78527,1.5558,3.7026600000000007,65,6.245
λ (hệ số),×1,Hiện trạng,5,46.3316,4.648688491944336,14.6778,0.7794,1.5402,3.6551600000000004,77,6.1748
λ (hệ số),×1,Hiện trạng,6,46.2616,4.629761299885667,14.609,0.77689,1.539,3.6518,68,6.1912
λ (hệ số),×1,Hiện trạng,7,46.3132,4.628891304038387,14.6008,0.78167,1.5512,3.6518900000000003,73,6.1564
λ (hệ số),×1,Hiện trạng,8,46.4936,4.688659176274649,14.7382,0.78841,1.5524,3.7006100000000006,71,6.2472
λ (hệ số),×1,Hiện trạng,9,46.3248,4.644592795709826,14.5646,0.79598,1.5626,3.66966,68,6.1628
λ (hệ số),×1,Tiện lợi (min Z1),0,44.2728,4.189113985321578,12.2822,0.61843,1.1412,3.50855,83,6.2044
λ (hệ số),×1,Tiện lợi (min Z1),1,44.3912,4.1876411644397455,12.375,0.61227,1.1258,3.5140800000000003,84,6.2222
λ (hệ số),×1,Tiện lợi (min Z1),2,44.5704,4.232728558356107,12.424,0.63215,1.1704,3.5630300000000004,79,6.2962
λ (hệ số),×1,Tiện lợi (min Z1),3,44.0736,4.15180145671998,12.232,0.60472,1.1228,3.46075,81,6.1386
λ (hệ số),×1,Tiện lợi (min Z1),4,44.4088,4.222275627819484,12.3786,0.61819,1.1414,3.5355800000000004,76,6.245
λ (hệ số),×1,Tiện lợi (min Z1),5,44.1232,4.1759309038053445,12.2552,0.6124900000000001,1.1358,3.48825,79,6.1748
λ (hệ số),×1,Tiện lợi (min Z1),6,44.2904,4.174253534731894,12.3212,0.61061,1.122,3.4855199999999997,80,6.1912
λ (hệ số),×1,Tiện lợi (min Z1),7,44.1384,4.168428346841627,12.2422,0.6182,1.139,3.4884200000000005,73,6.1564
λ (hệ số),×1,Tiện lợi (min Z1),8,44.5172,4.21240787913289,12.3786,0.62362,1.145,3.5358200000000006,79,6.2472
λ (hệ số),×1,Tiện lợi (min Z1),9,44.1372,4.1637558243016715,12.2634,0.6108600000000001,1.1282,3.4845399999999995,76,6.1628
λ (hệ số),×1,Cân bằng (điểm gối),0,44.5328,4.435901852474963,12.7252,0.77405,1.4388,3.6641700000000004,90,6.2044
λ (hệ số),×1,Cân bằng (điểm gối),1,44.6196,4.433423883870835,12.7142,0.76783,1.4284,3.6696400000000002,72,6.2222
λ (hệ số),×1,Cân bằng (điểm gối),2,44.7396,4.465455682118613,12.7928,0.77727,1.4442,3.70815,82,6.2962
λ (hệ số),×1,Cân bằng (điểm gối),3,44.3264,4.402093959931274,12.6342,0.76411,1.424,3.62014,75,6.1386
λ (hệ số),×1,Cân bằng (điểm gối),4,44.6656,4.457965670792926,12.7296,0.78126,1.452,3.69865,78,6.245
λ (hệ số),×1,Cân bằng (điểm gối),5,44.4548,4.40939978949174,12.6348,0.75455,1.3974,3.6303099999999997,82,6.1748
λ (hệ số),×1,Cân bằng (điểm gối),6,44.434,4.407288734569562,12.6478,0.75213,1.3974,3.62704,82,6.1912
λ (hệ số),×1,Cân bằng (điểm gối),7,44.3784,4.399407150834321,12.6016,0.74854,1.399,3.6187600000000004,78,6.1564
λ (hệ số),×1,Cân bằng (điểm gối),8,44.7856,4.469720579316286,12.7796,0.76948,1.433,3.6816800000000005,79,6.2472
λ (hệ số),×1,Cân bằng (điểm gối),9,44.4312,4.409169758673109,12.6098,0.7616299999999999,1.4134,3.63531,81,6.1628
λ (hệ số),×1,Giá trị (max Z2),0,47.87,4.375300018934016,12.7318,0.7377100000000001,1.3156,3.6278300000000003,90,6.2044
λ (hệ số),×1,Giá trị (max Z2),1,47.9296,4.377296617689985,12.7514,0.75246,1.3312,3.65427,91,6.2222
λ (hệ số),×1,Giá trị (max Z2),2,48.236,4.395632027723921,12.8022,0.73018,1.3028,3.6610600000000004,77,6.2962
λ (hệ số),×1,Giá trị (max Z2),3,47.6084,4.324156139787963,12.588,0.71972,1.284,3.57575,79,6.1386
λ (hệ số),×1,Giá trị (max Z2),4,47.9456,4.385702818130333,12.7484,0.7379899999999999,1.3074,3.6553799999999996,88,6.245
λ (hệ số),×1,Giá trị (max Z2),5,47.6796,4.325027521317649,12.5928,0.69896,1.2502,3.5747199999999997,80,6.1748
λ (hệ số),×1,Giá trị (max Z2),6,47.888,4.354832836426104,12.6712,0.7085799999999999,1.2688,3.5834900000000003,86,6.1912
λ (hệ số),×1,Giá trị (max Z2),7,47.6072,4.313704057109412,12.5644,0.71204,1.2708,3.5822600000000007,83,6.1564
λ (hệ số),×1,Giá trị (max Z2),8,47.9628,4.392020028940491,12.7676,0.7305499999999999,1.304,3.64275,83,6.2472
λ (hệ số),×1,Giá trị (max Z2),9,47.6912,4.330413503419244,12.5758,0.7298100000000001,1.2934,3.6034900000000003,81,6.1628
λ (hệ số),×1.5,Hiện trạng,0,46.6088,4.658564415936379,14.6428,1.00387,1.9892,3.8939899999999996,69,6.2044
λ (hệ số),×1.5,Hiện trạng,1,46.398,4.6492185933358465,14.6644,1.02526,2.024,3.9270699999999996,69,6.2222
λ (hệ số),×1.5,Hiện trạng,2,46.6412,4.688766802688714,14.7712,1.01406,2.013,3.9449399999999994,67,6.2962
λ (hệ số),×1.5,Hiện trạng,3,46.0736,4.582550614336798,14.4408,0.98456,1.9518,3.8405899999999993,70,6.1386
λ (hệ số),×1.5,Hiện trạng,4,46.5552,4.696519078319446,14.7808,1.01401,2.0138,3.9314,65,6.245
λ (hệ số),×1.5,Hiện trạng,5,46.3316,4.648688491944336,14.6778,1.0039699999999998,1.9894,3.8797300000000003,77,6.1748
λ (hệ số),×1.5,Hiện trạng,6,46.2616,4.629761299885667,14.609,0.99369,1.975,3.8686,68,6.1912
λ (hệ số),×1.5,Hiện trạng,7,46.3132,4.628891304038387,14.6008,0.9966700000000001,1.9864,3.86689,73,6.1564
λ (hệ số),×1.5,Hiện trạng,8,46.4936,4.688659176274649,14.7382,1.0250599999999999,2.0252,3.9372599999999998,71,6.2472
λ (hệ số),×1.5,Hiện trạng,9,46.3248,4.644592795709826,14.5646,1.0101200000000001,1.9912,3.8838,68,6.1628
λ (hệ số),×1.5,Tiện lợi (min Z1),0,44.2728,4.189113985321578,12.2822,0.78465,1.4586,3.6747700000000005,83,6.2044
λ (hệ số),×1.5,Tiện lợi (min Z1),1,44.3912,4.1876411644397455,12.375,0.77973,1.444,3.6815399999999996,84,6.2222
λ (hệ số),×1.5,Tiện lợi (min Z1),2,44.5704,4.232728558356107,12.424,0.8063899999999999,1.4976,3.7372699999999996,79,6.2962
λ (hệ số),×1.5,Tiện lợi (min Z1),3,44.0736,4.15180145671998,12.232,0.77583,1.4472,3.6318599999999996,81,6.1386
λ (hệ số),×1.5,Tiện lợi (min Z1),4,44.4088,4.222275627819484,12.3786,0.7861,1.4632,3.7034899999999995,76,6.245
λ (hệ số),×1.5,Tiện lợi (min Z1),5,44.1232,4.1759309038053445,12.2552,0.77805,1.4506,3.6538100000000004,79,6.1748
λ (hệ số),×1.5,Tiện lợi (min Z1),6,44.2904,4.174253534731894,12.3212,0.78698,1.4558,3.661889999999999,80,6.1912
λ (hệ số),×1.5,Tiện lợi (min Z1),7,44.1384,4.168428346841627,12.2422,0.78508,1.454,3.6553,73,6.1564
λ (hệ số),×1.5,Tiện lợi (min Z1),8,44.5172,4.21240787913289,12.3786,0.7915,1.463,3.7037,79,6.2472
λ (hệ số),×1.5,Tiện lợi (min Z1),9,44.1372,4.1637558243016715,12.2634,0.77699,1.4458,3.65067,76,6.1628
λ (hệ số),×1.5,Cân bằng (điểm gối),0,44.5328,4.435901852474963,12.7252,0.973,1.8166,3.86312,90,6.2044
λ (hệ số),×1.5,Cân bằng (điểm gối),1,44.6196,4.433423883870835,12.7142,0.9682100000000002,1.8068,3.87002,72,6.2222
λ (hệ số),×1.5,Cân bằng (điểm gối),2,44.7396,4.465455682118613,12.7928,0.98487,1.8346,3.91575,82,6.2962
λ (hệ số),×1.5,Cân bằng (điểm gối),3,44.3264,4.402093959931274,12.6342,0.9616299999999999,1.8016,3.8176600000000005,75,6.1386
λ (hệ số),×1.5,Cân bằng (điểm gối),4,44.6656,4.457965670792926,12.7296,0.98367,1.8352,3.9010599999999998,78,6.245
λ (hệ số),×1.5,Cân bằng (điểm gối),5,44.4548,4.40939978949174,12.6348,0.94794,1.7648,3.8237,82,6.1748
λ (hệ số),×1.5,Cân bằng (điểm gối),6,44.434,4.407288734569562,12.6478,0.95009,1.7728,3.825,82,6.1912
λ (hệ số),×1.5,Cân bằng (điểm gối),7,44.3784,4.399407150834321,12.6016,0.94705,1.778,3.8172699999999997,78,6.1564
λ (hệ số),×1.5,Cân bằng (điểm gối),8,44.7856,4.469720579316286,12.7796,0.97416,1.8228,3.8863600000000007,79,6.2472
λ (hệ số),×1.5,Cân bằng (điểm gối),9,44.4312,4.409169758673109,12.6098,0.9599799999999999,1.789,3.83366,81,6.1628
λ (hệ số),×1.5,Giá trị (max Z2),0,47.87,4.375300018934016,12.7318,0.9420200000000001,1.684,3.8321400000000003,90,6.2044
λ (hệ số),×1.5,Giá trị (max Z2),1,47.9296,4.377296617689985,12.7514,0.9565400000000002,1.7024,3.85835,91,6.2222
λ (hệ số),×1.5,Giá trị (max Z2),2,48.236,4.395632027723921,12.8022,0.93217,1.6692,3.86305,77,6.2962
λ (hệ số),×1.5,Giá trị (max Z2),3,47.6084,4.324156139787963,12.588,0.91956,1.646,3.7755900000000002,79,6.1386
λ (hệ số),×1.5,Giá trị (max Z2),4,47.9456,4.385702818130333,12.7484,0.93809,1.6706,3.8554800000000005,88,6.245
λ (hệ số),×1.5,Giá trị (max Z2),5,47.6796,4.325027521317649,12.5928,0.8993,1.6132,3.77506,80,6.1748
λ (hệ số),×1.5,Giá trị (max Z2),6,47.888,4.354832836426104,12.6712,0.9152899999999999,1.642,3.7902,86,6.1912
λ (hệ số),×1.5,Giá trị (max Z2),7,47.6072,4.313704057109412,12.5644,0.9084700000000001,1.6288,3.77869,83,6.1564
λ (hệ số),×1.5,Giá trị (max Z2),8,47.9628,4.392020028940491,12.7676,0.93524,1.6738,3.84744,83,6.2472
λ (hệ số),×1.5,Giá trị (max Z2),9,47.6912,4.330413503419244,12.5758,0.9333899999999999,1.6604,3.8070699999999995,81,6.1628
p_i,−50%,Hiện trạng,0,46.6088,4.658564415936379,14.6428,0.39335,0.7728,3.2834700000000003,69,6.2044
p_i,−50%,Hiện trạng,1,46.398,4.6492185933358465,14.6644,0.40498,0.7944,3.3067900000000003,69,6.2222
p_i,−50%,Hiện trạng,2,46.6412,4.688766802688714,14.7712,0.3938,0.7778,3.3246800000000003,67,6.2962
p_i,−50%,Hiện trạng,3,46.0736,4.582550614336798,14.4408,0.37553000000000003,0.7468,3.23156,70,6.1386
p_i,−50%,Hiện trạng,4,46.5552,4.696519078319446,14.7808,0.39764000000000005,0.7896,3.31503,65,6.245
p_i,−50%,Hiện trạng,5,46.3316,4.648688491944336,14.6778,0.38635,0.7658,3.2621100000000003,77,6.1748
p_i,−50%,Hiện trạng,6,46.2616,4.629761299885667,14.609,0.37932,0.7502,3.25423,68,6.1912
p_i,−50%,Hiện trạng,7,46.3132,4.628891304038387,14.6008,0.39265,0.7764,3.2628699999999995,73,6.1564
p_i,−50%,Hiện trạng,8,46.4936,4.688659176274649,14.7382,0.40079,0.791,3.312989999999999,71,6.2472
p_i,−50%,Hiện trạng,9,46.3248,4.644592795709826,14.5646,0.39883,0.7814,3.27251,68,6.1628
p_i,−50%,Tiện lợi (min Z1),0,44.2728,4.189113985321578,12.2822,0.3089,0.5688,3.19902,83,6.2044
p_i,−50%,Tiện lợi (min Z1),1,44.3912,4.1876411644397455,12.375,0.30877,0.5676,3.2105799999999998,84,6.2222
p_i,−50%,Tiện lợi (min Z1),2,44.5704,4.232728558356107,12.424,0.31744,0.587,3.2483200000000005,79,6.2962
p_i,−50%,Tiện lợi (min Z1),3,44.0736,4.15180145671998,12.232,0.30403,0.562,3.16006,81,6.1386
p_i,−50%,Tiện lợi (min Z1),4,44.4088,4.222275627819484,12.3786,0.30905,0.5666,3.22644,76,6.245
p_i,−50%,Tiện lợi (min Z1),5,44.1232,4.1759309038053445,12.2552,0.30878999999999995,0.5738,3.18455,79,6.1748
p_i,−50%,Tiện lợi (min Z1),6,44.2904,4.174253534731894,12.3212,0.30191,0.5532,3.1768199999999998,80,6.1912
p_i,−50%,Tiện lợi (min Z1),7,44.1384,4.168428346841627,12.2422,0.31212,0.5736,3.18234,73,6.1564
p_i,−50%,Tiện lợi (min Z1),8,44.5172,4.21240787913289,12.3786,0.31966999999999995,0.586,3.23187,79,6.2472
p_i,−50%,Tiện lợi (min Z1),9,44.1372,4.1637558243016715,12.2634,0.3095,0.571,3.18318,76,6.1628
p_i,−50%,Cân bằng (điểm gối),0,44.5328,4.435901852474963,12.7252,0.3825,0.71,3.27262,90,6.2044
p_i,−50%,Cân bằng (điểm gối),1,44.6196,4.433423883870835,12.7142,0.38906999999999997,0.7248,3.2908800000000005,72,6.2222
p_i,−50%,Cân bằng (điểm gối),2,44.7396,4.465455682118613,12.7928,0.38947,0.7272,3.32035,82,6.2962
p_i,−50%,Cân bằng (điểm gối),3,44.3264,4.402093959931274,12.6342,0.38091,0.7094,3.23694,75,6.1386
p_i,−50%,Cân bằng (điểm gối),4,44.6656,4.457965670792926,12.7296,0.38672,0.7248,3.3041100000000005,78,6.245
p_i,−50%,Cân bằng (điểm gối),5,44.4548,4.40939978949174,12.6348,0.37516000000000005,0.6922,3.2509200000000003,82,6.1748
p_i,−50%,Cân bằng (điểm gối),6,44.434,4.407288734569562,12.6478,0.37401999999999996,0.696,3.24893,82,6.1912
p_i,−50%,Cân bằng (điểm gối),7,44.3784,4.399407150834321,12.6016,0.37249,0.6966,3.2427099999999998,78,6.1564
p_i,−50%,Cân bằng (điểm gối),8,44.7856,4.469720579316286,12.7796,0.3874,0.7234,3.2996,79,6.2472
p_i,−50%,Cân bằng (điểm gối),9,44.4312,4.409169758673109,12.6098,0.38477999999999996,0.7124,3.2584600000000004,81,6.1628
p_i,−50%,Giá trị (max Z2),0,47.87,4.375300018934016,12.7318,0.37351,0.668,3.2636300000000005,90,6.2044
p_i,−50%,Giá trị (max Z2),1,47.9296,4.377296617689985,12.7514,0.38266,0.6776,3.28447,91,6.2222
p_i,−50%,Giá trị (max Z2),2,48.236,4.395632027723921,12.8022,0.36688000000000004,0.6556,3.29776,77,6.2962
p_i,−50%,Giá trị (max Z2),3,47.6084,4.324156139787963,12.588,0.35838000000000003,0.6408,3.21441,79,6.1386
p_i,−50%,Giá trị (max Z2),4,47.9456,4.385702818130333,12.7484,0.36876000000000003,0.6564,3.28615,88,6.245
p_i,−50%,Giá trị (max Z2),5,47.6796,4.325027521317649,12.5928,0.35551,0.6356,3.23127,80,6.1748
p_i,−50%,Giá trị (max Z2),6,47.888,4.354832836426104,12.6712,0.3479,0.621,3.2228100000000004,86,6.1912
p_i,−50%,Giá trị (max Z2),7,47.6072,4.313704057109412,12.5644,0.35336000000000006,0.6288,3.22358,83,6.1564
p_i,−50%,Giá trị (max Z2),8,47.9628,4.392020028940491,12.7676,0.36661000000000005,0.6526,3.27881,83,6.2472
p_i,−50%,Giá trị (max Z2),9,47.6912,4.330413503419244,12.5758,0.37005,0.6572,3.2437300000000002,81,6.1628
p_i,gốc,Hiện trạng,0,46.6088,4.658564415936379,14.6428,0.77845,1.5354,3.66857,69,6.2044
p_i,gốc,Hiện trạng,1,46.398,4.6492185933358465,14.6644,0.8050799999999999,1.5806,3.70689,69,6.2222
p_i,gốc,Hiện trạng,2,46.6412,4.688766802688714,14.7712,0.79028,1.5612,3.72116,67,6.2962
p_i,gốc,Hiện trạng,3,46.0736,4.582550614336798,14.4408,0.76132,1.505,3.61735,70,6.1386
p_i,gốc,Hiện trạng,4,46.5552,4.696519078319446,14.7808,0.78527,1.5558,3.7026600000000007,65,6.245
p_i,gốc,Hiện trạng,5,46.3316,4.648688491944336,14.6778,0.7794,1.5402,3.6551600000000004,77,6.1748
p_i,gốc,Hiện trạng,6,46.2616,4.629761299885667,14.609,0.77689,1.539,3.6518,68,6.1912
p_i,gốc,Hiện trạng,7,46.3132,4.628891304038387,14.6008,0.78167,1.5512,3.6518900000000003,73,6.1564
p_i,gốc,Hiện trạng,8,46.4936,4.688659176274649,14.7382,0.78841,1.5524,3.7006100000000006,71,6.2472
p_i,gốc,Hiện trạng,9,46.3248,4.644592795709826,14.5646,0.79598,1.5626,3.66966,68,6.1628
p_i,gốc,Tiện lợi (min Z1),0,44.2728,4.189113985321578,12.2822,0.61843,1.1412,3.50855,83,6.2044
p_i,gốc,Tiện lợi (min Z1),1,44.3912,4.1876411644397455,12.375,0.61227,1.1258,3.5140800000000003,84,6.2222
p_i,gốc,Tiện lợi (min Z1),2,44.5704,4.232728558356107,12.424,0.63215,1.1704,3.5630300000000004,79,6.2962
p_i,gốc,Tiện lợi (min Z1),3,44.0736,4.15180145671998,12.232,0.60472,1.1228,3.46075,81,6.1386
p_i,gốc,Tiện lợi (min Z1),4,44.4088,4.222275627819484,12.3786,0.61819,1.1414,3.5355800000000004,76,6.245
p_i,gốc,Tiện lợi (min Z1),5,44.1232,4.1759309038053445,12.2552,0.6124900000000001,1.1358,3.48825,79,6.1748
p_i,gốc,Tiện lợi (min Z1),6,44.2904,4.174253534731894,12.3212,0.61061,1.122,3.4855199999999997,80,6.1912
p_i,gốc,Tiện lợi (min Z1),7,44.1384,4.168428346841627,12.2422,0.6182,1.139,3.4884200000000005,73,6.1564
p_i,gốc,Tiện lợi (min Z1),8,44.5172,4.21240787913289,12.3786,0.62362,1.145,3.5358200000000006,79,6.2472
p_i,gốc,Tiện lợi (min Z1),9,44.1372,4.1637558243016715,12.2634,0.6108600000000001,1.1282,3.4845399999999995,76,6.1628
p_i,gốc,Cân bằng (điểm gối),0,44.5328,4.435901852474963,12.7252,0.77405,1.4388,3.6641700000000004,90,6.2044
p_i,gốc,Cân bằng (điểm gối),1,44.6196,4.433423883870835,12.7142,0.76783,1.4284,3.6696400000000002,72,6.2222
p_i,gốc,Cân bằng (điểm gối),2,44.7396,4.465455682118613,12.7928,0.77727,1.4442,3.70815,82,6.2962
p_i,gốc,Cân bằng (điểm gối),3,44.3264,4.402093959931274,12.6342,0.76411,1.424,3.62014,75,6.1386
p_i,gốc,Cân bằng (điểm gối),4,44.6656,4.457965670792926,12.7296,0.78126,1.452,3.69865,78,6.245
p_i,gốc,Cân bằng (điểm gối),5,44.4548,4.40939978949174,12.6348,0.75455,1.3974,3.6303099999999997,82,6.1748
p_i,gốc,Cân bằng (điểm gối),6,44.434,4.407288734569562,12.6478,0.75213,1.3974,3.62704,82,6.1912
p_i,gốc,Cân bằng (điểm gối),7,44.3784,4.399407150834321,12.6016,0.74854,1.399,3.6187600000000004,78,6.1564
p_i,gốc,Cân bằng (điểm gối),8,44.7856,4.469720579316286,12.7796,0.76948,1.433,3.6816800000000005,79,6.2472
p_i,gốc,Cân bằng (điểm gối),9,44.4312,4.409169758673109,12.6098,0.7616299999999999,1.4134,3.63531,81,6.1628
p_i,gốc,Giá trị (max Z2),0,47.87,4.375300018934016,12.7318,0.7377100000000001,1.3156,3.6278300000000003,90,6.2044
p_i,gốc,Giá trị (max Z2),1,47.9296,4.377296617689985,12.7514,0.75246,1.3312,3.65427,91,6.2222
p_i,gốc,Giá trị (max Z2),2,48.236,4.395632027723921,12.8022,0.73018,1.3028,3.6610600000000004,77,6.2962
p_i,gốc,Giá trị (max Z2),3,47.6084,4.324156139787963,12.588,0.71972,1.284,3.57575,79,6.1386
p_i,gốc,Giá trị (max Z2),4,47.9456,4.385702818130333,12.7484,0.7379899999999999,1.3074,3.6553799999999996,88,6.245
p_i,gốc,Giá trị (max Z2),5,47.6796,4.325027521317649,12.5928,0.69896,1.2502,3.5747199999999997,80,6.1748
p_i,gốc,Giá trị (max Z2),6,47.888,4.354832836426104,12.6712,0.7085799999999999,1.2688,3.5834900000000003,86,6.1912
p_i,gốc,Giá trị (max Z2),7,47.6072,4.313704057109412,12.5644,0.71204,1.2708,3.5822600000000007,83,6.1564
p_i,gốc,Giá trị (max Z2),8,47.9628,4.392020028940491,12.7676,0.7305499999999999,1.304,3.64275,83,6.2472
p_i,gốc,Giá trị (max Z2),9,47.6912,4.330413503419244,12.5758,0.7298100000000001,1.2934,3.6034900000000003,81,6.1628
p_i,+50%,Hiện trạng,0,46.6088,4.658564415936379,14.6428,1.16055,2.2918,4.050669999999999,69,6.2044
p_i,+50%,Hiện trạng,1,46.398,4.6492185933358465,14.6644,1.16913,2.3004,4.07094,69,6.2222
p_i,+50%,Hiện trạng,2,46.6412,4.688766802688714,14.7712,1.1658,2.311,4.09668,67,6.2962
p_i,+50%,Hiện trạng,3,46.0736,4.582550614336798,14.4408,1.12866,2.2306,3.98469,70,6.1386
p_i,+50%,Hiện trạng,4,46.5552,4.696519078319446,14.7808,1.16956,2.3112,4.08695,65,6.245
p_i,+50%,Hiện trạng,5,46.3316,4.648688491944336,14.6778,1.15729,2.2804,4.03305,77,6.1748
p_i,+50%,Hiện trạng,6,46.2616,4.629761299885667,14.609,1.14297,2.2618,4.01788,68,6.1912
p_i,+50%,Hiện trạng,7,46.3132,4.628891304038387,14.6008,1.14901,2.281,4.01923,73,6.1564
p_i,+50%,Hiện trạng,8,46.4936,4.688659176274649,14.7382,1.17671,2.3196,4.08891,71,6.2472
p_i,+50%,Hiện trạng,9,46.3248,4.644592795709826,14.5646,1.16267,2.281,4.03635,68,6.1628
p_i,+50%,Tiện lợi (min Z1),0,44.2728,4.189113985321578,12.2822,0.9125,1.6894,3.8026199999999997,83,6.2044
p_i,+50%,Tiện lợi (min Z1),1,44.3912,4.1876411644397455,12.375,0.90415,1.6652,3.80596,84,6.2222
p_i,+50%,Tiện lợi (min Z1),2,44.5704,4.232728558356107,12.424,0.93711,1.7328,3.8679899999999994,79,6.2962
p_i,+50%,Tiện lợi (min Z1),3,44.0736,4.15180145671998,12.232,0.9013,1.6708,3.7573300000000005,81,6.1386
p_i,+50%,Tiện lợi (min Z1),4,44.4088,4.222275627819484,12.3786,0.9187199999999999,1.701,3.8361100000000006,76,6.245
p_i,+50%,Tiện lợi (min Z1),5,44.1232,4.1759309038053445,12.2552,0.90391,1.6746,3.77967,79,6.1748
p_i,+50%,Tiện lợi (min Z1),6,44.2904,4.174253534731894,12.3212,0.91045,1.6774,3.78536,80,6.1912
p_i,+50%,Tiện lợi (min Z1),7,44.1384,4.168428346841627,12.2422,0.91435,1.6872,3.7845699999999995,73,6.1564
p_i,+50%,Tiện lợi (min Z1),8,44.5172,4.21240787913289,12.3786,0.92775,1.7066,3.83995,79,6.2472
p_i,+50%,Tiện lợi (min Z1),9,44.1372,4.1637558243016715,12.2634,0.9075200000000001,1.68,3.7812,76,6.1628
p_i,+50%,Cân bằng (điểm gối),0,44.5328,4.435901852474963,12.7252,1.1298599999999999,2.0982,4.01998,90,6.2044
p_i,+50%,Cân bằng (điểm gối),1,44.6196,4.433423883870835,12.7142,1.10957,2.0682,4.01138,72,6.2222
p_i,+50%,Cân bằng (điểm gối),2,44.7396,4.465455682118613,12.7928,1.13106,2.099,4.06194,82,6.2962
p_i,+50%,Cân bằng (điểm gối),3,44.3264,4.402093959931274,12.6342,1.11506,2.076,3.9710900000000002,75,6.1386
p_i,+50%,Cân bằng (điểm gối),4,44.6656,4.457965670792926,12.7296,1.13342,2.1076,4.05081,78,6.245
p_i,+50%,Cân bằng (điểm gối),5,44.4548,4.40939978949174,12.6348,1.09476,2.0304,3.9705199999999996,82,6.1748
p_i,+50%,Cân bằng (điểm gối),6,44.434,4.407288734569562,12.6478,1.10081,2.0482,3.97572,82,6.1912
p_i,+50%,Cân bằng (điểm gối),7,44.3784,4.399407150834321,12.6016,1.0994700000000002,2.056,3.96969,78,6.1564
p_i,+50%,Cân bằng (điểm gối),8,44.7856,4.469720579316286,12.7796,1.1245,2.0992,4.0367,79,6.2472
p_i,+50%,Cân bằng (điểm gối),9,44.4312,4.409169758673109,12.6098,1.10812,2.0594,3.9818,81,6.1628
p_i,+50%,Giá trị (max Z2),0,47.87,4.375300018934016,12.7318,1.08925,1.939,3.9793700000000003,90,6.2044
p_i,+50%,Giá trị (max Z2),1,47.9296,4.377296617689985,12.7514,1.0956400000000002,1.9444,3.99745,91,6.2222
p_i,+50%,Giá trị (max Z2),2,48.236,4.395632027723921,12.8022,1.0816,1.9304,4.01248,77,6.2962
p_i,+50%,Giá trị (max Z2),3,47.6084,4.324156139787963,12.588,1.07192,1.9088,3.92795,79,6.1386
p_i,+50%,Giá trị (max Z2),4,47.9456,4.385702818130333,12.7484,1.08449,1.9238,4.00188,88,6.245
p_i,+50%,Giá trị (max Z2),5,47.6796,4.325027521317649,12.5928,1.0382099999999999,1.8542,3.9139699999999995,80,6.1748
p_i,+50%,Giá trị (max Z2),6,47.888,4.354832836426104,12.6712,1.0665,1.9042,3.94141,86,6.1912
p_i,+50%,Giá trị (max Z2),7,47.6072,4.313704057109412,12.5644,1.05101,1.8764,3.9212300000000004,83,6.1564
p_i,+50%,Giá trị (max Z2),8,47.9628,4.392020028940491,12.7676,1.0814300000000001,1.925,3.9936300000000005,83,6.2472
p_i,+50%,Giá trị (max Z2),9,47.6912,4.330413503419244,12.5758,1.07381,1.906,3.947490000000001,81,6.1628
chiến lược đi,tsp,Hiện trạng,0,46.6088,4.658564415936379,14.6428,0.77845,1.5354,3.66857,69,6.2044
chiến lược đi,tsp,Hiện trạng,1,46.398,4.6492185933358465,14.6644,0.8050799999999999,1.5806,3.70689,69,6.2222
chiến lược đi,tsp,Hiện trạng,2,46.6412,4.688766802688714,14.7712,0.79028,1.5612,3.72116,67,6.2962
chiến lược đi,tsp,Hiện trạng,3,46.0736,4.582550614336798,14.4408,0.76132,1.505,3.61735,70,6.1386
chiến lược đi,tsp,Hiện trạng,4,46.5552,4.696519078319446,14.7808,0.78527,1.5558,3.7026600000000007,65,6.245
chiến lược đi,tsp,Hiện trạng,5,46.3316,4.648688491944336,14.6778,0.7794,1.5402,3.6551600000000004,77,6.1748
chiến lược đi,tsp,Hiện trạng,6,46.2616,4.629761299885667,14.609,0.77689,1.539,3.6518,68,6.1912
chiến lược đi,tsp,Hiện trạng,7,46.3132,4.628891304038387,14.6008,0.78167,1.5512,3.6518900000000003,73,6.1564
chiến lược đi,tsp,Hiện trạng,8,46.4936,4.688659176274649,14.7382,0.78841,1.5524,3.7006100000000006,71,6.2472
chiến lược đi,tsp,Hiện trạng,9,46.3248,4.644592795709826,14.5646,0.79598,1.5626,3.66966,68,6.1628
chiến lược đi,tsp,Tiện lợi (min Z1),0,44.2728,4.189113985321578,12.2822,0.61843,1.1412,3.50855,83,6.2044
chiến lược đi,tsp,Tiện lợi (min Z1),1,44.3912,4.1876411644397455,12.375,0.61227,1.1258,3.5140800000000003,84,6.2222
chiến lược đi,tsp,Tiện lợi (min Z1),2,44.5704,4.232728558356107,12.424,0.63215,1.1704,3.5630300000000004,79,6.2962
chiến lược đi,tsp,Tiện lợi (min Z1),3,44.0736,4.15180145671998,12.232,0.60472,1.1228,3.46075,81,6.1386
chiến lược đi,tsp,Tiện lợi (min Z1),4,44.4088,4.222275627819484,12.3786,0.61819,1.1414,3.5355800000000004,76,6.245
chiến lược đi,tsp,Tiện lợi (min Z1),5,44.1232,4.1759309038053445,12.2552,0.6124900000000001,1.1358,3.48825,79,6.1748
chiến lược đi,tsp,Tiện lợi (min Z1),6,44.2904,4.174253534731894,12.3212,0.61061,1.122,3.4855199999999997,80,6.1912
chiến lược đi,tsp,Tiện lợi (min Z1),7,44.1384,4.168428346841627,12.2422,0.6182,1.139,3.4884200000000005,73,6.1564
chiến lược đi,tsp,Tiện lợi (min Z1),8,44.5172,4.21240787913289,12.3786,0.62362,1.145,3.5358200000000006,79,6.2472
chiến lược đi,tsp,Tiện lợi (min Z1),9,44.1372,4.1637558243016715,12.2634,0.6108600000000001,1.1282,3.4845399999999995,76,6.1628
chiến lược đi,tsp,Cân bằng (điểm gối),0,44.5328,4.435901852474963,12.7252,0.77405,1.4388,3.6641700000000004,90,6.2044
chiến lược đi,tsp,Cân bằng (điểm gối),1,44.6196,4.433423883870835,12.7142,0.76783,1.4284,3.6696400000000002,72,6.2222
chiến lược đi,tsp,Cân bằng (điểm gối),2,44.7396,4.465455682118613,12.7928,0.77727,1.4442,3.70815,82,6.2962
chiến lược đi,tsp,Cân bằng (điểm gối),3,44.3264,4.402093959931274,12.6342,0.76411,1.424,3.62014,75,6.1386
chiến lược đi,tsp,Cân bằng (điểm gối),4,44.6656,4.457965670792926,12.7296,0.78126,1.452,3.69865,78,6.245
chiến lược đi,tsp,Cân bằng (điểm gối),5,44.4548,4.40939978949174,12.6348,0.75455,1.3974,3.6303099999999997,82,6.1748
chiến lược đi,tsp,Cân bằng (điểm gối),6,44.434,4.407288734569562,12.6478,0.75213,1.3974,3.62704,82,6.1912
chiến lược đi,tsp,Cân bằng (điểm gối),7,44.3784,4.399407150834321,12.6016,0.74854,1.399,3.6187600000000004,78,6.1564
chiến lược đi,tsp,Cân bằng (điểm gối),8,44.7856,4.469720579316286,12.7796,0.76948,1.433,3.6816800000000005,79,6.2472
chiến lược đi,tsp,Cân bằng (điểm gối),9,44.4312,4.409169758673109,12.6098,0.7616299999999999,1.4134,3.63531,81,6.1628
chiến lược đi,tsp,Giá trị (max Z2),0,47.87,4.375300018934016,12.7318,0.7377100000000001,1.3156,3.6278300000000003,90,6.2044
chiến lược đi,tsp,Giá trị (max Z2),1,47.9296,4.377296617689985,12.7514,0.75246,1.3312,3.65427,91,6.2222
chiến lược đi,tsp,Giá trị (max Z2),2,48.236,4.395632027723921,12.8022,0.73018,1.3028,3.6610600000000004,77,6.2962
chiến lược đi,tsp,Giá trị (max Z2),3,47.6084,4.324156139787963,12.588,0.71972,1.284,3.57575,79,6.1386
chiến lược đi,tsp,Giá trị (max Z2),4,47.9456,4.385702818130333,12.7484,0.7379899999999999,1.3074,3.6553799999999996,88,6.245
chiến lược đi,tsp,Giá trị (max Z2),5,47.6796,4.325027521317649,12.5928,0.69896,1.2502,3.5747199999999997,80,6.1748
chiến lược đi,tsp,Giá trị (max Z2),6,47.888,4.354832836426104,12.6712,0.7085799999999999,1.2688,3.5834900000000003,86,6.1912
chiến lược đi,tsp,Giá trị (max Z2),7,47.6072,4.313704057109412,12.5644,0.71204,1.2708,3.5822600000000007,83,6.1564
chiến lược đi,tsp,Giá trị (max Z2),8,47.9628,4.392020028940491,12.7676,0.7305499999999999,1.304,3.64275,83,6.2472
chiến lược đi,tsp,Giá trị (max Z2),9,47.6912,4.330413503419244,12.5758,0.7298100000000001,1.2934,3.6034900000000003,81,6.1628
chiến lược đi,chữ S,Hiện trạng,0,48.384,4.849363316553836,15.4344,0.8532200000000001,1.6946,3.7433400000000008,71,6.2044
chiến lược đi,chữ S,Hiện trạng,1,48.228,4.8557728918049845,15.4552,0.85382,1.6846,3.7556300000000005,81,6.2222
chiến lược đi,chữ S,Hiện trạng,2,48.5324,4.882115432799258,15.5632,0.8643799999999999,1.7008,3.7952600000000007,82,6.2962
chiến lược đi,chữ S,Hiện trạng,3,47.8212,4.772694925155832,15.1736,0.8203299999999999,1.6288,3.67636,87,6.1386
chiến lược đi,chữ S,Hiện trạng,4,48.3488,4.894936986089231,15.5688,0.8740700000000001,1.7262,3.79146,74,6.245
chiến lược đi,chữ S,Hiện trạng,5,48.0532,4.838116898153882,15.4142,0.83854,1.6566,3.7143,80,6.1748
chiến lược đi,chữ S,Hiện trạng,6,47.89,4.822930624613607,15.3096,0.8439,1.6692,3.7188100000000004,70,6.1912
chiến lược đi,chữ S,Hiện trạng,7,47.9508,4.807391271004766,15.2982,0.83629,1.6584,3.7065099999999997,79,6.1564
chiến lược đi,chữ S,Hiện trạng,8,48.2608,4.882092935929988,15.486,0.8627600000000001,1.7024,3.7749599999999996,87,6.2472
chiến lược đi,chữ S,Hiện trạng,9,48.088,4.830249352770961,15.371,0.8466299999999999,1.6788,3.72031,85,6.1628
chiến lược đi,chữ S,Tiện lợi (min Z1),0,49.3848,4.765047300984785,14.9064,0.79294,1.4512,3.68306,73,6.2044
chiến lược đi,chữ S,Tiện lợi (min Z1),1,49.4872,4.756915573054695,14.8848,0.79542,1.4572,3.6972300000000002,75,6.2222
chiến lược đi,chữ S,Tiện lợi (min Z1),2,49.764,4.798141237615627,15.0592,0.7975300000000001,1.4584,3.7284100000000007,74,6.2962
chiến lược đi,chữ S,Tiện lợi (min Z1),3,49.1392,4.703472955019057,14.7928,0.78674,1.4398,3.6427699999999996,72,6.1386
chiến lược đi,chữ S,Tiện lợi (min Z1),4,49.6204,4.800126561503784,14.9782,0.793,1.455,3.7103900000000007,78,6.245
chiến lược đi,chữ S,Tiện lợi (min Z1),5,49.4616,4.767059949047881,14.9018,0.77995,1.442,3.65571,70,6.1748
chiến lược đi,chữ S,Tiện lợi (min Z1),6,49.312,4.7478952970775765,14.9064,0.79098,1.445,3.66589,79,6.1912
chiến lược đi,chữ S,Tiện lợi (min Z1),7,49.2468,4.734193416542806,14.82,0.7784,1.4172,3.6486199999999998,75,6.1564
chiến lược đi,chữ S,Tiện lợi (min Z1),8,49.7592,4.80637201098536,15.0284,0.8153500000000001,1.4878,3.72755,78,6.2472
chiến lược đi,chữ S,Tiện lợi (min Z1),9,49.358,4.733204716244724,14.8066,0.8001699999999999,1.4644,3.67385,77,6.1628
chiến lược đi,chữ S,Cân bằng (điểm gối),0,50.968,5.610197947752697,16.137,1.33992,2.43,4.23004,77,6.2044
chiến lược đi,chữ S,Cân bằng (điểm gối),1,51.142,5.61196284679344,16.1404,1.36687,2.478,4.268680000000001,79,6.2222
chiến lược đi,chữ S,Cân bằng (điểm gối),2,51.214,5.6489346645306036,16.216,1.34847,2.442,4.27935,79,6.2962
chiến lược đi,chữ S,Cân bằng (điểm gối),3,50.5864,5.554119112027873,15.9478,1.33733,2.4216,4.19336,76,6.1386
chiến lược đi,chữ S,Cân bằng (điểm gối),4,51.0768,5.6272760844973515,16.156,1.32552,2.4102,4.24291,76,6.245
chiến lược đi,chữ S,Cân bằng (điểm gối),5,50.96,5.590775602573818,16.0468,1.35531,2.4502,4.23107,78,6.1748
chiến lược đi,chữ S,Cân bằng (điểm gối),6,50.9588,5.605481213276843,16.0882,1.3182,2.3946,4.19311,73,6.1912
chiến lược đi,chữ S,Cân bằng (điểm gối),7,50.768,5.575380427827483,15.988,1.3299299999999998,2.409,4.20015,82,6.1564
chiến lược đi,chữ S,Cân bằng (điểm gối),8,51.204,5.6279835041743445,16.1654,1.3426200000000001,2.4358,4.25482,83,6.2472
chiến lược đi,chữ S,Cân bằng (điểm gối),9,50.846,5.561167753369924,15.974,1.3333,2.4146,4.206980000000001,83,6.1628
chiến lược đi,chữ S,Giá trị (max Z2),0,56.472,5.615047199178702,16.6478,1.3887599999999998,2.3444,4.27888,90,6.2044
chiến lược đi,chữ S,Giá trị (max Z2),1,56.4152,5.596671296898373,16.5778,1.3671,2.308,4.268910000000001,83,6.2222
chiến lược đi,chữ S,Giá trị (max Z2),2,56.7284,5.651602325575536,16.7372,1.39,2.3544,4.32088,84,6.2962
chiến lược đi,chữ S,Giá trị (max Z2),3,56.2464,5.5645779764797805,16.4958,1.33902,2.2714,4.19505,83,6.1386
chiến lược đi,chữ S,Giá trị (max Z2),4,56.7012,5.6508858238096185,16.7382,1.3869,2.3402,4.304290000000001,88,6.245
chiến lược đi,chữ S,Giá trị (max Z2),5,56.4412,5.60588886535207,16.5902,1.3660900000000002,2.3098,4.24185,88,6.1748
chiến lược đi,chữ S,Giá trị (max Z2),6,56.5332,5.616761803456794,16.6264,1.371,2.3196,4.24591,80,6.1912
chiến lược đi,chữ S,Giá trị (max Z2),7,56.2092,5.578426770786128,16.5042,1.35589,2.2978,4.22611,87,6.1564
chiến lược đi,chữ S,Giá trị (max Z2),8,56.6652,5.632011941499073,16.6654,1.3762299999999998,2.3246,4.28843,88,6.2472
chiến lược đi,chữ S,Giá trị (max Z2),9,56.2396,5.595925285838501,16.5168,1.3741700000000001,2.319,4.24785,81,6.1628
chiến lược đi,hỗn hợp 70/30,Hiện trạng,0,47.1904,4.7174798529206745,14.8938,0.8076300000000001,1.5994,3.69775,70,6.2044
chiến lược đi,hỗn hợp 70/30,Hiện trạng,1,46.9648,4.725216710801344,14.915,0.81394,1.6026,3.71575,77,6.2222
chiến lược đi,hỗn hợp 70/30,Hiện trạng,2,47.2148,4.751864920801898,15.0192,0.81218,1.6034,3.74306,71,6.2962
chiến lược đi,hỗn hợp 70/30,Hiện trạng,3,46.6052,4.6302987310678825,14.6602,0.77605,1.5372,3.63208,74,6.1386
chiến lược đi,hỗn hợp 70/30,Hiện trạng,4,47.068,4.751398746298454,15.0168,0.81214,1.596,3.7295300000000005,79,6.245
chiến lược đi,hỗn hợp 70/30,Hiện trạng,5,46.8864,4.702239421421976,14.9206,0.80293,1.589,3.67869,84,6.1748
chiến lược đi,hỗn hợp 70/30,Hiện trạng,6,46.7736,4.68437307562894,14.8276,0.79307,1.5694,3.6679800000000005,74,6.1912
chiến lược đi,hỗn hợp 70/30,Hiện trạng,7,46.8324,4.687311093423914,14.8202,0.78065,1.5482,3.65087,73,6.1564
chiến lược đi,hỗn hợp 70/30,Hiện trạng,8,47.0556,4.744465644823562,14.9608,0.8122799999999999,1.6072,3.7244800000000002,75,6.2472
chiến lược đi,hỗn hợp 70/30,Hiện trạng,9,46.9156,4.699901785191096,14.8306,0.79432,1.5716,3.668,77,6.1628
chiến lược đi,hỗn hợp 70/30,Tiện lợi (min Z1),0,45.8952,4.347930748538945,13.0738,0.6728200000000001,1.2332,3.5629399999999993,72,6.2044
chiến lược đi,hỗn hợp 70/30,Tiện lợi (min Z1),1,45.9416,4.365390347917887,13.1312,0.6657800000000001,1.2206,3.56759,79,6.2222
chiến lược đi,hỗn hợp 70/30,Tiện lợi (min Z1),2,46.1388,4.419329860427089,13.232,0.69147,1.2652,3.62235,77,6.2962
chiến lược đi,hỗn hợp 70/30,Tiện lợi (min Z1),3,45.5692,4.333983883979237,13.0176,0.6616200000000001,1.2184,3.51765,74,6.1386
chiến lược đi,hỗn hợp 70/30,Tiện lợi (min Z1),4,45.974,4.395036656969334,13.168,0.67276,1.2392,3.59015,84,6.245
chiến lược đi,hỗn hợp 70/30,Tiện lợi (min Z1),5,45.7024,4.350467886772361,13.0318,0.6671600000000001,1.2358,3.5429199999999996,71,6.1748
chiến lược đi,hỗn hợp 70/30,Tiện lợi (min Z1),6,45.774,4.343613881750762,13.1008,0.6686200000000001,1.2226,3.5435300000000005,76,6.1912
chiến lược đi,hỗn hợp 70/30,Tiện lợi (min Z1),7,45.7616,4.342286218581555,13.062,0.6688700000000001,1.2252,3.5390900000000003,79,6.1564
chiến lược đi,hỗn hợp 70/30,Tiện lợi (min Z1),8,46.1176,4.387790794635401,13.161,0.67264,1.2404,3.5848400000000002,87,6.2472
chiến lược đi,hỗn hợp 70/30,Tiện lợi (min Z1),9,45.7668,4.34132175002805,13.0504,0.6883600000000001,1.2656,3.562040000000001,87,6.1628
chiến lược đi,hỗn hợp 70/30,Cân bằng (điểm gối),0,46.454,4.786456980477202,13.749,0.9517200000000001,1.7478,3.8418399999999995,88,6.2044
chiến lược đi,hỗn hợp 70/30,Cân bằng (điểm gối),1,46.6064,4.792581629227443,13.7708,0.9542,1.751,3.85601,89,6.2222
chiến lược đi,hỗn hợp 70/30,Cân bằng (điểm gối),2,46.6276,4.827926985716121,13.8194,0.9417099999999998,1.734,3.87259,80,6.2962
chiến lược đi,hỗn hợp 70/30,Cân bằng (điểm gối),3,46.1744,4.757065390039365,13.6578,0.9539200000000001,1.7536,3.80995,83,6.1386
chiến lược đi,hỗn hợp 70/30,Cân bằng (điểm gối),4,46.5776,4.799475515820042,13.736,0.94895,1.746,3.86634,84,6.245
chiến lược đi,hỗn hợp 70/30,Cân bằng (điểm gối),5,46.428,4.766486500758006,13.6498,0.9396,1.7278,3.8153599999999996,86,6.1748
chiến lược đi,hỗn hợp 70/30,Cân bằng (điểm gối),6,46.3664,4.758155392028421,13.666,0.9282399999999997,1.71,3.80315,82,6.1912
chiến lược đi,hỗn hợp 70/30,Cân bằng (điểm gối),7,46.3912,4.772460743666846,13.6792,0.93994,1.7348,3.8101600000000007,83,6.1564
chiến lược đi,hỗn hợp 70/30,Cân bằng (điểm gối),8,46.7468,4.825947342183712,13.808,0.9507200000000001,1.7516,3.86292,86,6.2472
chiến lược đi,hỗn hợp 70/30,Cân bằng (điểm gối),9,46.378,4.745290874707358,13.614,0.9484299999999999,1.7404,3.822110000000001,83,6.1628
chiến lược đi,hỗn hợp 70/30,Giá trị (max Z2),0,50.404,4.7426168671483655,13.9026,0.9284600000000001,1.6176,3.8185800000000003,92,6.2044
chiến lược đi,hỗn hợp 70/30,Giá trị (max Z2),1,50.5676,4.764769390908427,13.9426,0.9353199999999999,1.6254,3.83713,90,6.2222
chiến lược đi,hỗn hợp 70/30,Giá trị (max Z2),2,50.7428,4.778752342318035,13.9686,0.9345700000000001,1.6174,3.86545,88,6.2962
chiến lược đi,hỗn hợp 70/30,Giá trị (max Z2),3,50.1528,4.689136051942784,13.7414,0.9286200000000001,1.6128,3.78465,86,6.1386
chiến lược đi,hỗn hợp 70/30,Giá trị (max Z2),4,50.5088,4.756050509237659,13.9104,0.9178299999999999,1.5988,3.8352199999999996,92,6.245
chiến lược đi,hỗn hợp 70/30,Giá trị (max Z2),5,50.4316,4.718269043532583,13.8266,0.9175900000000001,1.5962,3.79335,87,6.1748
chiến lược đi,hỗn hợp 70/30,Giá trị (max Z2),6,50.5036,4.732852279569043,13.8878,0.90165,1.5796,3.77656,92,6.1912
chiến lược đi,hỗn hợp 70/30,Giá trị (max Z2),7,50.3404,4.712902762550018,13.7944,0.9099600000000002,1.5894,3.78018,85,6.1564
chiến lược đi,hỗn hợp 70/30,Giá trị (max Z2),8,50.6764,4.777054016029168,13.978,0.9213,1.5992,3.8335,92,6.2472
chiến lược đi,hỗn hợp 70/30,Giá trị (max Z2),9,50.296,4.697732233262045,13.7508,0.93521,1.6236,3.8088900000000003,91,6.1628
tốc độ (m/s),0.8,Hiện trạng,0,46.6088,4.852767749269712,14.6428,0.77845,1.5354,3.66857,73,6.2044
tốc độ (m/s),0.8,Hiện trạng,1,46.398,4.842543593335846,14.6644,0.8050799999999999,1.5806,3.70689,69,6.2222
tốc độ (m/s),0.8,Hiện trạng,2,46.6412,4.883105136022047,14.7712,0.79028,1.5612,3.72116,65,6.2962
tốc độ (m/s),0.8,Hiện trạng,3,46.0736,4.774523947670132,14.4408,0.76132,1.505,3.61735,70,6.1386
tốc độ (m/s),0.8,Hiện trạng,4,46.5552,4.890499078319446,14.7808,0.78527,1.5558,3.7026600000000007,65,6.245
tốc độ (m/s),0.8,Hiện trạng,5,46.3316,4.841736825277669,14.6778,0.7794,1.5402,3.6551600000000004,73,6.1748
tốc độ (m/s),0.8,Hiện trạng,6,46.2616,4.822517966552334,14.609,0.77689,1.539,3.6518,69,6.1912
tốc độ (m/s),0.8,Hiện trạng,7,46.3132,4.8218629707050535,14.6008,0.78167,1.5512,3.6518900000000003,78,6.1564
tốc độ (m/s),0.8,Hiện trạng,8,46.4936,4.882382509607981,14.7382,0.78841,1.5524,3.7006100000000006,72,6.2472
tốc độ (m/s),0.8,Hiện trạng,9,46.3248,4.837612795709826,14.5646,0.79598,1.5626,3.66966,68,6.1628
tốc độ (m/s),0.8,Tiện lợi (min Z1),0,44.2728,4.373583985321579,12.2822,0.61843,1.1412,3.50855,78,6.2044
tốc độ (m/s),0.8,Tiện lợi (min Z1),1,44.3912,4.372604497773078,12.375,0.61227,1.1258,3.5140800000000003,85,6.2222
tốc độ (m/s),0.8,Tiện lợi (min Z1),2,44.5704,4.418438558356107,12.424,0.63215,1.1704,3.5630300000000004,78,6.2962
tốc độ (m/s),0.8,Tiện lợi (min Z1),3,44.0736,4.3354414567199795,12.232,0.60472,1.1228,3.46075,76,6.1386
tốc độ (m/s),0.8,Tiện lợi (min Z1),4,44.4088,4.40731229448615,12.3786,0.61819,1.1414,3.5355800000000004,68,6.245
tốc độ (m/s),0.8,Tiện lợi (min Z1),5,44.1232,4.359777570472011,12.2552,0.6124900000000001,1.1358,3.48825,72,6.1748
tốc độ (m/s),0.8,Tiện lợi (min Z1),6,44.2904,4.358796868065227,12.3212,0.61061,1.122,3.4855199999999997,86,6.1912
tốc độ (m/s),0.8,Tiện lợi (min Z1),7,44.1384,4.352338346841626,12.2422,0.6182,1.139,3.4884200000000005,78,6.1564
tốc độ (m/s),0.8,Tiện lợi (min Z1),8,44.5172,4.397896212466224,12.3786,0.62362,1.145,3.5358200000000006,72,6.2472
tốc độ (m/s),0.8,Tiện lợi (min Z1),9,44.1372,4.347660824301671,12.2634,0.6108600000000001,1.1282,3.4845399999999995,79,6.1628
tốc độ (m/s),0.8,Cân bằng (điểm gối),0,44.5328,4.621455185808295,12.7252,0.77405,1.4388,3.6641700000000004,90,6.2044
tốc độ (m/s),0.8,Cân bằng (điểm gối),1,44.6196,4.619338883870834,12.7142,0.76783,1.4284,3.6696400000000002,69,6.2222
tốc độ (m/s),0.8,Cân bằng (điểm gối),2,44.7396,4.651870682118612,12.7928,0.77727,1.4442,3.70815,78,6.2962
tốc độ (m/s),0.8,Cân bằng (điểm gối),3,44.3264,4.586787293264607,12.6342,0.76411,1.424,3.62014,74,6.1386
tốc độ (m/s),0.8,Cân bằng (điểm gối),4,44.6656,4.644072337459593,12.7296,0.78126,1.452,3.69865,76,6.245
tốc độ (m/s),0.8,Cân bằng (điểm gối),5,44.4548,4.594628122825074,12.6348,0.75455,1.3974,3.6303099999999997,88,6.1748
tốc độ (m/s),0.8,Cân bằng (điểm gối),6,44.434,4.592430401236229,12.6478,0.75213,1.3974,3.62704,84,6.1912
tốc độ (m/s),0.8,Cân bằng (điểm gối),7,44.3784,4.584317150834321,12.6016,0.74854,1.399,3.6187600000000004,83,6.1564
tốc độ (m/s),0.8,Cân bằng (điểm gối),8,44.7856,4.656327245982952,12.7796,0.76948,1.433,3.6816800000000005,79,6.2472
tốc độ (m/s),0.8,Cân bằng (điểm gối),9,44.4312,4.594299758673109,12.6098,0.7616299999999999,1.4134,3.63531,75,6.1628
tốc độ (m/s),0.8,Giá trị (max Z2),0,47.87,4.57475835226735,12.7318,0.7377100000000001,1.3156,3.6278300000000003,85,6.2044
tốc độ (m/s),0.8,Giá trị (max Z2),1,47.9296,4.5770032843566515,12.7514,0.75246,1.3312,3.65427,92,6.2222
tốc độ (m/s),0.8,Giá trị (max Z2),2,48.236,4.596615361057255,12.8022,0.73018,1.3028,3.6610600000000004,75,6.2962
tốc độ (m/s),0.8,Giá trị (max Z2),3,47.6084,4.522524473121296,12.588,0.71972,1.284,3.57575,82,6.1386
tốc độ (m/s),0.8,Giá trị (max Z2),4,47.9456,4.5854761514636655,12.7484,0.7379899999999999,1.3074,3.6553799999999996,86,6.245
tốc độ (m/s),0.8,Giá trị (max Z2),5,47.6796,4.523692521317649,12.5928,0.69896,1.2502,3.5747199999999997,84,6.1748
tốc độ (m/s),0.8,Giá trị (max Z2),6,47.888,4.554366169759439,12.6712,0.7085799999999999,1.2688,3.5834900000000003,85,6.1912
tốc độ (m/s),0.8,Giá trị (max Z2),7,47.6072,4.512067390442745,12.5644,0.71204,1.2708,3.5822600000000007,84,6.1564
tốc độ (m/s),0.8,Giá trị (max Z2),8,47.9628,4.591865028940492,12.7676,0.7305499999999999,1.304,3.64275,87,6.2472
tốc độ (m/s),0.8,Giá trị (max Z2),9,47.6912,4.529126836752578,12.5758,0.7298100000000001,1.2934,3.6034900000000003,80,6.1628
tốc độ (m/s),1.0,Hiện trạng,0,46.6088,4.658564415936379,14.6428,0.77845,1.5354,3.66857,69,6.2044
tốc độ (m/s),1.0,Hiện trạng,1,46.398,4.6492185933358465,14.6644,0.8050799999999999,1.5806,3.70689,69,6.2222
tốc độ (m/s),1.0,Hiện trạng,2,46.6412,4.688766802688714,14.7712,0.79028,1.5612,3.72116,67,6.2962
tốc độ (m/s),1.0,Hiện trạng,3,46.0736,4.582550614336798,14.4408,0.76132,1.505,3.61735,70,6.1386
tốc độ (m/s),1.0,Hiện trạng,4,46.5552,4.696519078319446,14.7808,0.78527,1.5558,3.7026600000000007,65,6.245
tốc độ (m/s),1.0,Hiện trạng,5,46.3316,4.648688491944336,14.6778,0.7794,1.5402,3.6551600000000004,77,6.1748
tốc độ (m/s),1.0,Hiện trạng,6,46.2616,4.629761299885667,14.609,0.77689,1.539,3.6518,68,6.1912
tốc độ (m/s),1.0,Hiện trạng,7,46.3132,4.628891304038387,14.6008,0.78167,1.5512,3.6518900000000003,73,6.1564
tốc độ (m/s),1.0,Hiện trạng,8,46.4936,4.688659176274649,14.7382,0.78841,1.5524,3.7006100000000006,71,6.2472
tốc độ (m/s),1.0,Hiện trạng,9,46.3248,4.644592795709826,14.5646,0.79598,1.5626,3.66966,68,6.1628
tốc độ (m/s),1.0,Tiện lợi (min Z1),0,44.2728,4.189113985321578,12.2822,0.61843,1.1412,3.50855,83,6.2044
tốc độ (m/s),1.0,Tiện lợi (min Z1),1,44.3912,4.1876411644397455,12.375,0.61227,1.1258,3.5140800000000003,84,6.2222
tốc độ (m/s),1.0,Tiện lợi (min Z1),2,44.5704,4.232728558356107,12.424,0.63215,1.1704,3.5630300000000004,79,6.2962
tốc độ (m/s),1.0,Tiện lợi (min Z1),3,44.0736,4.15180145671998,12.232,0.60472,1.1228,3.46075,81,6.1386
tốc độ (m/s),1.0,Tiện lợi (min Z1),4,44.4088,4.222275627819484,12.3786,0.61819,1.1414,3.5355800000000004,76,6.245
tốc độ (m/s),1.0,Tiện lợi (min Z1),5,44.1232,4.1759309038053445,12.2552,0.6124900000000001,1.1358,3.48825,79,6.1748
tốc độ (m/s),1.0,Tiện lợi (min Z1),6,44.2904,4.174253534731894,12.3212,0.61061,1.122,3.4855199999999997,80,6.1912
tốc độ (m/s),1.0,Tiện lợi (min Z1),7,44.1384,4.168428346841627,12.2422,0.6182,1.139,3.4884200000000005,73,6.1564
tốc độ (m/s),1.0,Tiện lợi (min Z1),8,44.5172,4.21240787913289,12.3786,0.62362,1.145,3.5358200000000006,79,6.2472
tốc độ (m/s),1.0,Tiện lợi (min Z1),9,44.1372,4.1637558243016715,12.2634,0.6108600000000001,1.1282,3.4845399999999995,76,6.1628
tốc độ (m/s),1.0,Cân bằng (điểm gối),0,44.5328,4.435901852474963,12.7252,0.77405,1.4388,3.6641700000000004,90,6.2044
tốc độ (m/s),1.0,Cân bằng (điểm gối),1,44.6196,4.433423883870835,12.7142,0.76783,1.4284,3.6696400000000002,72,6.2222
tốc độ (m/s),1.0,Cân bằng (điểm gối),2,44.7396,4.465455682118613,12.7928,0.77727,1.4442,3.70815,82,6.2962
tốc độ (m/s),1.0,Cân bằng (điểm gối),3,44.3264,4.402093959931274,12.6342,0.76411,1.424,3.62014,75,6.1386
tốc độ (m/s),1.0,Cân bằng (điểm gối),4,44.6656,4.457965670792926,12.7296,0.78126,1.452,3.69865,78,6.245
tốc độ (m/s),1.0,Cân bằng (điểm gối),5,44.4548,4.40939978949174,12.6348,0.75455,1.3974,3.6303099999999997,82,6.1748
tốc độ (m/s),1.0,Cân bằng (điểm gối),6,44.434,4.407288734569562,12.6478,0.75213,1.3974,3.62704,82,6.1912
tốc độ (m/s),1.0,Cân bằng (điểm gối),7,44.3784,4.399407150834321,12.6016,0.74854,1.399,3.6187600000000004,78,6.1564
tốc độ (m/s),1.0,Cân bằng (điểm gối),8,44.7856,4.469720579316286,12.7796,0.76948,1.433,3.6816800000000005,79,6.2472
tốc độ (m/s),1.0,Cân bằng (điểm gối),9,44.4312,4.409169758673109,12.6098,0.7616299999999999,1.4134,3.63531,81,6.1628
tốc độ (m/s),1.0,Giá trị (max Z2),0,47.87,4.375300018934016,12.7318,0.7377100000000001,1.3156,3.6278300000000003,90,6.2044
tốc độ (m/s),1.0,Giá trị (max Z2),1,47.9296,4.377296617689985,12.7514,0.75246,1.3312,3.65427,91,6.2222
tốc độ (m/s),1.0,Giá trị (max Z2),2,48.236,4.395632027723921,12.8022,0.73018,1.3028,3.6610600000000004,77,6.2962
tốc độ (m/s),1.0,Giá trị (max Z2),3,47.6084,4.324156139787963,12.588,0.71972,1.284,3.57575,79,6.1386
tốc độ (m/s),1.0,Giá trị (max Z2),4,47.9456,4.385702818130333,12.7484,0.7379899999999999,1.3074,3.6553799999999996,88,6.245
tốc độ (m/s),1.0,Giá trị (max Z2),5,47.6796,4.325027521317649,12.5928,0.69896,1.2502,3.5747199999999997,80,6.1748
tốc độ (m/s),1.0,Giá trị (max Z2),6,47.888,4.354832836426104,12.6712,0.7085799999999999,1.2688,3.5834900000000003,86,6.1912
tốc độ (m/s),1.0,Giá trị (max Z2),7,47.6072,4.313704057109412,12.5644,0.71204,1.2708,3.5822600000000007,83,6.1564
tốc độ (m/s),1.0,Giá trị (max Z2),8,47.9628,4.392020028940491,12.7676,0.7305499999999999,1.304,3.64275,83,6.2472
tốc độ (m/s),1.0,Giá trị (max Z2),9,47.6912,4.330413503419244,12.5758,0.7298100000000001,1.2934,3.6034900000000003,81,6.1628
tốc độ (m/s),1.2,Hiện trạng,0,46.6088,4.529095527047489,14.6428,0.77845,1.5354,3.66857,75,6.2044
tốc độ (m/s),1.2,Hiện trạng,1,46.398,4.520335260002513,14.6644,0.8050799999999999,1.5806,3.70689,69,6.2222
tốc độ (m/s),1.2,Hiện trạng,2,46.6412,4.559207913799825,14.7712,0.79028,1.5612,3.72116,65,6.2962
tốc độ (m/s),1.2,Hiện trạng,3,46.0736,4.454568392114576,14.4408,0.76132,1.505,3.61735,69,6.1386
tốc độ (m/s),1.2,Hiện trạng,4,46.5552,4.567199078319446,14.7808,0.78527,1.5558,3.7026600000000007,69,6.245
tốc độ (m/s),1.2,Hiện trạng,5,46.3316,4.519989603055447,14.6778,0.7794,1.5402,3.6551600000000004,78,6.1748
tốc độ (m/s),1.2,Hiện trạng,6,46.2616,4.501256855441223,14.609,0.77689,1.539,3.6518,70,6.1912
tốc độ (m/s),1.2,Hiện trạng,7,46.3132,4.500243526260609,14.6008,0.78167,1.5512,3.6518900000000003,75,6.1564
tốc độ (m/s),1.2,Hiện trạng,8,46.4936,4.55951028738576,14.7382,0.78841,1.5524,3.7006100000000006,71,6.2472
tốc độ (m/s),1.2,Hiện trạng,9,46.3248,4.515912795709826,14.5646,0.79598,1.5626,3.66966,73,6.1628
tốc độ (m/s),1.2,Tiện lợi (min Z1),0,44.2728,4.066133985321579,12.2822,0.61843,1.1412,3.50855,82,6.2044
tốc độ (m/s),1.2,Tiện lợi (min Z1),1,44.3912,4.064332275550856,12.375,0.61227,1.1258,3.5140800000000003,86,6.2222
tốc độ (m/s),1.2,Tiện lợi (min Z1),2,44.5704,4.10892189168944,12.424,0.63215,1.1704,3.5630300000000004,79,6.2962
tốc độ (m/s),1.2,Tiện lợi (min Z1),3,44.0736,4.029374790053314,12.232,0.60472,1.1228,3.46075,79,6.1386
tốc độ (m/s),1.2,Tiện lợi (min Z1),4,44.4088,4.0989178500417065,12.3786,0.61819,1.1414,3.5355800000000004,78,6.245
tốc độ (m/s),1.2,Tiện lợi (min Z1),5,44.1232,4.053366459360899,12.2552,0.6124900000000001,1.1358,3.48825,73,6.1748
tốc độ (m/s),1.2,Tiện lợi (min Z1),6,44.2904,4.051224645843004,12.3212,0.61061,1.122,3.4855199999999997,77,6.1912
tốc độ (m/s),1.2,Tiện lợi (min Z1),7,44.1384,4.04582168017496,12.2422,0.6182,1.139,3.4884200000000005,79,6.1564
tốc độ (m/s),1.2,Tiện lợi (min Z1),8,44.5172,4.088748990244,12.3786,0.62362,1.145,3.5358200000000006,79,6.2472
tốc độ (m/s),1.2,Tiện lợi (min Z1),9,44.1372,4.041152490968338,12.2634,0.6108600000000001,1.1282,3.4845399999999995,70,6.1628
tốc độ (m/s),1.2,Cân bằng (điểm gối),0,44.5328,4.31219963025274,12.7252,0.77405,1.4388,3.6641700000000004,83,6.2044
tốc độ (m/s),1.2,Cân bằng (điểm gối),1,44.6196,4.309480550537502,12.7142,0.76783,1.4284,3.6696400000000002,78,6.2222
tốc độ (m/s),1.2,Cân bằng (điểm gối),2,44.7396,4.341179015451946,12.7928,0.77727,1.4442,3.70815,82,6.2962
tốc độ (m/s),1.2,Cân bằng (điểm gối),3,44.3264,4.278965071042386,12.6342,0.76411,1.424,3.62014,78,6.1386
tốc độ (m/s),1.2,Cân bằng (điểm gối),4,44.6656,4.333894559681815,12.7296,0.78126,1.452,3.69865,79,6.245
tốc độ (m/s),1.2,Cân bằng (điểm gối),5,44.4548,4.285914233936184,12.6348,0.75455,1.3974,3.6303099999999997,78,6.1748
tốc độ (m/s),1.2,Cân bằng (điểm gối),6,44.434,4.283860956791785,12.6478,0.75213,1.3974,3.62704,84,6.1912
tốc độ (m/s),1.2,Cân bằng (điểm gối),7,44.3784,4.2761338175009875,12.6016,0.74854,1.399,3.6187600000000004,85,6.1564
tốc độ (m/s),1.2,Cân bằng (điểm gối),8,44.7856,4.345316134871842,12.7796,0.76948,1.433,3.6816800000000005,80,6.2472
tốc độ (m/s),1.2,Cân bằng (điểm gối),9,44.4312,4.285749758673108,12.6098,0.7616299999999999,1.4134,3.63531,80,6.1628
tốc độ (m/s),1.2,Giá trị (max Z2),0,47.87,4.242327796711795,12.7318,0.7377100000000001,1.3156,3.6278300000000003,84,6.2044
tốc độ (m/s),1.2,Giá trị (max Z2),1,47.9296,4.244158839912206,12.7514,0.75246,1.3312,3.65427,93,6.2222
tốc độ (m/s),1.2,Giá trị (max Z2),2,48.236,4.261643138835033,12.8022,0.73018,1.3028,3.6610600000000004,79,6.2962
tốc độ (m/s),1.2,Giá trị (max Z2),3,47.6084,4.191910584232407,12.588,0.71972,1.284,3.57575,86,6.1386
tốc độ (m/s),1.2,Giá trị (max Z2),4,47.9456,4.25252059590811,12.7484,0.7379899999999999,1.3074,3.6553799999999996,91,6.245
tốc độ (m/s),1.2,Giá trị (max Z2),5,47.6796,4.192584187984316,12.5928,0.69896,1.2502,3.5747199999999997,83,6.1748
tốc độ (m/s),1.2,Giá trị (max Z2),6,47.888,4.221810614203883,12.6712,0.7085799999999999,1.2688,3.5834900000000003,85,6.1912
tốc độ (m/s),1.2,Giá trị (max Z2),7,47.6072,4.181461834887189,12.5644,0.71204,1.2708,3.5822600000000007,90,6.1564
tốc độ (m/s),1.2,Giá trị (max Z2),8,47.9628,4.258790028940491,12.7676,0.7305499999999999,1.304,3.64275,87,6.2472
tốc độ (m/s),1.2,Giá trị (max Z2),9,47.6912,4.1979379478636885,12.5758,0.7298100000000001,1.2934,3.6034900000000003,76,6.1628
