factor,value,plan,distance_m,trip_time_min,exposed_slots,impulse_revenue,impulse_items,basket_value,congestion_cells,distance_m_vs_current_pct,basket_value_vs_current_pct,impulse_revenue_vs_current_pct
λ (hệ số),×0.5,Hiện trạng,46.40016,4.651621257247005,14.64904,0.46786700000000003,0.9197599999999999,3.3581670000000003,69.7,0.0,0.0,0.0
λ (hệ số),×0.5,Tiện lợi (min Z1),44.292320000000004,4.187833728147032,12.31524,0.373258,0.68238,3.2635579999999997,79.0,-4.542742956058763,-2.81728097500811,-20.221344954869664
λ (hệ số),×0.5,Cân bằng (điểm gối),44.5368,4.428982706207362,12.68696,0.46640800000000004,0.8635999999999999,3.356708,79.9,-4.01584822121303,-0.0434463205671589,-0.31184075816417656
λ (hệ số),×0.5,Giá trị (max Z2),47.841840000000005,4.357408556947911,12.679359999999999,0.43810000000000004,0.77728,3.3284,83.8,3.1070582515232816,-0.8864061852790686,-6.36227816879583
λ (hệ số),×1,Hiện trạng,46.40016,4.651621257247005,14.64904,0.7842749999999999,1.54834,3.674575,69.7,0.0,0.0,0.0
λ (hệ số),×1,Tiện lợi (min Z1),44.292320000000004,4.187833728147032,12.31524,0.6161540000000001,1.1371600000000002,3.506454,79.0,-4.542742956058763,-4.575250199002598,-21.436485926492605
λ (hệ số),×1,Cân bằng (điểm gối),44.5368,4.428982706207362,12.68696,0.765085,1.4227599999999998,3.6553850000000003,79.9,-4.01584822121303,-0.5222372655340984,-2.4468458130120085
λ (hệ số),×1,Giá trị (max Z2),47.841840000000005,4.357408556947911,12.679359999999999,0.7258,1.29282,3.6161000000000003,83.8,3.1070582515232816,-1.5913404951592935,-7.455930636575175
λ (hệ số),×1.5,Hiện trạng,46.40016,4.651621257247005,14.64904,1.007127,1.9959,3.8974269999999995,69.7,0.0,0.0,0.0
λ (hệ số),×1.5,Tiện lợi (min Z1),44.292320000000004,4.187833728147032,12.31524,0.78513,1.45798,3.67543,79.0,-4.542742956058763,-5.695988661237262,-22.04260237288843
λ (hệ số),×1.5,Cân bằng (điểm gối),44.5368,4.428982706207362,12.68696,0.96506,1.8022199999999997,3.85536,79.9,-4.01584822121303,-1.0793531219442831,-4.176931012672689
λ (hệ số),×1.5,Giá trị (max Z2),47.841840000000005,4.357408556947911,12.679359999999999,0.928007,1.6590399999999998,3.818307,83.8,3.1070582515232816,-2.0300572659859863,-7.856010215196303
p_i,−50%,Hiện trạng,46.40016,4.651621257247005,14.64904,0.392324,0.77462,3.2826239999999998,69.7,0.0,0.0,0.0
p_i,−50%,Tiện lợi (min Z1),44.292320000000004,4.187833728147032,12.31524,0.310018,0.57096,3.200318,79.0,-4.542742956058763,-2.5073234095650174,-20.979088712390777
p_i,−50%,Cân bằng (điểm gối),44.5368,4.428982706207362,12.68696,0.382252,0.71168,3.272552,79.9,-4.01584822121303,-0.30682770856484437,-2.5672658313027052
p_i,−50%,Giá trị (max Z2),47.841840000000005,4.357408556947911,12.679359999999999,0.364362,0.6493599999999999,3.2546620000000006,83.8,3.1070582515232816,-0.8518185451638433,-7.127272356521647
p_i,gốc,Hiện trạng,46.40016,4.651621257247005,14.64904,0.7842749999999999,1.54834,3.674575,69.7,0.0,0.0,0.0
p_i,gốc,Tiện lợi (min Z1),44.292320000000004,4.187833728147032,12.31524,0.6161540000000001,1.1371600000000002,3.506454,79.0,-4.542742956058763,-4.575250199002598,-21.436485926492605
p_i,gốc,Cân bằng (điểm gối),44.5368,4.428982706207362,12.68696,0.765085,1.4227599999999998,3.6553850000000003,79.9,-4.01584822121303,-0.5222372655340984,-2.4468458130120085
p_i,gốc,Giá trị (max Z2),47.841840000000005,4.357408556947911,12.679359999999999,0.7258,1.29282,3.6161000000000003,83.8,3.1070582515232816,-1.5913404951592935,-7.455930636575175
p_i,+50%,Hiện trạng,46.40016,4.651621257247005,14.64904,1.158235,2.28688,4.048534999999999,69.7,0.0,0.0,0.0
p_i,+50%,Tiện lợi (min Z1),44.292320000000004,4.187833728147032,12.31524,0.913776,1.6885000000000001,3.804076,79.0,-4.542742956058763,-6.0382088829662965,-21.10616584717263
p_i,+50%,Cân bằng (điểm gối),44.5368,4.428982706207362,12.68696,1.114663,2.07422,4.004963,79.9,-4.01584822121303,-1.0762411588389205,-3.7619308689514606
p_i,+50%,Giá trị (max Z2),47.841840000000005,4.357408556947911,12.679359999999999,1.073386,1.9112200000000001,3.963686,83.8,3.1070582515232816,-2.0957951456514343,-7.3257154204457615
chiến lược đi,tsp,Hiện trạng,46.40016,4.651621257247005,14.64904,0.7842749999999999,1.54834,3.674575,69.7,0.0,0.0,0.0
chiến lược đi,tsp,Tiện lợi (min Z1),44.292320000000004,4.187833728147032,12.31524,0.6161540000000001,1.1371600000000002,3.506454,79.0,-4.542742956058763,-4.575250199002598,-21.436485926492605
chiến lược đi,tsp,Cân bằng (điểm gối),44.5368,4.428982706207362,12.68696,0.765085,1.4227599999999998,3.6553850000000003,79.9,-4.01584822121303,-0.5222372655340984,-2.4468458130120085
chiến lược đi,tsp,Giá trị (max Z2),47.841840000000005,4.357408556947911,12.679359999999999,0.7258,1.29282,3.6161000000000003,83.8,3.1070582515232816,-1.5913404951592935,-7.455930636575175
chiến lược đi,chữ S,Hiện trạng,48.15572,4.843566463487635,15.407419999999998,0.849394,1.68004,3.739694,79.6,0.0,0.0,0.0
chiến lược đi,chữ S,Tiện lợi (min Z1),49.45332,4.761242901807629,14.90846,0.793048,1.4518,3.683348,75.1,2.694591628990275,-1.5067008156282307,-6.633670593387757
chiến lược đi,chữ S,Cân bằng (điểm gối),50.9724,5.601327915682438,16.08596,1.339747,2.4286000000000003,4.230047000000001,78.6,5.849107852608159,13.112115590206063,57.729746148430536
chiến lược đi,chữ S,Giá trị (max Z2),56.465160000000004,5.610779928887458,16.60998,1.3715160000000002,2.31892,4.2618160000000005,85.2,17.255354088776997,13.961623598080495,61.469942099897125
chiến lược đi,hỗn hợp 70/30,Hiện trạng,46.95068,4.709454998237974,14.88648,0.8005190000000001,1.5824,3.6908190000000003,75.4,0.0,0.0,0.0
chiến lược đi,hỗn hợp 70/30,Tiện lợi (min Z1),45.86412,4.362715202960063,13.102859999999998,0.6730100000000001,1.2366199999999998,3.56331,78.6,-2.314258281243208,-3.454761666719509,-15.928291520875828
chiến lược đi,hỗn hợp 70/30,Cân bằng (điểm gối),46.47504,4.783184735462451,13.715,0.945743,1.7396999999999998,3.836043,84.4,-1.0130630695870615,3.9347364365470043,18.141230876468878
chiến lược đi,hỗn hợp 70/30,Giá trị (max Z2),50.4624,4.737013549649813,13.870320000000001,0.9230510000000001,1.6059999999999999,3.813351,89.5,7.479593479796254,3.3199135476434805,15.306569862801503
tốc độ (m/s),0.8,Hiện trạng,46.40016,4.844955257247005,14.64904,0.7842749999999999,1.54834,3.674575,70.2,0.0,0.0,0.0
tốc độ (m/s),0.8,Tiện lợi (min Z1),44.292320000000004,4.372385061480365,12.31524,0.6161540000000001,1.1371600000000002,3.506454,77.2,-4.542742956058763,-4.575250199002598,-21.436485926492605
tốc độ (m/s),0.8,Cân bằng (điểm gối),44.5368,4.614552706207363,12.68696,0.765085,1.4227599999999998,3.6553850000000003,79.6,-4.01584822121303,-0.5222372655340984,-2.4468458130120085
tốc độ (m/s),0.8,Giá trị (max Z2),47.841840000000005,4.556749556947912,12.679359999999999,0.7258,1.29282,3.6161000000000003,84.0,3.1070582515232816,-1.5913404951592935,-7.455930636575175
tốc độ (m/s),1.0,Hiện trạng,46.40016,4.651621257247005,14.64904,0.7842749999999999,1.54834,3.674575,69.7,0.0,0.0,0.0
tốc độ (m/s),1.0,Tiện lợi (min Z1),44.292320000000004,4.187833728147032,12.31524,0.6161540000000001,1.1371600000000002,3.506454,79.0,-4.542742956058763,-4.575250199002598,-21.436485926492605
tốc độ (m/s),1.0,Cân bằng (điểm gối),44.5368,4.428982706207362,12.68696,0.765085,1.4227599999999998,3.6553850000000003,79.9,-4.01584822121303,-0.5222372655340984,-2.4468458130120085
tốc độ (m/s),1.0,Giá trị (max Z2),47.841840000000005,4.357408556947911,12.679359999999999,0.7258,1.29282,3.6161000000000003,83.8,3.1070582515232816,-1.5913404951592935,-7.455930636575175
tốc độ (m/s),1.2,Hiện trạng,46.40016,4.522731923913671,14.64904,0.7842749999999999,1.54834,3.674575,71.4,0.0,0.0,0.0
tốc độ (m/s),1.2,Tiện lợi (min Z1),44.292320000000004,4.064799505924809,12.31524,0.6161540000000001,1.1371600000000002,3.506454,78.2,-4.542742956058763,-4.575250199002598,-21.436485926492605
tốc độ (m/s),1.2,Cân bằng (điểm gối),44.5368,4.305269372874029,12.68696,0.765085,1.4227599999999998,3.6553850000000003,80.7,-4.01584822121303,-0.5222372655340984,-2.4468458130120085
tốc độ (m/s),1.2,Giá trị (max Z2),47.841840000000005,4.224514556947912,12.679359999999999,0.7258,1.29282,3.6161000000000003,85.4,3.1070582515232816,-1.5913404951592935,-7.455930636575175
